,symptom_1,symptom_2,symptom_3,symptom_4,symptom_5,symptom_6,symptom_7,symptom_8,symptom_9,symptom_10,symptom_11,symptom_12,symptom_13,symptom_14,symptom_15,symptom_16,symptom_17,Disease
3299,joint pain,vomiting,yellowish skin,dark urine,nausea,loss of appetite,abdominal pain,diarrhoea,mild fever,yellowing of eyes,muscle pain,none,none,none,none,none,none,hepatitis A
4685,acidity,indigestion,headache,blurred and distorted vision,excessive hunger,stiff neck,depression,irritability,visual disturbances,none,none,none,none,none,none,none,none,Migraine
1589,muscle weakness,stiff neck,swelling joints,movement stiffness,painful walking,none,none,none,none,none,none,none,none,none,none,none,none,Arthritis
945,back pain,weakness in limbs,neck pain,loss of balance,none,none,none,none,none,none,none,none,none,none,none,none,none,Cervical spondylosis
1706,muscle wasting,patches in throat,high fever,extra marital contacts,none,none,none,none,none,none,none,none,none,none,none,none,none,AIDS
522,acidity,headache,blurred and distorted vision,excessive hunger,stiff neck,depression,irritability,visual disturbances,none,none,none,none,none,none,none,none,none,Migraine
2216,itching,skin rash,fatigue,lethargy,high fever,loss of appetite,mild fever,swelled lymph nodes,malaise,red spots over body,none,none,none,none,none,none,none,Chicken pox
413,itching,skin rash,dischromic  patches,none,none,none,none,none,none,none,none,none,none,none,none,none,none,Fungal infection
1979,vomiting,fatigue,anxiety,sweating,headache,nausea,excessive hunger,drying and tingling lips,slurred speech,irritability,palpitations,none,none,none,none,none,none,Hypoglycemia
930,acidity,indigestion,headache,blurred and distorted vision,excessive hunger,stiff neck,depression,irritability,visual disturbances,none,none,none,none,none,none,none,none,Migraine
1443,fatigue,nausea,loss of appetite,yellowing of eyes,family history,none,none,none,none,none,none,none,none,none,none,none,none,Hepatitis C
4408,fatigue,yellowish skin,nausea,loss of appetite,yellowing of eyes,family history,none,none,none,none,none,none,none,none,none,none,none,Hepatitis C
2965,vomiting,headache,weakness of one body side,altered sensorium,none,none,none,none,none,none,none,none,none,none,none,none,none,Paralysis (brain hemorrhage)
408,skin rash,high fever,blister,red sore around nose,yellow crust ooze,none,none,none,none,none,none,none,none,none,none,none,none,Impetigo
514,headache,chest pain,dizziness,lack of concentration,none,none,none,none,none,none,none,none,none,none,none,none,none,Hypertension
4821,vomiting,yellowish skin,abdominal pain,swelling of stomach,distention of abdomen,history of alcohol consumption,fluid overload,none,none,none,none,none,none,none,none,none,none,Alcoholic hepatitis
175,skin rash,joint pain,vomiting,fatigue,high fever,headache,nausea,loss of appetite,pain behind the eyes,back pain,malaise,muscle pain,red spots over body,none,none,none,none,Dengue
4598,muscle wasting,patches in throat,high fever,extra marital contacts,none,none,none,none,none,none,none,none,none,none,none,none,none,AIDS
482,weight loss,restlessness,lethargy,irregular sugar level,blurred and distorted vision,obesity,excessive hunger,increased appetite,polyuria,none,none,none,none,none,none,none,none,Diabetes
3974,burning micturition,bladder discomfort,foul smell of urine,continuous feel of urine,none,none,none,none,none,none,none,none,none,none,none,none,none,Urinary tract infection
4411,vomiting,yellowish skin,abdominal pain,swelling of stomach,distention of abdomen,history of alcohol consumption,fluid overload,none,none,none,none,none,none,none,none,none,none,Alcoholic hepatitis
3615,fatigue,weight loss,restlessness,lethargy,irregular sugar level,blurred and distorted vision,obesity,excessive hunger,increased appetite,polyuria,none,none,none,none,none,none,none,Diabetes
1697,vomiting,indigestion,loss of appetite,abdominal pain,passage of gases,none,none,none,none,none,none,none,none,none,none,none,none,Peptic ulcer diseae
1787,itching,vomiting,fatigue,weight loss,high fever,dark urine,abdominal pain,none,none,none,none,none,none,none,none,none,none,Jaundice
4344,skin rash,joint pain,skin peeling,silver like dusting,small dents in nails,inflammatory nails,none,none,none,none,none,none,none,none,none,none,none,Psoriasis
1005,chills,vomiting,fatigue,high fever,headache,nausea,constipation,abdominal pain,diarrhoea,belly pain,none,none,none,none,none,none,none,Typhoid
359,muscle weakness,stiff neck,swelling joints,movement stiffness,painful walking,none,none,none,none,none,none,none,none,none,none,none,none,Arthritis
3331,headache,chest pain,dizziness,loss of balance,lack of concentration,none,none,none,none,none,none,none,none,none,none,none,none,Hypertension
613,itching,lethargy,yellowish skin,dark urine,loss of appetite,abdominal pain,yellow urine,yellowing of eyes,malaise,receiving blood transfusion,receiving unsterile injections,none,none,none,none,none,none,Hepatitis B
3610,stomach pain,acidity,ulcers on tongue,vomiting,cough,chest pain,none,none,none,none,none,none,none,none,none,none,none,GERD
3655,muscle wasting,patches in throat,high fever,extra marital contacts,none,none,none,none,none,none,none,none,none,none,none,none,none,AIDS
1085,continuous sneezing,chills,fatigue,high fever,headache,swelled lymph nodes,malaise,phlegm,throat irritation,redness of eyes,sinus pressure,runny nose,congestion,chest pain,loss of smell,muscle pain,none,Common Cold
1615,burning micturition,bladder discomfort,foul smell of urine,none,none,none,none,none,none,none,none,none,none,none,none,none,none,Urinary tract infection
25,stomach pain,acidity,ulcers on tongue,vomiting,cough,none,none,none,none,none,none,none,none,none,none,none,none,GERD
1155,vomiting,fatigue,sweating,headache,nausea,blurred and distorted vision,excessive hunger,drying and tingling lips,slurred speech,irritability,palpitations,none,none,none,none,none,none,Hypoglycemia
2240,joint pain,vomiting,yellowish skin,dark urine,nausea,loss of appetite,abdominal pain,diarrhoea,mild fever,yellowing of eyes,muscle pain,none,none,none,none,none,none,hepatitis A
3000,fatigue,weight loss,restlessness,lethargy,irregular sugar level,blurred and distorted vision,obesity,excessive hunger,increased appetite,polyuria,none,none,none,none,none,none,none,Diabetes
661,chills,vomiting,fatigue,weight loss,cough,high fever,breathlessness,sweating,loss of appetite,mild fever,yellowing of eyes,swelled lymph nodes,malaise,phlegm,chest pain,blood in sputum,none,Tuberculosis
3125,fatigue,cough,high fever,breathlessness,family history,mucoid sputum,none,none,none,none,none,none,none,none,none,none,none,Bronchial Asthma
663,chills,fatigue,weight loss,cough,high fever,breathlessness,sweating,loss of appetite,mild fever,yellowing of eyes,swelled lymph nodes,malaise,phlegm,chest pain,blood in sputum,none,none,Tuberculosis
1214,skin rash,joint pain,silver like dusting,small dents in nails,inflammatory nails,none,none,none,none,none,none,none,none,none,none,none,none,Psoriasis
671,continuous sneezing,chills,fatigue,cough,high fever,headache,swelled lymph nodes,malaise,phlegm,throat irritation,redness of eyes,sinus pressure,runny nose,congestion,chest pain,loss of smell,muscle pain,Common Cold
1759,acidity,indigestion,headache,blurred and distorted vision,excessive hunger,stiff neck,depression,irritability,none,none,none,none,none,none,none,none,none,Migraine
1448,fatigue,yellowish skin,nausea,loss of appetite,yellowing of eyes,family history,none,none,none,none,none,none,none,none,none,none,none,Hepatitis C
648,joint pain,vomiting,fatigue,high fever,yellowish skin,nausea,loss of appetite,abdominal pain,yellowing of eyes,acute liver failure,coma,stomach bleeding,none,none,none,none,none,Hepatitis E
3706,itching,skin rash,fatigue,lethargy,high fever,headache,loss of appetite,mild fever,swelled lymph nodes,malaise,red spots over body,none,none,none,none,none,none,Chicken pox
130,vomiting,headache,weakness of one body side,altered sensorium,none,none,none,none,none,none,none,none,none,none,none,none,none,Paralysis (brain hemorrhage)
144,itching,vomiting,weight loss,high fever,yellowish skin,dark urine,abdominal pain,none,none,none,none,none,none,none,none,none,none,Jaundice
1531,fatigue,cramps,bruising,obesity,swollen legs,swollen blood vessels,prominent veins on calf,none,none,none,none,none,none,none,none,none,none,Varicose veins
2935,vomiting,yellowish skin,abdominal pain,swelling of stomach,distention of abdomen,history of alcohol consumption,fluid overload,none,none,none,none,none,none,none,none,none,none,Alcoholic hepatitis
3938,stomach pain,acidity,ulcers on tongue,vomiting,cough,chest pain,none,none,none,none,none,none,none,none,none,none,none,GERD
120,back pain,weakness in limbs,neck pain,dizziness,loss of balance,none,none,none,none,none,none,none,none,none,none,none,none,Cervical spondylosis
17,continuous sneezing,shivering,watering from eyes,none,none,none,none,none,none,none,none,none,none,none,none,none,none,Allergy
1271,itching,stomach pain,burning micturition,spotting  urination,none,none,none,none,none,none,none,none,none,none,none,none,none,Drug Reaction
2762,chills,vomiting,high fever,sweating,headache,nausea,diarrhoea,muscle pain,none,none,none,none,none,none,none,none,none,Malaria
3846,vomiting,fatigue,anxiety,sweating,headache,nausea,blurred and distorted vision,excessive hunger,drying and tingling lips,slurred speech,irritability,palpitations,none,none,none,none,none,Hypoglycemia
2716,headache,chest pain,dizziness,loss of balance,lack of concentration,none,none,none,none,none,none,none,none,none,none,none,none,Hypertension
1469,joint pain,vomiting,fatigue,high fever,yellowish skin,dark urine,loss of appetite,abdominal pain,yellowing of eyes,acute liver failure,coma,stomach bleeding,none,none,none,none,none,Hepatitis E
4289,chills,vomiting,fatigue,weight loss,cough,high fever,breathlessness,sweating,loss of appetite,mild fever,yellowing of eyes,swelled lymph nodes,malaise,phlegm,chest pain,blood in sputum,none,Tuberculosis
2390,joint pain,neck pain,knee pain,hip joint pain,swelling joints,painful walking,none,none,none,none,none,none,none,none,none,none,none,Osteoarthristis
990,skin rash,chills,joint pain,vomiting,fatigue,high fever,headache,nausea,loss of appetite,pain behind the eyes,back pain,muscle pain,red spots over body,none,none,none,none,Dengue
3880,continuous sneezing,chills,fatigue,cough,high fever,headache,swelled lymph nodes,malaise,phlegm,throat irritation,redness of eyes,sinus pressure,runny nose,congestion,chest pain,loss of smell,muscle pain,Common Cold
1576,joint pain,neck pain,knee pain,hip joint pain,painful walking,none,none,none,none,none,none,none,none,none,none,none,none,Osteoarthristis
3892,burning micturition,bladder discomfort,foul smell of urine,continuous feel of urine,none,none,none,none,none,none,none,none,none,none,none,none,none,Urinary tract infection
3847,joint pain,neck pain,knee pain,hip joint pain,swelling joints,painful walking,none,none,none,none,none,none,none,none,none,none,none,Osteoarthristis
400,skin rash,high fever,blister,red sore around nose,yellow crust ooze,none,none,none,none,none,none,none,none,none,none,none,none,Impetigo
1818,skin rash,chills,joint pain,vomiting,high fever,headache,nausea,loss of appetite,pain behind the eyes,back pain,malaise,muscle pain,red spots over body,none,none,none,none,Dengue
1478,vomiting,yellowish skin,abdominal pain,swelling of stomach,distention of abdomen,history of alcohol consumption,none,none,none,none,none,none,none,none,none,none,none,Alcoholic hepatitis
3411,vomiting,sunken eyes,dehydration,diarrhoea,none,none,none,none,none,none,none,none,none,none,none,none,none,Gastroenteritis
4646,vomiting,headache,weakness of one body side,altered sensorium,none,none,none,none,none,none,none,none,none,none,none,none,none,Paralysis (brain hemorrhage)
3936,itching,skin rash,nodal skin eruptions,dischromic  patches,none,none,none,none,none,none,none,none,none,none,none,none,none,Fungal infection
161,skin rash,fatigue,lethargy,high fever,headache,loss of appetite,mild fever,swelled lymph nodes,malaise,red spots over body,none,none,none,none,none,none,none,Chicken pox
3608,itching,skin rash,nodal skin eruptions,dischromic  patches,none,none,none,none,none,none,none,none,none,none,none,none,none,Fungal infection
2311,continuous sneezing,chills,fatigue,cough,high fever,headache,swelled lymph nodes,malaise,phlegm,throat irritation,redness of eyes,sinus pressure,runny nose,congestion,chest pain,loss of smell,muscle pain,Common Cold
1051,joint pain,vomiting,fatigue,high fever,yellowish skin,dark urine,nausea,loss of appetite,abdominal pain,yellowing of eyes,acute liver failure,coma,stomach bleeding,none,none,none,none,Hepatitis E
105,headache,chest pain,dizziness,loss of balance,none,none,none,none,none,none,none,none,none,none,none,none,none,Hypertension
298,vomiting,sweating,chest pain,none,none,none,none,none,none,none,none,none,none,none,none,none,none,Heart attack
2994,continuous sneezing,shivering,chills,watering from eyes,none,none,none,none,none,none,none,none,none,none,none,none,none,Allergy
1284,vomiting,indigestion,abdominal pain,passage of gases,internal itching,none,none,none,none,none,none,none,none,none,none,none,none,Peptic ulcer diseae
2267,fatigue,yellowish skin,nausea,loss of appetite,yellowing of eyes,none,none,none,none,none,none,none,none,none,none,none,none,Hepatitis C
332,vomiting,fatigue,anxiety,sweating,headache,nausea,blurred and distorted vision,excessive hunger,drying and tingling lips,slurred speech,irritability,palpitations,none,none,none,none,none,Hypoglycemia
3255,itching,skin rash,fatigue,lethargy,high fever,headache,loss of appetite,mild fever,swelled lymph nodes,malaise,red spots over body,none,none,none,none,none,none,Chicken pox
1341,indigestion,headache,blurred and distorted vision,excessive hunger,stiff neck,depression,irritability,visual disturbances,none,none,none,none,none,none,none,none,none,Migraine
309,fatigue,cramps,bruising,obesity,swollen legs,prominent veins on calf,none,none,none,none,none,none,none,none,none,none,none,Varicose veins
3865,acidity,indigestion,headache,blurred and distorted vision,excessive hunger,stiff neck,depression,irritability,visual disturbances,none,none,none,none,none,none,none,none,Migraine
1560,vomiting,fatigue,anxiety,sweating,headache,nausea,blurred and distorted vision,excessive hunger,slurred speech,irritability,palpitations,none,none,none,none,none,none,Hypoglycemia
3786,itching,vomiting,fatigue,weight loss,high fever,yellowish skin,dark urine,abdominal pain,none,none,none,none,none,none,none,none,none,Jaundice
3835,joint pain,vomiting,fatigue,yellowish skin,dark urine,nausea,loss of appetite,abdominal pain,yellowing of eyes,none,none,none,none,none,none,none,none,Hepatitis D
2407,muscle weakness,stiff neck,swelling joints,movement stiffness,none,none,none,none,none,none,none,none,none,none,none,none,none,Arthritis
206,itching,fatigue,lethargy,yellowish skin,loss of appetite,abdominal pain,yellow urine,yellowing of eyes,malaise,receiving blood transfusion,receiving unsterile injections,none,none,none,none,none,none,Hepatitis B
43,itching,skin rash,stomach pain,spotting  urination,none,none,none,none,none,none,none,none,none,none,none,none,none,Drug Reaction
1492,chills,fatigue,cough,high fever,headache,swelled lymph nodes,malaise,phlegm,throat irritation,redness of eyes,sinus pressure,runny nose,congestion,chest pain,loss of smell,muscle pain,none,Common Cold
1372,vomiting,fatigue,weight loss,high fever,yellowish skin,dark urine,abdominal pain,none,none,none,none,none,none,none,none,none,none,Jaundice
814,skin rash,blister,red sore around nose,yellow crust ooze,none,none,none,none,none,none,none,none,none,none,none,none,none,Impetigo
2682,skin rash,chills,joint pain,vomiting,fatigue,high fever,headache,nausea,loss of appetite,pain behind the eyes,back pain,malaise,muscle pain,red spots over body,none,none,none,Dengue
3649,itching,skin rash,nodal skin eruptions,dischromic  patches,none,none,none,none,none,none,none,none,none,none,none,none,none,Fungal infection
196,joint pain,vomiting,yellowish skin,dark urine,loss of appetite,abdominal pain,diarrhoea,mild fever,yellowing of eyes,muscle pain,none,none,none,none,none,none,none,hepatitis A
1418,chills,vomiting,fatigue,high fever,headache,nausea,constipation,abdominal pain,diarrhoea,toxic look (typhos),belly pain,none,none,none,none,none,none,Typhoid
4633,itching,skin rash,nodal skin eruptions,dischromic  patches,none,none,none,none,none,none,none,none,none,none,none,none,none,Fungal infection
1132,weight gain,cold hands and feets,mood swings,lethargy,dizziness,puffy face and eyes,enlarged thyroid,brittle nails,swollen extremeties,depression,irritability,abnormal menstruation,none,none,none,none,none,Hypothyroidism
459,itching,skin rash,stomach pain,burning micturition,none,none,none,none,none,none,none,none,none,none,none,none,none,Drug Reaction
526,acidity,indigestion,headache,blurred and distorted vision,excessive hunger,depression,irritability,visual disturbances,none,none,none,none,none,none,none,none,none,Migraine
2463,itching,vomiting,yellowish skin,nausea,loss of appetite,abdominal pain,yellowing of eyes,none,none,none,none,none,none,none,none,none,none,Chronic cholestasis
1536,fatigue,cramps,bruising,obesity,swollen blood vessels,prominent veins on calf,none,none,none,none,none,none,none,none,none,none,none,Varicose veins
2616,vomiting,fatigue,anxiety,sweating,headache,nausea,blurred and distorted vision,excessive hunger,drying and tingling lips,slurred speech,irritability,palpitations,none,none,none,none,none,Hypoglycemia
2005,vomiting,headache,nausea,loss of balance,unsteadiness,none,none,none,none,none,none,none,none,none,none,none,none,(vertigo) Paroymsal  Positional Vertigo
3872,chills,vomiting,fatigue,high fever,headache,nausea,constipation,abdominal pain,diarrhoea,toxic look (typhos),belly pain,none,none,none,none,none,none,Typhoid
4527,skin rash,chills,joint pain,vomiting,fatigue,high fever,headache,nausea,loss of appetite,pain behind the eyes,back pain,malaise,muscle pain,red spots over body,none,none,none,Dengue
2530,vomiting,breathlessness,sweating,chest pain,none,none,none,none,none,none,none,none,none,none,none,none,none,Heart attack
4549,skin rash,joint pain,skin peeling,silver like dusting,small dents in nails,inflammatory nails,none,none,none,none,none,none,none,none,none,none,none,Psoriasis
2519,chills,vomiting,fatigue,high fever,headache,nausea,constipation,abdominal pain,diarrhoea,toxic look (typhos),belly pain,none,none,none,none,none,none,Typhoid
3389,chills,fatigue,cough,high fever,breathlessness,sweating,malaise,phlegm,chest pain,fast heart rate,rusty sputum,none,none,none,none,none,none,Pneumonia
2717,acidity,indigestion,headache,blurred and distorted vision,excessive hunger,stiff neck,depression,irritability,visual disturbances,none,none,none,none,none,none,none,none,Migraine
203,itching,lethargy,yellowish skin,dark urine,loss of appetite,abdominal pain,yellow urine,yellowing of eyes,malaise,receiving blood transfusion,receiving unsterile injections,none,none,none,none,none,none,Hepatitis B
4102,stomach pain,acidity,ulcers on tongue,vomiting,cough,chest pain,none,none,none,none,none,none,none,none,none,none,none,GERD
2039,skin rash,joint pain,skin peeling,silver like dusting,small dents in nails,inflammatory nails,none,none,none,none,none,none,none,none,none,none,none,Psoriasis
700,vomiting,breathlessness,sweating,chest pain,none,none,none,none,none,none,none,none,none,none,none,none,none,Heart attack
3562,vomiting,headache,nausea,spinning movements,loss of balance,unsteadiness,none,none,none,none,none,none,none,none,none,none,none,(vertigo) Paroymsal  Positional Vertigo
4601,fatigue,cough,high fever,breathlessness,family history,mucoid sputum,none,none,none,none,none,none,none,none,none,none,none,Bronchial Asthma
1294,muscle wasting,patches in throat,high fever,none,none,none,none,none,none,none,none,none,none,none,none,none,none,AIDS
230,joint pain,vomiting,fatigue,high fever,yellowish skin,dark urine,nausea,loss of appetite,abdominal pain,yellowing of eyes,coma,stomach bleeding,none,none,none,none,none,Hepatitis E
2532,fatigue,weight gain,cold hands and feets,mood swings,lethargy,dizziness,puffy face and eyes,enlarged thyroid,brittle nails,swollen extremeties,depression,irritability,abnormal menstruation,none,none,none,none,Hypothyroidism
2792,itching,skin rash,stomach pain,burning micturition,spotting  urination,none,none,none,none,none,none,none,none,none,none,none,none,Drug Reaction
993,skin rash,chills,joint pain,vomiting,fatigue,high fever,headache,nausea,loss of appetite,pain behind the eyes,back pain,malaise,muscle pain,red spots over body,none,none,none,Dengue
1107,constipation,pain during bowel movements,pain in anal region,bloody stool,none,none,none,none,none,none,none,none,none,none,none,none,none,Dimorphic hemmorhoids(piles)
4669,vomiting,headache,nausea,spinning movements,loss of balance,unsteadiness,none,none,none,none,none,none,none,none,none,none,none,(vertigo) Paroymsal  Positional Vertigo
929,headache,chest pain,loss of balance,lack of concentration,none,none,none,none,none,none,none,none,none,none,none,none,none,Hypertension
3612,itching,skin rash,stomach pain,burning micturition,spotting  urination,none,none,none,none,none,none,none,none,none,none,none,none,Drug Reaction
1769,back pain,neck pain,dizziness,loss of balance,none,none,none,none,none,none,none,none,none,none,none,none,none,Cervical spondylosis
3770,skin rash,joint pain,skin peeling,silver like dusting,small dents in nails,inflammatory nails,none,none,none,none,none,none,none,none,none,none,none,Psoriasis
2625,continuous sneezing,shivering,chills,watering from eyes,none,none,none,none,none,none,none,none,none,none,none,none,none,Allergy
1903,continuous sneezing,fatigue,cough,high fever,headache,swelled lymph nodes,malaise,phlegm,throat irritation,redness of eyes,sinus pressure,runny nose,congestion,chest pain,loss of smell,muscle pain,none,Common Cold
4190,vomiting,sunken eyes,dehydration,diarrhoea,none,none,none,none,none,none,none,none,none,none,none,none,none,Gastroenteritis
4180,skin rash,joint pain,skin peeling,silver like dusting,small dents in nails,inflammatory nails,none,none,none,none,none,none,none,none,none,none,none,Psoriasis
1599,vomiting,headache,nausea,loss of balance,unsteadiness,none,none,none,none,none,none,none,none,none,none,none,none,(vertigo) Paroymsal  Positional Vertigo
2602,joint pain,vomiting,yellowish skin,dark urine,nausea,loss of appetite,abdominal pain,diarrhoea,mild fever,yellowing of eyes,muscle pain,none,none,none,none,none,none,hepatitis A
2800,back pain,weakness in limbs,neck pain,dizziness,loss of balance,none,none,none,none,none,none,none,none,none,none,none,none,Cervical spondylosis
3769,burning micturition,bladder discomfort,foul smell of urine,continuous feel of urine,none,none,none,none,none,none,none,none,none,none,none,none,none,Urinary tract infection
4262,skin rash,joint pain,skin peeling,silver like dusting,small dents in nails,inflammatory nails,none,none,none,none,none,none,none,none,none,none,none,Psoriasis
890,fatigue,weight loss,restlessness,lethargy,irregular sugar level,blurred and distorted vision,obesity,excessive hunger,increased appetite,polyuria,none,none,none,none,none,none,none,Diabetes
695,constipation,pain during bowel movements,bloody stool,irritation in anus,none,none,none,none,none,none,none,none,none,none,none,none,none,Dimorphic hemmorhoids(piles)
1242,continuous sneezing,chills,watering from eyes,none,none,none,none,none,none,none,none,none,none,none,none,none,none,Allergy
4369,joint pain,vomiting,fatigue,high fever,yellowish skin,dark urine,nausea,loss of appetite,abdominal pain,yellowing of eyes,acute liver failure,coma,stomach bleeding,none,none,none,none,Hepatitis E
3067,vomiting,fatigue,anxiety,sweating,headache,nausea,blurred and distorted vision,excessive hunger,drying and tingling lips,slurred speech,irritability,palpitations,none,none,none,none,none,Hypoglycemia
2419,vomiting,headache,nausea,loss of balance,unsteadiness,none,none,none,none,none,none,none,none,none,none,none,none,(vertigo) Paroymsal  Positional Vertigo
3327,muscle wasting,patches in throat,high fever,extra marital contacts,none,none,none,none,none,none,none,none,none,none,none,none,none,AIDS
2421,skin rash,pus filled pimples,blackheads,scurring,none,none,none,none,none,none,none,none,none,none,none,none,none,Acne
656,vomiting,yellowish skin,abdominal pain,swelling of stomach,history of alcohol consumption,fluid overload,none,none,none,none,none,none,none,none,none,none,none,Alcoholic hepatitis
3827,itching,vomiting,fatigue,weight loss,high fever,yellowish skin,dark urine,abdominal pain,none,none,none,none,none,none,none,none,none,Jaundice
2876,muscle wasting,patches in throat,high fever,extra marital contacts,none,none,none,none,none,none,none,none,none,none,none,none,none,AIDS
2329,chills,fatigue,cough,high fever,breathlessness,sweating,phlegm,chest pain,fast heart rate,rusty sputum,none,none,none,none,none,none,none,Pneumonia
4759,itching,vomiting,yellowish skin,nausea,loss of appetite,abdominal pain,yellowing of eyes,none,none,none,none,none,none,none,none,none,none,Chronic cholestasis
2116,muscle wasting,patches in throat,high fever,extra marital contacts,none,none,none,none,none,none,none,none,none,none,none,none,none,AIDS
1866,joint pain,vomiting,fatigue,yellowish skin,dark urine,loss of appetite,abdominal pain,yellowing of eyes,none,none,none,none,none,none,none,none,none,Hepatitis D
4274,headache,chest pain,dizziness,loss of balance,lack of concentration,none,none,none,none,none,none,none,none,none,none,none,none,Hypertension
989,itching,skin rash,fatigue,lethargy,high fever,headache,loss of appetite,mild fever,malaise,red spots over body,none,none,none,none,none,none,none,Chicken pox
4132,fatigue,mood swings,weight loss,restlessness,sweating,diarrhoea,fast heart rate,excessive hunger,muscle weakness,irritability,abnormal menstruation,none,none,none,none,none,none,Hyperthyroidism
3962,continuous sneezing,chills,fatigue,cough,high fever,headache,swelled lymph nodes,malaise,phlegm,throat irritation,redness of eyes,sinus pressure,runny nose,congestion,chest pain,loss of smell,muscle pain,Common Cold
1740,headache,chest pain,dizziness,loss of balance,lack of concentration,none,none,none,none,none,none,none,none,none,none,none,none,Hypertension
832,continuous sneezing,chills,watering from eyes,none,none,none,none,none,none,none,none,none,none,none,none,none,none,Allergy
4679,vomiting,indigestion,loss of appetite,abdominal pain,passage of gases,internal itching,none,none,none,none,none,none,none,none,none,none,none,Peptic ulcer diseae
3057,joint pain,vomiting,fatigue,high fever,yellowish skin,dark urine,nausea,loss of appetite,abdominal pain,yellowing of eyes,acute liver failure,coma,stomach bleeding,none,none,none,none,Hepatitis E
430,stomach pain,acidity,ulcers on tongue,vomiting,cough,chest pain,none,none,none,none,none,none,none,none,none,none,none,GERD
4329,vomiting,yellowish skin,abdominal pain,swelling of stomach,distention of abdomen,history of alcohol consumption,fluid overload,none,none,none,none,none,none,none,none,none,none,Alcoholic hepatitis
4258,muscle weakness,stiff neck,swelling joints,movement stiffness,painful walking,none,none,none,none,none,none,none,none,none,none,none,none,Arthritis
1022,fatigue,lethargy,yellowish skin,dark urine,loss of appetite,abdominal pain,yellow urine,yellowing of eyes,malaise,receiving blood transfusion,receiving unsterile injections,none,none,none,none,none,none,Hepatitis B
3904,fatigue,cough,high fever,breathlessness,family history,mucoid sputum,none,none,none,none,none,none,none,none,none,none,none,Bronchial Asthma
3137,fatigue,yellowish skin,nausea,loss of appetite,yellowing of eyes,family history,none,none,none,none,none,none,none,none,none,none,none,Hepatitis C
4012,muscle weakness,stiff neck,swelling joints,movement stiffness,painful walking,none,none,none,none,none,none,none,none,none,none,none,none,Arthritis
345,joint pain,neck pain,knee pain,swelling joints,painful walking,none,none,none,none,none,none,none,none,none,none,none,none,Osteoarthristis
1146,fatigue,mood swings,weight loss,restlessness,diarrhoea,fast heart rate,excessive hunger,muscle weakness,irritability,abnormal menstruation,none,none,none,none,none,none,none,Hyperthyroidism
4006,vomiting,breathlessness,sweating,chest pain,none,none,none,none,none,none,none,none,none,none,none,none,none,Heart attack
1016,joint pain,vomiting,yellowish skin,dark urine,loss of appetite,abdominal pain,diarrhoea,mild fever,yellowing of eyes,muscle pain,none,none,none,none,none,none,none,hepatitis A
1331,chest pain,dizziness,loss of balance,lack of concentration,none,none,none,none,none,none,none,none,none,none,none,none,none,Hypertension
2108,vomiting,indigestion,loss of appetite,abdominal pain,passage of gases,internal itching,none,none,none,none,none,none,none,none,none,none,none,Peptic ulcer diseae
2235,chills,vomiting,fatigue,high fever,headache,nausea,constipation,abdominal pain,diarrhoea,belly pain,none,none,none,none,none,none,none,Typhoid
2739,vomiting,fatigue,anxiety,sweating,headache,nausea,blurred and distorted vision,excessive hunger,drying and tingling lips,slurred speech,irritability,palpitations,none,none,none,none,none,Hypoglycemia
3955,joint pain,vomiting,yellowish skin,dark urine,nausea,loss of appetite,abdominal pain,diarrhoea,mild fever,yellowing of eyes,muscle pain,none,none,none,none,none,none,hepatitis A
3995,chills,vomiting,fatigue,high fever,headache,nausea,constipation,abdominal pain,diarrhoea,toxic look (typhos),belly pain,none,none,none,none,none,none,Typhoid
3397,muscle weakness,stiff neck,swelling joints,movement stiffness,painful walking,none,none,none,none,none,none,none,none,none,none,none,none,Arthritis
712,cramps,bruising,obesity,swollen legs,swollen blood vessels,prominent veins on calf,none,none,none,none,none,none,none,none,none,none,none,Varicose veins
4606,itching,vomiting,fatigue,weight loss,high fever,yellowish skin,dark urine,abdominal pain,none,none,none,none,none,none,none,none,none,Jaundice
4447,joint pain,vomiting,yellowish skin,dark urine,nausea,loss of appetite,abdominal pain,diarrhoea,mild fever,yellowing of eyes,muscle pain,none,none,none,none,none,none,hepatitis A
4215,vomiting,fatigue,anxiety,sweating,headache,nausea,blurred and distorted vision,excessive hunger,drying and tingling lips,slurred speech,irritability,palpitations,none,none,none,none,none,Hypoglycemia
3212,itching,vomiting,fatigue,weight loss,high fever,yellowish skin,dark urine,abdominal pain,none,none,none,none,none,none,none,none,none,Jaundice
980,itching,skin rash,fatigue,lethargy,high fever,headache,loss of appetite,mild fever,swelled lymph nodes,malaise,red spots over body,none,none,none,none,none,none,Chicken pox
1923,pain during bowel movements,pain in anal region,bloody stool,irritation in anus,none,none,none,none,none,none,none,none,none,none,none,none,none,Dimorphic hemmorhoids(piles)
3315,muscle weakness,stiff neck,swelling joints,movement stiffness,painful walking,none,none,none,none,none,none,none,none,none,none,none,none,Arthritis
2117,patches in throat,high fever,extra marital contacts,none,none,none,none,none,none,none,none,none,none,none,none,none,none,AIDS
1144,fatigue,mood swings,restlessness,sweating,diarrhoea,fast heart rate,excessive hunger,muscle weakness,irritability,abnormal menstruation,none,none,none,none,none,none,none,Hyperthyroidism
4716,continuous sneezing,shivering,chills,watering from eyes,none,none,none,none,none,none,none,none,none,none,none,none,none,Allergy
511,chest pain,dizziness,loss of balance,lack of concentration,none,none,none,none,none,none,none,none,none,none,none,none,none,Hypertension
1162,neck pain,knee pain,hip joint pain,swelling joints,painful walking,none,none,none,none,none,none,none,none,none,none,none,none,Osteoarthristis
4833,vomiting,headache,nausea,spinning movements,loss of balance,unsteadiness,none,none,none,none,none,none,none,none,none,none,none,(vertigo) Paroymsal  Positional Vertigo
4412,chills,vomiting,fatigue,weight loss,cough,high fever,breathlessness,sweating,loss of appetite,mild fever,yellowing of eyes,swelled lymph nodes,malaise,phlegm,chest pain,blood in sputum,none,Tuberculosis
4183,continuous sneezing,shivering,chills,watering from eyes,none,none,none,none,none,none,none,none,none,none,none,none,none,Allergy
1619,burning micturition,bladder discomfort,continuous feel of urine,none,none,none,none,none,none,none,none,none,none,none,none,none,none,Urinary tract infection
4407,itching,fatigue,lethargy,yellowish skin,dark urine,loss of appetite,abdominal pain,yellow urine,yellowing of eyes,malaise,receiving blood transfusion,receiving unsterile injections,none,none,none,none,none,Hepatitis B
2358,fatigue,cramps,bruising,obesity,swollen legs,swollen blood vessels,none,none,none,none,none,none,none,none,none,none,none,Varicose veins
3396,joint pain,neck pain,knee pain,hip joint pain,swelling joints,painful walking,none,none,none,none,none,none,none,none,none,none,none,Osteoarthristis
1931,vomiting,breathlessness,sweating,chest pain,none,none,none,none,none,none,none,none,none,none,none,none,none,Heart attack
4191,fatigue,cough,high fever,breathlessness,family history,mucoid sputum,none,none,none,none,none,none,none,none,none,none,none,Bronchial Asthma
1072,vomiting,fatigue,weight loss,cough,high fever,breathlessness,sweating,loss of appetite,mild fever,yellowing of eyes,swelled lymph nodes,malaise,phlegm,chest pain,blood in sputum,none,none,Tuberculosis
2139,vomiting,sunken eyes,diarrhoea,none,none,none,none,none,none,none,none,none,none,none,none,none,none,Gastroenteritis
3160,itching,vomiting,yellowish skin,nausea,loss of appetite,abdominal pain,yellowing of eyes,none,none,none,none,none,none,none,none,none,none,Chronic cholestasis
938,acidity,indigestion,headache,blurred and distorted vision,excessive hunger,stiff neck,depression,visual disturbances,none,none,none,none,none,none,none,none,none,Migraine
3644,vomiting,headache,nausea,spinning movements,loss of balance,unsteadiness,none,none,none,none,none,none,none,none,none,none,none,(vertigo) Paroymsal  Positional Vertigo
1318,vomiting,dehydration,diarrhoea,none,none,none,none,none,none,none,none,none,none,none,none,none,none,Gastroenteritis
2595,back pain,weakness in limbs,neck pain,dizziness,loss of balance,none,none,none,none,none,none,none,none,none,none,none,none,Cervical spondylosis
110,acidity,indigestion,headache,blurred and distorted vision,excessive hunger,stiff neck,depression,irritability,visual disturbances,none,none,none,none,none,none,none,none,Migraine
1717,fatigue,weight loss,restlessness,lethargy,irregular sugar level,obesity,excessive hunger,increased appetite,polyuria,none,none,none,none,none,none,none,none,Diabetes
657,vomiting,yellowish skin,abdominal pain,swelling of stomach,distention of abdomen,fluid overload,none,none,none,none,none,none,none,none,none,none,none,Alcoholic hepatitis
2233,chills,vomiting,fatigue,high fever,headache,nausea,constipation,diarrhoea,toxic look (typhos),belly pain,none,none,none,none,none,none,none,Typhoid
2103,vomiting,loss of appetite,abdominal pain,passage of gases,internal itching,none,none,none,none,none,none,none,none,none,none,none,none,Peptic ulcer diseae
3794,joint pain,vomiting,fatigue,yellowish skin,dark urine,nausea,loss of appetite,abdominal pain,yellowing of eyes,none,none,none,none,none,none,none,none,Hepatitis D
1665,stomach pain,acidity,ulcers on tongue,vomiting,cough,none,none,none,none,none,none,none,none,none,none,none,none,GERD
51,vomiting,indigestion,abdominal pain,passage of gases,internal itching,none,none,none,none,none,none,none,none,none,none,none,none,Peptic ulcer diseae
447,itching,vomiting,yellowish skin,nausea,loss of appetite,abdominal pain,none,none,none,none,none,none,none,none,none,none,none,Chronic cholestasis
1958,fatigue,weight gain,cold hands and feets,mood swings,lethargy,puffy face and eyes,enlarged thyroid,brittle nails,swollen extremeties,depression,irritability,abnormal menstruation,none,none,none,none,none,Hypothyroidism
3547,fatigue,yellowish skin,nausea,loss of appetite,yellowing of eyes,family history,none,none,none,none,none,none,none,none,none,none,none,Hepatitis C
4861,joint pain,vomiting,fatigue,high fever,yellowish skin,dark urine,nausea,loss of appetite,abdominal pain,yellowing of eyes,acute liver failure,coma,stomach bleeding,none,none,none,none,Hepatitis E
1010,joint pain,vomiting,yellowish skin,dark urine,nausea,loss of appetite,abdominal pain,diarrhoea,mild fever,yellowing of eyes,muscle pain,none,none,none,none,none,none,hepatitis A
1394,itching,skin rash,fatigue,high fever,headache,loss of appetite,mild fever,swelled lymph nodes,malaise,red spots over body,none,none,none,none,none,none,none,Chicken pox
4363,skin rash,chills,joint pain,vomiting,fatigue,high fever,headache,nausea,loss of appetite,pain behind the eyes,back pain,malaise,muscle pain,red spots over body,none,none,none,Dengue
149,itching,vomiting,fatigue,weight loss,high fever,yellowish skin,dark urine,none,none,none,none,none,none,none,none,none,none,Jaundice
3681,fatigue,mood swings,weight loss,restlessness,sweating,diarrhoea,fast heart rate,excessive hunger,muscle weakness,irritability,abnormal menstruation,none,none,none,none,none,none,Hyperthyroidism
4893,itching,vomiting,fatigue,weight loss,high fever,yellowish skin,dark urine,abdominal pain,none,none,none,none,none,none,none,none,none,Jaundice
1768,weakness in limbs,neck pain,dizziness,loss of balance,none,none,none,none,none,none,none,none,none,none,none,none,none,Cervical spondylosis
260,continuous sneezing,chills,fatigue,cough,high fever,headache,swelled lymph nodes,malaise,phlegm,throat irritation,redness of eyes,sinus pressure,runny nose,congestion,chest pain,loss of smell,muscle pain,Common Cold
819,skin rash,blister,red sore around nose,yellow crust ooze,none,none,none,none,none,none,none,none,none,none,none,none,none,Impetigo
2087,itching,vomiting,yellowish skin,nausea,loss of appetite,abdominal pain,none,none,none,none,none,none,none,none,none,none,none,Chronic cholestasis
2626,stomach pain,acidity,ulcers on tongue,vomiting,cough,chest pain,none,none,none,none,none,none,none,none,none,none,none,GERD
4382,vomiting,headache,nausea,spinning movements,loss of balance,unsteadiness,none,none,none,none,none,none,none,none,none,none,none,(vertigo) Paroymsal  Positional Vertigo
1151,vomiting,fatigue,anxiety,sweating,headache,nausea,blurred and distorted vision,excessive hunger,drying and tingling lips,slurred speech,irritability,palpitations,none,none,none,none,none,Hypoglycemia
3341,itching,fatigue,lethargy,yellowish skin,dark urine,loss of appetite,abdominal pain,yellow urine,yellowing of eyes,malaise,receiving blood transfusion,receiving unsterile injections,none,none,none,none,none,Hepatitis B
3429,continuous sneezing,chills,fatigue,cough,high fever,headache,swelled lymph nodes,malaise,phlegm,throat irritation,redness of eyes,sinus pressure,runny nose,congestion,chest pain,loss of smell,muscle pain,Common Cold
4574,joint pain,vomiting,fatigue,high fever,yellowish skin,dark urine,nausea,loss of appetite,abdominal pain,yellowing of eyes,acute liver failure,coma,stomach bleeding,none,none,none,none,Hepatitis E
4533,joint pain,vomiting,fatigue,high fever,yellowish skin,dark urine,nausea,loss of appetite,abdominal pain,yellowing of eyes,acute liver failure,coma,stomach bleeding,none,none,none,none,Hepatitis E
4857,joint pain,vomiting,yellowish skin,dark urine,nausea,loss of appetite,abdominal pain,diarrhoea,mild fever,yellowing of eyes,muscle pain,none,none,none,none,none,none,hepatitis A
2378,fatigue,mood swings,weight loss,restlessness,sweating,diarrhoea,excessive hunger,muscle weakness,irritability,abnormal menstruation,none,none,none,none,none,none,none,Hyperthyroidism
2949,burning micturition,bladder discomfort,foul smell of urine,continuous feel of urine,none,none,none,none,none,none,none,none,none,none,none,none,none,Urinary tract infection
1764,back pain,weakness in limbs,dizziness,loss of balance,none,none,none,none,none,none,none,none,none,none,none,none,none,Cervical spondylosis
3853,skin rash,high fever,blister,red sore around nose,yellow crust ooze,none,none,none,none,none,none,none,none,none,none,none,none,Impetigo
1110,vomiting,breathlessness,sweating,chest pain,none,none,none,none,none,none,none,none,none,none,none,none,none,Heart attack
1473,vomiting,abdominal pain,swelling of stomach,distention of abdomen,history of alcohol consumption,fluid overload,none,none,none,none,none,none,none,none,none,none,none,Alcoholic hepatitis
2667,stomach pain,acidity,ulcers on tongue,vomiting,cough,chest pain,none,none,none,none,none,none,none,none,none,none,none,GERD
1336,headache,chest pain,dizziness,loss of balance,lack of concentration,none,none,none,none,none,none,none,none,none,none,none,none,Hypertension
1362,headache,weakness of one body side,altered sensorium,none,none,none,none,none,none,none,none,none,none,none,none,none,none,Paralysis (brain hemorrhage)
4511,continuous sneezing,shivering,chills,watering from eyes,none,none,none,none,none,none,none,none,none,none,none,none,none,Allergy
1455,joint pain,vomiting,fatigue,yellowish skin,nausea,loss of appetite,abdominal pain,yellowing of eyes,none,none,none,none,none,none,none,none,none,Hepatitis D
4081,joint pain,vomiting,fatigue,yellowish skin,dark urine,nausea,loss of appetite,abdominal pain,yellowing of eyes,none,none,none,none,none,none,none,none,Hepatitis D
1705,muscle wasting,patches in throat,high fever,extra marital contacts,none,none,none,none,none,none,none,none,none,none,none,none,none,AIDS
1098,chills,fatigue,cough,high fever,breathlessness,malaise,phlegm,chest pain,fast heart rate,rusty sputum,none,none,none,none,none,none,none,Pneumonia
666,chills,vomiting,fatigue,weight loss,high fever,breathlessness,sweating,loss of appetite,mild fever,yellowing of eyes,swelled lymph nodes,malaise,phlegm,chest pain,blood in sputum,none,none,Tuberculosis
973,vomiting,high fever,sweating,headache,nausea,diarrhoea,muscle pain,none,none,none,none,none,none,none,none,none,none,Malaria
3030,skin rash,pus filled pimples,blackheads,scurring,none,none,none,none,none,none,none,none,none,none,none,none,none,Acne
1302,weight loss,restlessness,lethargy,irregular sugar level,blurred and distorted vision,obesity,excessive hunger,increased appetite,polyuria,none,none,none,none,none,none,none,none,Diabetes
1140,fatigue,mood swings,weight loss,restlessness,sweating,diarrhoea,fast heart rate,excessive hunger,muscle weakness,irritability,abnormal menstruation,none,none,none,none,none,none,Hyperthyroidism
24,stomach pain,acidity,ulcers on tongue,vomiting,chest pain,none,none,none,none,none,none,none,none,none,none,none,none,GERD
3489,itching,skin rash,stomach pain,burning micturition,spotting  urination,none,none,none,none,none,none,none,none,none,none,none,none,Drug Reaction
1218,skin rash,joint pain,skin peeling,silver like dusting,small dents in nails,inflammatory nails,none,none,none,none,none,none,none,none,none,none,none,Psoriasis
1416,chills,vomiting,fatigue,high fever,headache,nausea,constipation,abdominal pain,diarrhoea,toxic look (typhos),none,none,none,none,none,none,none,Typhoid
2135,vomiting,sunken eyes,dehydration,none,none,none,none,none,none,none,none,none,none,none,none,none,none,Gastroenteritis
3,itching,skin rash,dischromic  patches,none,none,none,none,none,none,none,none,none,none,none,none,none,none,Fungal infection
2310,continuous sneezing,chills,fatigue,cough,high fever,headache,swelled lymph nodes,malaise,phlegm,throat irritation,redness of eyes,sinus pressure,runny nose,congestion,chest pain,loss of smell,muscle pain,Common Cold
170,skin rash,chills,joint pain,vomiting,fatigue,high fever,headache,nausea,loss of appetite,pain behind the eyes,back pain,muscle pain,red spots over body,none,none,none,none,Dengue
2510,fatigue,cough,high fever,breathlessness,family history,mucoid sputum,none,none,none,none,none,none,none,none,none,none,none,Bronchial Asthma
2954,stomach pain,acidity,ulcers on tongue,vomiting,cough,chest pain,none,none,none,none,none,none,none,none,none,none,none,GERD
2520,joint pain,vomiting,yellowish skin,dark urine,nausea,loss of appetite,abdominal pain,diarrhoea,mild fever,yellowing of eyes,muscle pain,none,none,none,none,none,none,hepatitis A
3027,joint pain,neck pain,knee pain,hip joint pain,swelling joints,painful walking,none,none,none,none,none,none,none,none,none,none,none,Osteoarthristis
1026,itching,fatigue,lethargy,yellowish skin,loss of appetite,abdominal pain,yellow urine,yellowing of eyes,malaise,receiving blood transfusion,receiving unsterile injections,none,none,none,none,none,none,Hepatitis B
256,chills,vomiting,fatigue,weight loss,high fever,breathlessness,sweating,loss of appetite,mild fever,yellowing of eyes,swelled lymph nodes,malaise,phlegm,chest pain,blood in sputum,none,none,Tuberculosis
2477,skin rash,chills,joint pain,vomiting,fatigue,high fever,headache,nausea,loss of appetite,pain behind the eyes,back pain,malaise,muscle pain,red spots over body,none,none,none,Dengue
1482,vomiting,fatigue,weight loss,cough,high fever,breathlessness,sweating,loss of appetite,mild fever,yellowing of eyes,swelled lymph nodes,malaise,phlegm,chest pain,blood in sputum,none,none,Tuberculosis
1432,fatigue,lethargy,yellowish skin,dark urine,loss of appetite,abdominal pain,yellow urine,yellowing of eyes,malaise,receiving blood transfusion,receiving unsterile injections,none,none,none,none,none,none,Hepatitis B
2795,fatigue,weight loss,restlessness,lethargy,irregular sugar level,blurred and distorted vision,obesity,excessive hunger,increased appetite,polyuria,none,none,none,none,none,none,none,Diabetes
3412,fatigue,cough,high fever,breathlessness,family history,mucoid sputum,none,none,none,none,none,none,none,none,none,none,none,Bronchial Asthma
528,acidity,indigestion,headache,blurred and distorted vision,excessive hunger,stiff neck,depression,visual disturbances,none,none,none,none,none,none,none,none,none,Migraine
253,chills,fatigue,weight loss,cough,high fever,breathlessness,sweating,loss of appetite,mild fever,yellowing of eyes,swelled lymph nodes,malaise,phlegm,chest pain,blood in sputum,none,none,Tuberculosis
4916,skin rash,pus filled pimples,blackheads,scurring,none,none,none,none,none,none,none,none,none,none,none,none,none,Acne
4510,itching,skin rash,nodal skin eruptions,dischromic  patches,none,none,none,none,none,none,none,none,none,none,none,none,none,Fungal infection
1224,skin rash,blister,red sore around nose,yellow crust ooze,none,none,none,none,none,none,none,none,none,none,none,none,none,Impetigo
2089,itching,vomiting,yellowish skin,nausea,loss of appetite,abdominal pain,yellowing of eyes,none,none,none,none,none,none,none,none,none,none,Chronic cholestasis
1564,vomiting,anxiety,sweating,headache,nausea,blurred and distorted vision,excessive hunger,drying and tingling lips,slurred speech,irritability,palpitations,none,none,none,none,none,none,Hypoglycemia
4095,vomiting,headache,nausea,spinning movements,loss of balance,unsteadiness,none,none,none,none,none,none,none,none,none,none,none,(vertigo) Paroymsal  Positional Vertigo
3799,chills,fatigue,cough,high fever,breathlessness,sweating,malaise,phlegm,chest pain,fast heart rate,rusty sputum,none,none,none,none,none,none,Pneumonia
1125,fatigue,cramps,bruising,swollen legs,swollen blood vessels,prominent veins on calf,none,none,none,none,none,none,none,none,none,none,none,Varicose veins
69,muscle wasting,patches in throat,high fever,none,none,none,none,none,none,none,none,none,none,none,none,none,none,AIDS
1949,fatigue,cramps,bruising,obesity,swollen legs,prominent veins on calf,none,none,none,none,none,none,none,none,none,none,none,Varicose veins
2385,vomiting,fatigue,sweating,headache,nausea,blurred and distorted vision,excessive hunger,drying and tingling lips,slurred speech,irritability,palpitations,none,none,none,none,none,none,Hypoglycemia
3448,itching,skin rash,stomach pain,burning micturition,spotting  urination,none,none,none,none,none,none,none,none,none,none,none,none,Drug Reaction
3395,vomiting,fatigue,anxiety,sweating,headache,nausea,blurred and distorted vision,excessive hunger,drying and tingling lips,slurred speech,irritability,palpitations,none,none,none,none,none,Hypoglycemia
3713,joint pain,vomiting,fatigue,high fever,yellowish skin,dark urine,nausea,loss of appetite,abdominal pain,yellowing of eyes,acute liver failure,coma,stomach bleeding,none,none,none,none,Hepatitis E
140,itching,vomiting,fatigue,weight loss,high fever,yellowish skin,dark urine,abdominal pain,none,none,none,none,none,none,none,none,none,Jaundice
4346,itching,skin rash,nodal skin eruptions,dischromic  patches,none,none,none,none,none,none,none,none,none,none,none,none,none,Fungal infection
115,acidity,indigestion,headache,blurred and distorted vision,stiff neck,depression,irritability,visual disturbances,none,none,none,none,none,none,none,none,none,Migraine
1373,itching,fatigue,weight loss,high fever,yellowish skin,dark urine,abdominal pain,none,none,none,none,none,none,none,none,none,none,Jaundice
3526,itching,skin rash,nodal skin eruptions,dischromic  patches,none,none,none,none,none,none,none,none,none,none,none,none,none,Fungal infection
4465,skin rash,pus filled pimples,blackheads,scurring,none,none,none,none,none,none,none,none,none,none,none,none,none,Acne
4109,fatigue,cough,high fever,breathlessness,family history,mucoid sputum,none,none,none,none,none,none,none,none,none,none,none,Bronchial Asthma
4216,joint pain,neck pain,knee pain,hip joint pain,swelling joints,painful walking,none,none,none,none,none,none,none,none,none,none,none,Osteoarthristis
789,skin rash,blackheads,scurring,none,none,none,none,none,none,none,none,none,none,none,none,none,none,Acne
1601,skin rash,pus filled pimples,blackheads,scurring,none,none,none,none,none,none,none,none,none,none,none,none,none,Acne
1142,mood swings,weight loss,restlessness,sweating,diarrhoea,fast heart rate,excessive hunger,muscle weakness,irritability,abnormal menstruation,none,none,none,none,none,none,none,Hyperthyroidism
2041,skin rash,high fever,blister,red sore around nose,yellow crust ooze,none,none,none,none,none,none,none,none,none,none,none,none,Impetigo
3725,muscle weakness,stiff neck,swelling joints,movement stiffness,painful walking,none,none,none,none,none,none,none,none,none,none,none,none,Arthritis
4457,vomiting,breathlessness,sweating,chest pain,none,none,none,none,none,none,none,none,none,none,none,none,none,Heart attack
2223,skin rash,chills,joint pain,vomiting,fatigue,high fever,headache,nausea,loss of appetite,pain behind the eyes,back pain,malaise,muscle pain,red spots over body,none,none,none,Dengue
4276,back pain,weakness in limbs,neck pain,dizziness,loss of balance,none,none,none,none,none,none,none,none,none,none,none,none,Cervical spondylosis
1383,vomiting,high fever,sweating,headache,nausea,diarrhoea,muscle pain,none,none,none,none,none,none,none,none,none,none,Malaria
280,constipation,pain during bowel movements,pain in anal region,bloody stool,irritation in anus,none,none,none,none,none,none,none,none,none,none,none,none,Dimorphic hemmorhoids(piles)
4729,itching,vomiting,fatigue,weight loss,high fever,yellowish skin,dark urine,abdominal pain,none,none,none,none,none,none,none,none,none,Jaundice
4719,itching,skin rash,stomach pain,burning micturition,spotting  urination,none,none,none,none,none,none,none,none,none,none,none,none,Drug Reaction
1974,vomiting,anxiety,sweating,headache,nausea,blurred and distorted vision,excessive hunger,drying and tingling lips,slurred speech,irritability,palpitations,none,none,none,none,none,none,Hypoglycemia
2697,fatigue,mood swings,weight loss,restlessness,sweating,diarrhoea,fast heart rate,excessive hunger,muscle weakness,irritability,abnormal menstruation,none,none,none,none,none,none,Hyperthyroidism
738,fatigue,mood swings,weight loss,restlessness,sweating,diarrhoea,excessive hunger,muscle weakness,irritability,abnormal menstruation,none,none,none,none,none,none,none,Hyperthyroidism
3312,fatigue,mood swings,weight loss,restlessness,sweating,diarrhoea,fast heart rate,excessive hunger,muscle weakness,irritability,abnormal menstruation,none,none,none,none,none,none,Hyperthyroidism
2120,fatigue,weight loss,restlessness,lethargy,irregular sugar level,blurred and distorted vision,obesity,excessive hunger,increased appetite,polyuria,none,none,none,none,none,none,none,Diabetes
1034,fatigue,yellowish skin,loss of appetite,yellowing of eyes,family history,none,none,none,none,none,none,none,none,none,none,none,none,Hepatitis C
1391,skin rash,fatigue,lethargy,high fever,headache,loss of appetite,mild fever,swelled lymph nodes,malaise,red spots over body,none,none,none,none,none,none,none,Chicken pox
66,muscle wasting,patches in throat,high fever,extra marital contacts,none,none,none,none,none,none,none,none,none,none,none,none,none,AIDS
4217,muscle weakness,stiff neck,swelling joints,movement stiffness,painful walking,none,none,none,none,none,none,none,none,none,none,none,none,Arthritis
1842,fatigue,lethargy,yellowish skin,dark urine,loss of appetite,abdominal pain,yellow urine,yellowing of eyes,malaise,receiving blood transfusion,receiving unsterile injections,none,none,none,none,none,none,Hepatitis B
2929,chills,vomiting,fatigue,high fever,headache,nausea,constipation,abdominal pain,diarrhoea,toxic look (typhos),belly pain,none,none,none,none,none,none,Typhoid
1844,itching,fatigue,yellowish skin,dark urine,loss of appetite,abdominal pain,yellow urine,yellowing of eyes,malaise,receiving blood transfusion,receiving unsterile injections,none,none,none,none,none,none,Hepatitis B
3874,itching,fatigue,lethargy,yellowish skin,dark urine,loss of appetite,abdominal pain,yellow urine,yellowing of eyes,malaise,receiving blood transfusion,receiving unsterile injections,none,none,none,none,none,Hepatitis B
1241,shivering,chills,watering from eyes,none,none,none,none,none,none,none,none,none,none,none,none,none,none,Allergy
1851,fatigue,yellowish skin,nausea,loss of appetite,yellowing of eyes,family history,none,none,none,none,none,none,none,none,none,none,none,Hepatitis C
1086,continuous sneezing,chills,fatigue,cough,headache,swelled lymph nodes,malaise,phlegm,throat irritation,redness of eyes,sinus pressure,runny nose,congestion,chest pain,loss of smell,muscle pain,none,Common Cold
3318,burning micturition,bladder discomfort,foul smell of urine,continuous feel of urine,none,none,none,none,none,none,none,none,none,none,none,none,none,Urinary tract infection
524,acidity,indigestion,headache,excessive hunger,stiff neck,depression,irritability,visual disturbances,none,none,none,none,none,none,none,none,none,Migraine
746,vomiting,fatigue,anxiety,headache,nausea,blurred and distorted vision,excessive hunger,drying and tingling lips,slurred speech,irritability,palpitations,none,none,none,none,none,none,Hypoglycemia
4347,continuous sneezing,shivering,chills,watering from eyes,none,none,none,none,none,none,none,none,none,none,none,none,none,Allergy
2630,muscle wasting,patches in throat,high fever,extra marital contacts,none,none,none,none,none,none,none,none,none,none,none,none,none,AIDS
3069,muscle weakness,stiff neck,swelling joints,movement stiffness,painful walking,none,none,none,none,none,none,none,none,none,none,none,none,Arthritis
250,chills,vomiting,fatigue,weight loss,cough,high fever,breathlessness,sweating,loss of appetite,mild fever,yellowing of eyes,swelled lymph nodes,malaise,phlegm,chest pain,blood in sputum,none,Tuberculosis
1661,stomach pain,ulcers on tongue,vomiting,cough,chest pain,none,none,none,none,none,none,none,none,none,none,none,none,GERD
4706,fatigue,mood swings,weight loss,restlessness,sweating,diarrhoea,fast heart rate,excessive hunger,muscle weakness,irritability,abnormal menstruation,none,none,none,none,none,none,Hyperthyroidism
4647,itching,vomiting,fatigue,weight loss,high fever,yellowish skin,dark urine,abdominal pain,none,none,none,none,none,none,none,none,none,Jaundice
3263,vomiting,yellowish skin,abdominal pain,swelling of stomach,distention of abdomen,history of alcohol consumption,fluid overload,none,none,none,none,none,none,none,none,none,none,Alcoholic hepatitis
1436,itching,fatigue,lethargy,yellowish skin,loss of appetite,abdominal pain,yellow urine,yellowing of eyes,malaise,receiving blood transfusion,receiving unsterile injections,none,none,none,none,none,none,Hepatitis B
2257,itching,fatigue,lethargy,yellowish skin,dark urine,abdominal pain,yellow urine,yellowing of eyes,malaise,receiving blood transfusion,receiving unsterile injections,none,none,none,none,none,none,Hepatitis B
547,headache,weakness of one body side,altered sensorium,none,none,none,none,none,none,none,none,none,none,none,none,none,none,Paralysis (brain hemorrhage)
4386,skin rash,high fever,blister,red sore around nose,yellow crust ooze,none,none,none,none,none,none,none,none,none,none,none,none,Impetigo
4137,skin rash,pus filled pimples,blackheads,scurring,none,none,none,none,none,none,none,none,none,none,none,none,none,Acne
3348,chills,fatigue,cough,high fever,breathlessness,sweating,malaise,phlegm,chest pain,fast heart rate,rusty sputum,none,none,none,none,none,none,Pneumonia
2766,joint pain,vomiting,yellowish skin,dark urine,nausea,loss of appetite,abdominal pain,diarrhoea,mild fever,yellowing of eyes,muscle pain,none,none,none,none,none,none,hepatitis A
135,vomiting,headache,weakness of one body side,none,none,none,none,none,none,none,none,none,none,none,none,none,none,Paralysis (brain hemorrhage)
1551,fatigue,mood swings,weight loss,restlessness,sweating,diarrhoea,fast heart rate,excessive hunger,muscle weakness,irritability,abnormal menstruation,none,none,none,none,none,none,Hyperthyroidism
4522,back pain,weakness in limbs,neck pain,dizziness,loss of balance,none,none,none,none,none,none,none,none,none,none,none,none,Cervical spondylosis
4802,vomiting,indigestion,loss of appetite,abdominal pain,passage of gases,internal itching,none,none,none,none,none,none,none,none,none,none,none,Peptic ulcer diseae
4247,vomiting,yellowish skin,abdominal pain,swelling of stomach,distention of abdomen,history of alcohol consumption,fluid overload,none,none,none,none,none,none,none,none,none,none,Alcoholic hepatitis
1266,itching,vomiting,yellowish skin,nausea,loss of appetite,yellowing of eyes,none,none,none,none,none,none,none,none,none,none,none,Chronic cholestasis
3155,skin rash,joint pain,skin peeling,silver like dusting,small dents in nails,inflammatory nails,none,none,none,none,none,none,none,none,none,none,none,Psoriasis
2738,fatigue,mood swings,weight loss,restlessness,sweating,diarrhoea,fast heart rate,excessive hunger,muscle weakness,irritability,abnormal menstruation,none,none,none,none,none,none,Hyperthyroidism
160,itching,skin rash,fatigue,lethargy,high fever,headache,loss of appetite,mild fever,swelled lymph nodes,malaise,red spots over body,none,none,none,none,none,none,Chicken pox
643,vomiting,fatigue,high fever,yellowish skin,dark urine,nausea,loss of appetite,abdominal pain,yellowing of eyes,acute liver failure,coma,stomach bleeding,none,none,none,none,none,Hepatitis E
3136,itching,fatigue,lethargy,yellowish skin,dark urine,loss of appetite,abdominal pain,yellow urine,yellowing of eyes,malaise,receiving blood transfusion,receiving unsterile injections,none,none,none,none,none,Hepatitis B
785,skin rash,pus filled pimples,blackheads,none,none,none,none,none,none,none,none,none,none,none,none,none,none,Acne
4131,fatigue,weight gain,cold hands and feets,mood swings,lethargy,dizziness,puffy face and eyes,enlarged thyroid,brittle nails,swollen extremeties,depression,irritability,abnormal menstruation,none,none,none,none,Hypothyroidism
2816,constipation,pain during bowel movements,pain in anal region,bloody stool,irritation in anus,none,none,none,none,none,none,none,none,none,none,none,none,Dimorphic hemmorhoids(piles)
3239,itching,skin rash,nodal skin eruptions,dischromic  patches,none,none,none,none,none,none,none,none,none,none,none,none,none,Fungal infection
1918,chills,fatigue,cough,high fever,breathlessness,malaise,phlegm,chest pain,fast heart rate,rusty sputum,none,none,none,none,none,none,none,Pneumonia
3994,skin rash,chills,joint pain,vomiting,fatigue,high fever,headache,nausea,loss of appetite,pain behind the eyes,back pain,malaise,muscle pain,red spots over body,none,none,none,Dengue
4707,vomiting,fatigue,anxiety,sweating,headache,nausea,blurred and distorted vision,excessive hunger,drying and tingling lips,slurred speech,irritability,palpitations,none,none,none,none,none,Hypoglycemia
1540,fatigue,weight gain,cold hands and feets,mood swings,lethargy,dizziness,puffy face and eyes,enlarged thyroid,brittle nails,swollen extremeties,depression,irritability,abnormal menstruation,none,none,none,none,Hypothyroidism
3187,fatigue,cramps,bruising,obesity,swollen legs,swollen blood vessels,prominent veins on calf,none,none,none,none,none,none,none,none,none,none,Varicose veins
2909,skin rash,joint pain,skin peeling,silver like dusting,small dents in nails,inflammatory nails,none,none,none,none,none,none,none,none,none,none,none,Psoriasis
4166,chills,vomiting,fatigue,weight loss,cough,high fever,breathlessness,sweating,loss of appetite,mild fever,yellowing of eyes,swelled lymph nodes,malaise,phlegm,chest pain,blood in sputum,none,Tuberculosis
675,continuous sneezing,chills,fatigue,high fever,headache,swelled lymph nodes,malaise,phlegm,throat irritation,redness of eyes,sinus pressure,runny nose,congestion,chest pain,loss of smell,muscle pain,none,Common Cold
1173,muscle weakness,swelling joints,movement stiffness,painful walking,none,none,none,none,none,none,none,none,none,none,none,none,none,Arthritis
1195,skin rash,pus filled pimples,blackheads,none,none,none,none,none,none,none,none,none,none,none,none,none,none,Acne
1393,itching,skin rash,lethargy,high fever,headache,loss of appetite,mild fever,swelled lymph nodes,malaise,red spots over body,none,none,none,none,none,none,none,Chicken pox
1154,vomiting,anxiety,sweating,headache,nausea,blurred and distorted vision,excessive hunger,drying and tingling lips,slurred speech,irritability,palpitations,none,none,none,none,none,none,Hypoglycemia
1684,itching,skin rash,stomach pain,burning micturition,none,none,none,none,none,none,none,none,none,none,none,none,none,Drug Reaction
1409,skin rash,chills,joint pain,vomiting,fatigue,headache,nausea,loss of appetite,pain behind the eyes,back pain,malaise,muscle pain,red spots over body,none,none,none,none,Dengue
4576,chills,vomiting,fatigue,weight loss,cough,high fever,breathlessness,sweating,loss of appetite,mild fever,yellowing of eyes,swelled lymph nodes,malaise,phlegm,chest pain,blood in sputum,none,Tuberculosis
3825,back pain,weakness in limbs,neck pain,dizziness,loss of balance,none,none,none,none,none,none,none,none,none,none,none,none,Cervical spondylosis
2470,headache,chest pain,dizziness,loss of balance,lack of concentration,none,none,none,none,none,none,none,none,none,none,none,none,Hypertension
4455,chills,fatigue,cough,high fever,breathlessness,sweating,malaise,phlegm,chest pain,fast heart rate,rusty sputum,none,none,none,none,none,none,Pneumonia
3015,joint pain,vomiting,fatigue,yellowish skin,dark urine,nausea,loss of appetite,abdominal pain,yellowing of eyes,none,none,none,none,none,none,none,none,Hepatitis D
2330,constipation,pain during bowel movements,pain in anal region,bloody stool,irritation in anus,none,none,none,none,none,none,none,none,none,none,none,none,Dimorphic hemmorhoids(piles)
2883,vomiting,headache,weakness of one body side,altered sensorium,none,none,none,none,none,none,none,none,none,none,none,none,none,Paralysis (brain hemorrhage)
319,fatigue,weight gain,cold hands and feets,mood swings,lethargy,dizziness,enlarged thyroid,brittle nails,swollen extremeties,depression,irritability,abnormal menstruation,none,none,none,none,none,Hypothyroidism
4588,skin rash,pus filled pimples,blackheads,scurring,none,none,none,none,none,none,none,none,none,none,none,none,none,Acne
694,constipation,pain in anal region,bloody stool,irritation in anus,none,none,none,none,none,none,none,none,none,none,none,none,none,Dimorphic hemmorhoids(piles)
2333,pain during bowel movements,pain in anal region,bloody stool,irritation in anus,none,none,none,none,none,none,none,none,none,none,none,none,none,Dimorphic hemmorhoids(piles)
580,skin rash,chills,joint pain,vomiting,fatigue,high fever,headache,nausea,loss of appetite,pain behind the eyes,back pain,muscle pain,red spots over body,none,none,none,none,Dengue
717,fatigue,cramps,bruising,obesity,swollen legs,prominent veins on calf,none,none,none,none,none,none,none,none,none,none,none,Varicose veins
1741,chest pain,dizziness,loss of balance,lack of concentration,none,none,none,none,none,none,none,none,none,none,none,none,none,Hypertension
4426,skin rash,joint pain,skin peeling,silver like dusting,small dents in nails,inflammatory nails,none,none,none,none,none,none,none,none,none,none,none,Psoriasis
1790,chills,vomiting,high fever,sweating,headache,nausea,muscle pain,none,none,none,none,none,none,none,none,none,none,Malaria
353,muscle weakness,swelling joints,movement stiffness,painful walking,none,none,none,none,none,none,none,none,none,none,none,none,none,Arthritis
4585,joint pain,neck pain,knee pain,hip joint pain,swelling joints,painful walking,none,none,none,none,none,none,none,none,none,none,none,Osteoarthristis
3659,headache,chest pain,dizziness,loss of balance,lack of concentration,none,none,none,none,none,none,none,none,none,none,none,none,Hypertension
847,stomach pain,ulcers on tongue,vomiting,cough,chest pain,none,none,none,none,none,none,none,none,none,none,none,none,GERD
3078,itching,vomiting,yellowish skin,nausea,loss of appetite,abdominal pain,yellowing of eyes,none,none,none,none,none,none,none,none,none,none,Chronic cholestasis
1045,joint pain,vomiting,fatigue,yellowish skin,nausea,loss of appetite,abdominal pain,yellowing of eyes,none,none,none,none,none,none,none,none,none,Hepatitis D
2931,itching,fatigue,lethargy,yellowish skin,dark urine,loss of appetite,abdominal pain,yellow urine,yellowing of eyes,malaise,receiving blood transfusion,receiving unsterile injections,none,none,none,none,none,Hepatitis B
768,muscle weakness,stiff neck,swelling joints,movement stiffness,painful walking,none,none,none,none,none,none,none,none,none,none,none,none,Arthritis
1376,itching,vomiting,fatigue,weight loss,yellowish skin,dark urine,abdominal pain,none,none,none,none,none,none,none,none,none,none,Jaundice
346,joint pain,neck pain,knee pain,hip joint pain,painful walking,none,none,none,none,none,none,none,none,none,none,none,none,Osteoarthristis
4694,itching,fatigue,lethargy,yellowish skin,dark urine,loss of appetite,abdominal pain,yellow urine,yellowing of eyes,malaise,receiving blood transfusion,receiving unsterile injections,none,none,none,none,none,Hepatitis B
2918,fatigue,weight loss,restlessness,lethargy,irregular sugar level,blurred and distorted vision,obesity,excessive hunger,increased appetite,polyuria,none,none,none,none,none,none,none,Diabetes
4906,chills,fatigue,cough,high fever,breathlessness,sweating,malaise,phlegm,chest pain,fast heart rate,rusty sputum,none,none,none,none,none,none,Pneumonia
3068,joint pain,neck pain,knee pain,hip joint pain,swelling joints,painful walking,none,none,none,none,none,none,none,none,none,none,none,Osteoarthristis
3861,fatigue,weight loss,restlessness,lethargy,irregular sugar level,blurred and distorted vision,obesity,excessive hunger,increased appetite,polyuria,none,none,none,none,none,none,none,Diabetes
1704,muscle wasting,patches in throat,high fever,none,none,none,none,none,none,none,none,none,none,none,none,none,none,AIDS
382,bladder discomfort,foul smell of urine,continuous feel of urine,none,none,none,none,none,none,none,none,none,none,none,none,none,none,Urinary tract infection
4372,continuous sneezing,chills,fatigue,cough,high fever,headache,swelled lymph nodes,malaise,phlegm,throat irritation,redness of eyes,sinus pressure,runny nose,congestion,chest pain,loss of smell,muscle pain,Common Cold
1133,weight gain,cold hands and feets,mood swings,lethargy,dizziness,puffy face and eyes,enlarged thyroid,brittle nails,swollen extremeties,depression,irritability,abnormal menstruation,none,none,none,none,none,Hypothyroidism
3671,joint pain,vomiting,fatigue,yellowish skin,dark urine,nausea,loss of appetite,abdominal pain,yellowing of eyes,none,none,none,none,none,none,none,none,Hepatitis D
4862,vomiting,yellowish skin,abdominal pain,swelling of stomach,distention of abdomen,history of alcohol consumption,fluid overload,none,none,none,none,none,none,none,none,none,none,Alcoholic hepatitis
2819,fatigue,weight gain,cold hands and feets,mood swings,lethargy,dizziness,puffy face and eyes,enlarged thyroid,brittle nails,swollen extremeties,depression,irritability,abnormal menstruation,none,none,none,none,Hypothyroidism
2549,fatigue,weight loss,restlessness,lethargy,irregular sugar level,blurred and distorted vision,obesity,excessive hunger,increased appetite,polyuria,none,none,none,none,none,none,none,Diabetes
4512,stomach pain,acidity,ulcers on tongue,vomiting,cough,chest pain,none,none,none,none,none,none,none,none,none,none,none,GERD
3065,fatigue,weight gain,cold hands and feets,mood swings,lethargy,dizziness,puffy face and eyes,enlarged thyroid,brittle nails,swollen extremeties,depression,irritability,abnormal menstruation,none,none,none,none,Hypothyroidism
4460,fatigue,mood swings,weight loss,restlessness,sweating,diarrhoea,fast heart rate,excessive hunger,muscle weakness,irritability,abnormal menstruation,none,none,none,none,none,none,Hyperthyroidism
1328,cough,high fever,breathlessness,family history,mucoid sputum,none,none,none,none,none,none,none,none,none,none,none,none,Bronchial Asthma
305,fatigue,cramps,bruising,swollen legs,swollen blood vessels,prominent veins on calf,none,none,none,none,none,none,none,none,none,none,none,Varicose veins
326,fatigue,mood swings,weight loss,restlessness,diarrhoea,fast heart rate,excessive hunger,muscle weakness,irritability,abnormal menstruation,none,none,none,none,none,none,none,Hyperthyroidism
284,constipation,pain in anal region,bloody stool,irritation in anus,none,none,none,none,none,none,none,none,none,none,none,none,none,Dimorphic hemmorhoids(piles)
3895,itching,skin rash,nodal skin eruptions,dischromic  patches,none,none,none,none,none,none,none,none,none,none,none,none,none,Fungal infection
874,vomiting,indigestion,abdominal pain,passage of gases,internal itching,none,none,none,none,none,none,none,none,none,none,none,none,Peptic ulcer diseae
3548,joint pain,vomiting,fatigue,yellowish skin,dark urine,nausea,loss of appetite,abdominal pain,yellowing of eyes,none,none,none,none,none,none,none,none,Hepatitis D
3781,fatigue,cough,high fever,breathlessness,family history,mucoid sputum,none,none,none,none,none,none,none,none,none,none,none,Bronchial Asthma
3036,stomach pain,acidity,ulcers on tongue,vomiting,cough,chest pain,none,none,none,none,none,none,none,none,none,none,none,GERD
2685,itching,fatigue,lethargy,yellowish skin,dark urine,loss of appetite,abdominal pain,yellow urine,yellowing of eyes,malaise,receiving blood transfusion,receiving unsterile injections,none,none,none,none,none,Hepatitis B
2646,joint pain,vomiting,fatigue,yellowish skin,dark urine,nausea,loss of appetite,abdominal pain,yellowing of eyes,none,none,none,none,none,none,none,none,Hepatitis D
2629,vomiting,indigestion,loss of appetite,abdominal pain,passage of gases,internal itching,none,none,none,none,none,none,none,none,none,none,none,Peptic ulcer diseae
3515,fatigue,cramps,bruising,obesity,swollen legs,swollen blood vessels,prominent veins on calf,none,none,none,none,none,none,none,none,none,none,Varicose veins
289,constipation,pain during bowel movements,pain in anal region,bloody stool,irritation in anus,none,none,none,none,none,none,none,none,none,none,none,none,Dimorphic hemmorhoids(piles)
4728,vomiting,headache,weakness of one body side,altered sensorium,none,none,none,none,none,none,none,none,none,none,none,none,none,Paralysis (brain hemorrhage)
2399,joint pain,neck pain,knee pain,hip joint pain,swelling joints,painful walking,none,none,none,none,none,none,none,none,none,none,none,Osteoarthristis
4003,continuous sneezing,chills,fatigue,cough,high fever,headache,swelled lymph nodes,malaise,phlegm,throat irritation,redness of eyes,sinus pressure,runny nose,congestion,chest pain,loss of smell,muscle pain,Common Cold
3066,fatigue,mood swings,weight loss,restlessness,sweating,diarrhoea,fast heart rate,excessive hunger,muscle weakness,irritability,abnormal menstruation,none,none,none,none,none,none,Hyperthyroidism
1092,chills,fatigue,cough,high fever,breathlessness,sweating,malaise,phlegm,chest pain,fast heart rate,rusty sputum,none,none,none,none,none,none,Pneumonia
778,vomiting,headache,nausea,spinning movements,loss of balance,unsteadiness,none,none,none,none,none,none,none,none,none,none,none,(vertigo) Paroymsal  Positional Vertigo
904,vomiting,sunken eyes,diarrhoea,none,none,none,none,none,none,none,none,none,none,none,none,none,none,Gastroenteritis
1516,constipation,pain during bowel movements,pain in anal region,irritation in anus,none,none,none,none,none,none,none,none,none,none,none,none,none,Dimorphic hemmorhoids(piles)
4781,chills,vomiting,fatigue,weight loss,cough,high fever,breathlessness,sweating,loss of appetite,mild fever,yellowing of eyes,swelled lymph nodes,malaise,phlegm,chest pain,blood in sputum,none,Tuberculosis
1962,mood swings,weight loss,restlessness,sweating,diarrhoea,fast heart rate,excessive hunger,muscle weakness,irritability,abnormal menstruation,none,none,none,none,none,none,none,Hyperthyroidism
4664,fatigue,weight gain,cold hands and feets,mood swings,lethargy,dizziness,puffy face and eyes,enlarged thyroid,brittle nails,swollen extremeties,depression,irritability,abnormal menstruation,none,none,none,none,Hypothyroidism
2445,skin rash,joint pain,skin peeling,small dents in nails,inflammatory nails,none,none,none,none,none,none,none,none,none,none,none,none,Psoriasis
3808,vomiting,headache,nausea,spinning movements,loss of balance,unsteadiness,none,none,none,none,none,none,none,none,none,none,none,(vertigo) Paroymsal  Positional Vertigo
2465,vomiting,indigestion,loss of appetite,abdominal pain,passage of gases,internal itching,none,none,none,none,none,none,none,none,none,none,none,Peptic ulcer diseae
4727,back pain,weakness in limbs,neck pain,dizziness,loss of balance,none,none,none,none,none,none,none,none,none,none,none,none,Cervical spondylosis
2619,vomiting,headache,nausea,spinning movements,loss of balance,unsteadiness,none,none,none,none,none,none,none,none,none,none,none,(vertigo) Paroymsal  Positional Vertigo
3750,joint pain,vomiting,yellowish skin,dark urine,nausea,loss of appetite,abdominal pain,diarrhoea,mild fever,yellowing of eyes,muscle pain,none,none,none,none,none,none,hepatitis A
3108,vomiting,fatigue,anxiety,sweating,headache,nausea,blurred and distorted vision,excessive hunger,drying and tingling lips,slurred speech,irritability,palpitations,none,none,none,none,none,Hypoglycemia
748,vomiting,fatigue,anxiety,sweating,headache,blurred and distorted vision,excessive hunger,drying and tingling lips,slurred speech,irritability,palpitations,none,none,none,none,none,none,Hypoglycemia
3293,vomiting,headache,weakness of one body side,altered sensorium,none,none,none,none,none,none,none,none,none,none,none,none,none,Paralysis (brain hemorrhage)
1763,back pain,neck pain,dizziness,loss of balance,none,none,none,none,none,none,none,none,none,none,none,none,none,Cervical spondylosis
2713,fatigue,weight loss,restlessness,lethargy,irregular sugar level,blurred and distorted vision,obesity,excessive hunger,increased appetite,polyuria,none,none,none,none,none,none,none,Diabetes
1321,cough,high fever,breathlessness,family history,mucoid sputum,none,none,none,none,none,none,none,none,none,none,none,none,Bronchial Asthma
368,vomiting,headache,nausea,spinning movements,loss of balance,unsteadiness,none,none,none,none,none,none,none,none,none,none,none,(vertigo) Paroymsal  Positional Vertigo
4111,acidity,indigestion,headache,blurred and distorted vision,excessive hunger,stiff neck,depression,irritability,visual disturbances,none,none,none,none,none,none,none,none,Migraine
1957,fatigue,weight gain,cold hands and feets,mood swings,dizziness,puffy face and eyes,enlarged thyroid,brittle nails,swollen extremeties,depression,irritability,abnormal menstruation,none,none,none,none,none,Hypothyroidism
2308,chills,vomiting,fatigue,weight loss,cough,high fever,sweating,loss of appetite,mild fever,yellowing of eyes,swelled lymph nodes,malaise,phlegm,chest pain,blood in sputum,none,none,Tuberculosis
4867,vomiting,breathlessness,sweating,chest pain,none,none,none,none,none,none,none,none,none,none,none,none,none,Heart attack
2025,burning micturition,bladder discomfort,foul smell of urine,none,none,none,none,none,none,none,none,none,none,none,none,none,none,Urinary tract infection
231,joint pain,vomiting,fatigue,high fever,yellowish skin,dark urine,nausea,loss of appetite,abdominal pain,yellowing of eyes,acute liver failure,coma,stomach bleeding,none,none,none,none,Hepatitis E
1315,vomiting,sunken eyes,dehydration,none,none,none,none,none,none,none,none,none,none,none,none,none,none,Gastroenteritis
3996,joint pain,vomiting,yellowish skin,dark urine,nausea,loss of appetite,abdominal pain,diarrhoea,mild fever,yellowing of eyes,muscle pain,none,none,none,none,none,none,hepatitis A
1212,joint pain,skin peeling,silver like dusting,small dents in nails,inflammatory nails,none,none,none,none,none,none,none,none,none,none,none,none,Psoriasis
2448,skin rash,joint pain,skin peeling,silver like dusting,small dents in nails,inflammatory nails,none,none,none,none,none,none,none,none,none,none,none,Psoriasis
1676,itching,vomiting,yellowish skin,nausea,loss of appetite,yellowing of eyes,none,none,none,none,none,none,none,none,none,none,none,Chronic cholestasis
3512,chills,fatigue,cough,high fever,breathlessness,sweating,malaise,phlegm,chest pain,fast heart rate,rusty sputum,none,none,none,none,none,none,Pneumonia
4380,joint pain,neck pain,knee pain,hip joint pain,swelling joints,painful walking,none,none,none,none,none,none,none,none,none,none,none,Osteoarthristis
3423,itching,fatigue,lethargy,yellowish skin,dark urine,loss of appetite,abdominal pain,yellow urine,yellowing of eyes,malaise,receiving blood transfusion,receiving unsterile injections,none,none,none,none,none,Hepatitis B
1360,vomiting,headache,weakness of one body side,altered sensorium,none,none,none,none,none,none,none,none,none,none,none,none,none,Paralysis (brain hemorrhage)
1291,patches in throat,high fever,extra marital contacts,none,none,none,none,none,none,none,none,none,none,none,none,none,none,AIDS
4035,skin rash,chills,joint pain,vomiting,fatigue,high fever,headache,nausea,loss of appetite,pain behind the eyes,back pain,malaise,muscle pain,red spots over body,none,none,none,Dengue
1422,vomiting,yellowish skin,dark urine,nausea,loss of appetite,abdominal pain,diarrhoea,mild fever,yellowing of eyes,muscle pain,none,none,none,none,none,none,none,hepatitis A
4032,itching,vomiting,fatigue,weight loss,high fever,yellowish skin,dark urine,abdominal pain,none,none,none,none,none,none,none,none,none,Jaundice
4854,itching,skin rash,fatigue,lethargy,high fever,headache,loss of appetite,mild fever,swelled lymph nodes,malaise,red spots over body,none,none,none,none,none,none,Chicken pox
875,vomiting,indigestion,loss of appetite,passage of gases,internal itching,none,none,none,none,none,none,none,none,none,none,none,none,Peptic ulcer diseae
4697,joint pain,vomiting,fatigue,high fever,yellowish skin,dark urine,nausea,loss of appetite,abdominal pain,yellowing of eyes,acute liver failure,coma,stomach bleeding,none,none,none,none,Hepatitis E
2622,skin rash,joint pain,skin peeling,silver like dusting,small dents in nails,inflammatory nails,none,none,none,none,none,none,none,none,none,none,none,Psoriasis
3163,muscle wasting,patches in throat,high fever,extra marital contacts,none,none,none,none,none,none,none,none,none,none,none,none,none,AIDS
2023,burning micturition,foul smell of urine,continuous feel of urine,none,none,none,none,none,none,none,none,none,none,none,none,none,none,Urinary tract infection
2193,itching,fatigue,weight loss,high fever,yellowish skin,dark urine,abdominal pain,none,none,none,none,none,none,none,none,none,none,Jaundice
916,fatigue,cough,high fever,breathlessness,family history,none,none,none,none,none,none,none,none,none,none,none,none,Bronchial Asthma
4314,fatigue,cough,high fever,breathlessness,family history,mucoid sputum,none,none,none,none,none,none,none,none,none,none,none,Bronchial Asthma
1709,muscle wasting,patches in throat,high fever,none,none,none,none,none,none,none,none,none,none,none,none,none,none,AIDS
2290,vomiting,yellowish skin,abdominal pain,swelling of stomach,distention of abdomen,history of alcohol consumption,fluid overload,none,none,none,none,none,none,none,none,none,none,Alcoholic hepatitis
1387,chills,vomiting,high fever,sweating,nausea,diarrhoea,muscle pain,none,none,none,none,none,none,none,none,none,none,Malaria
829,itching,skin rash,nodal skin eruptions,dischromic  patches,none,none,none,none,none,none,none,none,none,none,none,none,none,Fungal infection
1273,itching,skin rash,stomach pain,spotting  urination,none,none,none,none,none,none,none,none,none,none,none,none,none,Drug Reaction
31,vomiting,yellowish skin,nausea,loss of appetite,abdominal pain,yellowing of eyes,none,none,none,none,none,none,none,none,none,none,none,Chronic cholestasis
88,vomiting,dehydration,diarrhoea,none,none,none,none,none,none,none,none,none,none,none,none,none,none,Gastroenteritis
1111,vomiting,breathlessness,sweating,chest pain,none,none,none,none,none,none,none,none,none,none,none,none,none,Heart attack
4875,skin rash,pus filled pimples,blackheads,scurring,none,none,none,none,none,none,none,none,none,none,none,none,none,Acne
2081,vomiting,yellowish skin,nausea,loss of appetite,abdominal pain,yellowing of eyes,none,none,none,none,none,none,none,none,none,none,none,Chronic cholestasis
1817,skin rash,chills,joint pain,fatigue,high fever,headache,nausea,loss of appetite,pain behind the eyes,back pain,malaise,muscle pain,red spots over body,none,none,none,none,Dengue
2031,skin rash,joint pain,skin peeling,silver like dusting,small dents in nails,inflammatory nails,none,none,none,none,none,none,none,none,none,none,none,Psoriasis
1924,constipation,pain in anal region,bloody stool,irritation in anus,none,none,none,none,none,none,none,none,none,none,none,none,none,Dimorphic hemmorhoids(piles)
3785,vomiting,headache,weakness of one body side,altered sensorium,none,none,none,none,none,none,none,none,none,none,none,none,none,Paralysis (brain hemorrhage)
2309,chills,vomiting,fatigue,weight loss,cough,high fever,breathlessness,loss of appetite,mild fever,yellowing of eyes,swelled lymph nodes,malaise,phlegm,chest pain,blood in sputum,none,none,Tuberculosis
4023,vomiting,indigestion,loss of appetite,abdominal pain,passage of gases,internal itching,none,none,none,none,none,none,none,none,none,none,none,Peptic ulcer diseae
67,patches in throat,high fever,extra marital contacts,none,none,none,none,none,none,none,none,none,none,none,none,none,none,AIDS
504,fatigue,cough,high fever,family history,mucoid sputum,none,none,none,none,none,none,none,none,none,none,none,none,Bronchial Asthma
3208,headache,chest pain,dizziness,loss of balance,lack of concentration,none,none,none,none,none,none,none,none,none,none,none,none,Hypertension
4552,continuous sneezing,shivering,chills,watering from eyes,none,none,none,none,none,none,none,none,none,none,none,none,none,Allergy
2493,vomiting,fatigue,anxiety,sweating,headache,nausea,blurred and distorted vision,excessive hunger,drying and tingling lips,slurred speech,irritability,palpitations,none,none,none,none,none,Hypoglycemia
1864,joint pain,vomiting,fatigue,dark urine,nausea,loss of appetite,abdominal pain,yellowing of eyes,none,none,none,none,none,none,none,none,none,Hepatitis D
3797,chills,vomiting,fatigue,weight loss,cough,high fever,breathlessness,sweating,loss of appetite,mild fever,yellowing of eyes,swelled lymph nodes,malaise,phlegm,chest pain,blood in sputum,none,Tuberculosis
4116,itching,skin rash,fatigue,lethargy,high fever,headache,loss of appetite,mild fever,swelled lymph nodes,malaise,red spots over body,none,none,none,none,none,none,Chicken pox
715,fatigue,cramps,bruising,swollen legs,swollen blood vessels,prominent veins on calf,none,none,none,none,none,none,none,none,none,none,none,Varicose veins
469,vomiting,indigestion,loss of appetite,abdominal pain,passage of gases,internal itching,none,none,none,none,none,none,none,none,none,none,none,Peptic ulcer diseae
4305,itching,skin rash,nodal skin eruptions,dischromic  patches,none,none,none,none,none,none,none,none,none,none,none,none,none,Fungal infection
1138,fatigue,weight gain,cold hands and feets,mood swings,lethargy,puffy face and eyes,enlarged thyroid,brittle nails,swollen extremeties,depression,irritability,abnormal menstruation,none,none,none,none,none,Hypothyroidism
357,muscle weakness,stiff neck,swelling joints,movement stiffness,none,none,none,none,none,none,none,none,none,none,none,none,none,Arthritis
679,continuous sneezing,chills,fatigue,cough,high fever,headache,swelled lymph nodes,phlegm,throat irritation,redness of eyes,sinus pressure,runny nose,congestion,chest pain,loss of smell,muscle pain,none,Common Cold
55,vomiting,indigestion,loss of appetite,passage of gases,internal itching,none,none,none,none,none,none,none,none,none,none,none,none,Peptic ulcer diseae
2779,fatigue,mood swings,weight loss,restlessness,sweating,diarrhoea,fast heart rate,excessive hunger,muscle weakness,irritability,abnormal menstruation,none,none,none,none,none,none,Hyperthyroidism
713,fatigue,bruising,obesity,swollen legs,swollen blood vessels,prominent veins on calf,none,none,none,none,none,none,none,none,none,none,none,Varicose veins
4085,continuous sneezing,chills,fatigue,cough,high fever,headache,swelled lymph nodes,malaise,phlegm,throat irritation,redness of eyes,sinus pressure,runny nose,congestion,chest pain,loss of smell,muscle pain,Common Cold
4056,burning micturition,bladder discomfort,foul smell of urine,continuous feel of urine,none,none,none,none,none,none,none,none,none,none,none,none,none,Urinary tract infection
3170,vomiting,headache,weakness of one body side,altered sensorium,none,none,none,none,none,none,none,none,none,none,none,none,none,Paralysis (brain hemorrhage)
872,indigestion,loss of appetite,abdominal pain,passage of gases,internal itching,none,none,none,none,none,none,none,none,none,none,none,none,Peptic ulcer diseae
799,burning micturition,bladder discomfort,continuous feel of urine,none,none,none,none,none,none,none,none,none,none,none,none,none,none,Urinary tract infection
3132,itching,skin rash,fatigue,lethargy,high fever,headache,loss of appetite,mild fever,swelled lymph nodes,malaise,red spots over body,none,none,none,none,none,none,Chicken pox
897,fatigue,weight loss,restlessness,lethargy,irregular sugar level,obesity,excessive hunger,increased appetite,polyuria,none,none,none,none,none,none,none,none,Diabetes
3447,itching,vomiting,yellowish skin,nausea,loss of appetite,abdominal pain,yellowing of eyes,none,none,none,none,none,none,none,none,none,none,Chronic cholestasis
1280,vomiting,loss of appetite,abdominal pain,passage of gases,internal itching,none,none,none,none,none,none,none,none,none,none,none,none,Peptic ulcer diseae
4466,burning micturition,bladder discomfort,foul smell of urine,continuous feel of urine,none,none,none,none,none,none,none,none,none,none,none,none,none,Urinary tract infection
4461,vomiting,fatigue,anxiety,sweating,headache,nausea,blurred and distorted vision,excessive hunger,drying and tingling lips,slurred speech,irritability,palpitations,none,none,none,none,none,Hypoglycemia
2696,fatigue,weight gain,cold hands and feets,mood swings,lethargy,dizziness,puffy face and eyes,enlarged thyroid,brittle nails,swollen extremeties,depression,irritability,abnormal menstruation,none,none,none,none,Hypothyroidism
4502,vomiting,fatigue,anxiety,sweating,headache,nausea,blurred and distorted vision,excessive hunger,drying and tingling lips,slurred speech,irritability,palpitations,none,none,none,none,none,Hypoglycemia
3225,chills,fatigue,cough,high fever,breathlessness,sweating,malaise,phlegm,chest pain,fast heart rate,rusty sputum,none,none,none,none,none,none,Pneumonia
1392,itching,fatigue,lethargy,high fever,headache,loss of appetite,mild fever,swelled lymph nodes,malaise,red spots over body,none,none,none,none,none,none,none,Chicken pox
2403,muscle weakness,swelling joints,movement stiffness,painful walking,none,none,none,none,none,none,none,none,none,none,none,none,none,Arthritis
3790,chills,vomiting,fatigue,high fever,headache,nausea,constipation,abdominal pain,diarrhoea,toxic look (typhos),belly pain,none,none,none,none,none,none,Typhoid
3233,muscle weakness,stiff neck,swelling joints,movement stiffness,painful walking,none,none,none,none,none,none,none,none,none,none,none,none,Arthritis
32,itching,yellowish skin,nausea,loss of appetite,abdominal pain,yellowing of eyes,none,none,none,none,none,none,none,none,none,none,none,Chronic cholestasis
4611,joint pain,vomiting,yellowish skin,dark urine,nausea,loss of appetite,abdominal pain,diarrhoea,mild fever,yellowing of eyes,muscle pain,none,none,none,none,none,none,hepatitis A
4907,constipation,pain during bowel movements,pain in anal region,bloody stool,irritation in anus,none,none,none,none,none,none,none,none,none,none,none,none,Dimorphic hemmorhoids(piles)
635,joint pain,vomiting,fatigue,yellowish skin,nausea,loss of appetite,abdominal pain,yellowing of eyes,none,none,none,none,none,none,none,none,none,Hepatitis D
3047,vomiting,headache,weakness of one body side,altered sensorium,none,none,none,none,none,none,none,none,none,none,none,none,none,Paralysis (brain hemorrhage)
2343,vomiting,sweating,chest pain,none,none,none,none,none,none,none,none,none,none,none,none,none,none,Heart attack
1635,skin rash,high fever,red sore around nose,yellow crust ooze,none,none,none,none,none,none,none,none,none,none,none,none,none,Impetigo
1999,muscle weakness,stiff neck,swelling joints,movement stiffness,painful walking,none,none,none,none,none,none,none,none,none,none,none,none,Arthritis
4227,itching,skin rash,stomach pain,burning micturition,spotting  urination,none,none,none,none,none,none,none,none,none,none,none,none,Drug Reaction
1497,continuous sneezing,chills,fatigue,cough,high fever,swelled lymph nodes,malaise,phlegm,throat irritation,redness of eyes,sinus pressure,runny nose,congestion,chest pain,loss of smell,muscle pain,none,Common Cold
3063,vomiting,breathlessness,sweating,chest pain,none,none,none,none,none,none,none,none,none,none,none,none,none,Heart attack
3426,joint pain,vomiting,fatigue,high fever,yellowish skin,dark urine,nausea,loss of appetite,abdominal pain,yellowing of eyes,acute liver failure,coma,stomach bleeding,none,none,none,none,Hepatitis E
328,fatigue,mood swings,weight loss,restlessness,sweating,diarrhoea,excessive hunger,muscle weakness,irritability,abnormal menstruation,none,none,none,none,none,none,none,Hyperthyroidism
3087,back pain,weakness in limbs,neck pain,dizziness,loss of balance,none,none,none,none,none,none,none,none,none,none,none,none,Cervical spondylosis
971,chills,vomiting,high fever,sweating,headache,nausea,diarrhoea,muscle pain,none,none,none,none,none,none,none,none,none,Malaria
3227,vomiting,breathlessness,sweating,chest pain,none,none,none,none,none,none,none,none,none,none,none,none,none,Heart attack
4786,fatigue,cramps,bruising,obesity,swollen legs,swollen blood vessels,prominent veins on calf,none,none,none,none,none,none,none,none,none,none,Varicose veins
3256,skin rash,chills,joint pain,vomiting,fatigue,high fever,headache,nausea,loss of appetite,pain behind the eyes,back pain,malaise,muscle pain,red spots over body,none,none,none,Dengue
1490,continuous sneezing,chills,fatigue,cough,high fever,headache,swelled lymph nodes,malaise,phlegm,throat irritation,redness of eyes,sinus pressure,runny nose,congestion,chest pain,loss of smell,muscle pain,Common Cold
781,skin rash,pus filled pimples,blackheads,scurring,none,none,none,none,none,none,none,none,none,none,none,none,none,Acne
2422,pus filled pimples,blackheads,scurring,none,none,none,none,none,none,none,none,none,none,none,none,none,none,Acne
998,skin rash,chills,joint pain,vomiting,high fever,headache,nausea,loss of appetite,pain behind the eyes,back pain,malaise,muscle pain,red spots over body,none,none,none,none,Dengue
19,continuous sneezing,shivering,chills,watering from eyes,none,none,none,none,none,none,none,none,none,none,none,none,none,Allergy
2467,fatigue,weight loss,restlessness,lethargy,irregular sugar level,blurred and distorted vision,obesity,excessive hunger,increased appetite,polyuria,none,none,none,none,none,none,none,Diabetes
3456,back pain,weakness in limbs,neck pain,dizziness,loss of balance,none,none,none,none,none,none,none,none,none,none,none,none,Cervical spondylosis
2749,stomach pain,acidity,ulcers on tongue,vomiting,cough,chest pain,none,none,none,none,none,none,none,none,none,none,none,GERD
292,breathlessness,sweating,chest pain,none,none,none,none,none,none,none,none,none,none,none,none,none,none,Heart attack
1113,vomiting,sweating,chest pain,none,none,none,none,none,none,none,none,none,none,none,none,none,none,Heart attack
2920,fatigue,cough,high fever,breathlessness,family history,mucoid sputum,none,none,none,none,none,none,none,none,none,none,none,Bronchial Asthma
797,burning micturition,bladder discomfort,continuous feel of urine,none,none,none,none,none,none,none,none,none,none,none,none,none,none,Urinary tract infection
2264,fatigue,yellowish skin,loss of appetite,yellowing of eyes,family history,none,none,none,none,none,none,none,none,none,none,none,none,Hepatitis C
1080,continuous sneezing,chills,fatigue,cough,high fever,headache,swelled lymph nodes,malaise,phlegm,throat irritation,redness of eyes,sinus pressure,runny nose,congestion,chest pain,loss of smell,muscle pain,Common Cold
1977,vomiting,fatigue,anxiety,sweating,nausea,blurred and distorted vision,excessive hunger,drying and tingling lips,slurred speech,irritability,palpitations,none,none,none,none,none,none,Hypoglycemia
4894,chills,vomiting,high fever,sweating,headache,nausea,diarrhoea,muscle pain,none,none,none,none,none,none,none,none,none,Malaria
3648,skin rash,high fever,blister,red sore around nose,yellow crust ooze,none,none,none,none,none,none,none,none,none,none,none,none,Impetigo
687,chills,fatigue,cough,high fever,sweating,malaise,phlegm,chest pain,fast heart rate,rusty sputum,none,none,none,none,none,none,none,Pneumonia
3323,stomach pain,acidity,ulcers on tongue,vomiting,cough,chest pain,none,none,none,none,none,none,none,none,none,none,none,GERD
1841,itching,fatigue,lethargy,yellowish skin,dark urine,loss of appetite,abdominal pain,yellow urine,yellowing of eyes,malaise,receiving blood transfusion,receiving unsterile injections,none,none,none,none,none,Hepatitis B
1685,skin rash,stomach pain,burning micturition,spotting  urination,none,none,none,none,none,none,none,none,none,none,none,none,none,Drug Reaction
4489,itching,fatigue,lethargy,yellowish skin,dark urine,loss of appetite,abdominal pain,yellow urine,yellowing of eyes,malaise,receiving blood transfusion,receiving unsterile injections,none,none,none,none,none,Hepatitis B
3020,chills,fatigue,cough,high fever,breathlessness,sweating,malaise,phlegm,chest pain,fast heart rate,rusty sputum,none,none,none,none,none,none,Pneumonia
2249,joint pain,vomiting,yellowish skin,dark urine,nausea,loss of appetite,abdominal pain,mild fever,yellowing of eyes,muscle pain,none,none,none,none,none,none,none,hepatitis A
4061,stomach pain,acidity,ulcers on tongue,vomiting,cough,chest pain,none,none,none,none,none,none,none,none,none,none,none,GERD
2981,vomiting,breathlessness,sweating,chest pain,none,none,none,none,none,none,none,none,none,none,none,none,none,Heart attack
1117,breathlessness,sweating,chest pain,none,none,none,none,none,none,none,none,none,none,none,none,none,none,Heart attack
4891,back pain,weakness in limbs,neck pain,dizziness,loss of balance,none,none,none,none,none,none,none,none,none,none,none,none,Cervical spondylosis
1209,burning micturition,bladder discomfort,continuous feel of urine,none,none,none,none,none,none,none,none,none,none,none,none,none,none,Urinary tract infection
212,yellowish skin,nausea,loss of appetite,yellowing of eyes,family history,none,none,none,none,none,none,none,none,none,none,none,none,Hepatitis C
4264,itching,skin rash,nodal skin eruptions,dischromic  patches,none,none,none,none,none,none,none,none,none,none,none,none,none,Fungal infection
3013,itching,fatigue,lethargy,yellowish skin,dark urine,loss of appetite,abdominal pain,yellow urine,yellowing of eyes,malaise,receiving blood transfusion,receiving unsterile injections,none,none,none,none,none,Hepatitis B
4297,vomiting,fatigue,anxiety,sweating,headache,nausea,blurred and distorted vision,excessive hunger,drying and tingling lips,slurred speech,irritability,palpitations,none,none,none,none,none,Hypoglycemia
2972,itching,fatigue,lethargy,yellowish skin,dark urine,loss of appetite,abdominal pain,yellow urine,yellowing of eyes,malaise,receiving blood transfusion,receiving unsterile injections,none,none,none,none,none,Hepatitis B
258,chills,vomiting,fatigue,weight loss,cough,high fever,sweating,loss of appetite,mild fever,yellowing of eyes,swelled lymph nodes,malaise,phlegm,chest pain,blood in sputum,none,none,Tuberculosis
2376,fatigue,mood swings,weight loss,restlessness,diarrhoea,fast heart rate,excessive hunger,muscle weakness,irritability,abnormal menstruation,none,none,none,none,none,none,none,Hyperthyroidism
3597,fatigue,cramps,bruising,obesity,swollen legs,swollen blood vessels,prominent veins on calf,none,none,none,none,none,none,none,none,none,none,Varicose veins
2952,itching,skin rash,nodal skin eruptions,dischromic  patches,none,none,none,none,none,none,none,none,none,none,none,none,none,Fungal infection
1456,joint pain,vomiting,fatigue,yellowish skin,dark urine,loss of appetite,abdominal pain,yellowing of eyes,none,none,none,none,none,none,none,none,none,Hepatitis D
1312,sunken eyes,dehydration,diarrhoea,none,none,none,none,none,none,none,none,none,none,none,none,none,none,Gastroenteritis
4315,headache,chest pain,dizziness,loss of balance,lack of concentration,none,none,none,none,none,none,none,none,none,none,none,none,Hypertension
1793,vomiting,high fever,sweating,headache,nausea,diarrhoea,muscle pain,none,none,none,none,none,none,none,none,none,none,Malaria
946,back pain,weakness in limbs,neck pain,dizziness,none,none,none,none,none,none,none,none,none,none,none,none,none,Cervical spondylosis
61,patches in throat,high fever,extra marital contacts,none,none,none,none,none,none,none,none,none,none,none,none,none,none,AIDS
1889,vomiting,yellowish skin,abdominal pain,swelling of stomach,distention of abdomen,history of alcohol consumption,fluid overload,none,none,none,none,none,none,none,none,none,none,Alcoholic hepatitis
4281,skin rash,chills,joint pain,vomiting,fatigue,high fever,headache,nausea,loss of appetite,pain behind the eyes,back pain,malaise,muscle pain,red spots over body,none,none,none,Dengue
3764,vomiting,fatigue,anxiety,sweating,headache,nausea,blurred and distorted vision,excessive hunger,drying and tingling lips,slurred speech,irritability,palpitations,none,none,none,none,none,Hypoglycemia
4569,chills,vomiting,fatigue,high fever,headache,nausea,constipation,abdominal pain,diarrhoea,toxic look (typhos),belly pain,none,none,none,none,none,none,Typhoid
1156,vomiting,fatigue,anxiety,headache,nausea,blurred and distorted vision,excessive hunger,drying and tingling lips,slurred speech,irritability,palpitations,none,none,none,none,none,none,Hypoglycemia
3485,itching,skin rash,nodal skin eruptions,dischromic  patches,none,none,none,none,none,none,none,none,none,none,none,none,none,Fungal infection
2454,skin rash,blister,red sore around nose,yellow crust ooze,none,none,none,none,none,none,none,none,none,none,none,none,none,Impetigo
2285,joint pain,vomiting,high fever,yellowish skin,dark urine,nausea,loss of appetite,abdominal pain,yellowing of eyes,acute liver failure,coma,stomach bleeding,none,none,none,none,none,Hepatitis E
4424,skin rash,pus filled pimples,blackheads,scurring,none,none,none,none,none,none,none,none,none,none,none,none,none,Acne
3721,fatigue,weight gain,cold hands and feets,mood swings,lethargy,dizziness,puffy face and eyes,enlarged thyroid,brittle nails,swollen extremeties,depression,irritability,abnormal menstruation,none,none,none,none,Hypothyroidism
4115,chills,vomiting,high fever,sweating,headache,nausea,diarrhoea,muscle pain,none,none,none,none,none,none,none,none,none,Malaria
4384,burning micturition,bladder discomfort,foul smell of urine,continuous feel of urine,none,none,none,none,none,none,none,none,none,none,none,none,none,Urinary tract infection
3083,vomiting,sunken eyes,dehydration,diarrhoea,none,none,none,none,none,none,none,none,none,none,none,none,none,Gastroenteritis
1812,skin rash,chills,joint pain,vomiting,fatigue,high fever,headache,nausea,loss of appetite,pain behind the eyes,back pain,malaise,muscle pain,none,none,none,none,Dengue
4536,continuous sneezing,chills,fatigue,cough,high fever,headache,swelled lymph nodes,malaise,phlegm,throat irritation,redness of eyes,sinus pressure,runny nose,congestion,chest pain,loss of smell,muscle pain,Common Cold
3332,acidity,indigestion,headache,blurred and distorted vision,excessive hunger,stiff neck,depression,irritability,visual disturbances,none,none,none,none,none,none,none,none,Migraine
4475,muscle wasting,patches in throat,high fever,extra marital contacts,none,none,none,none,none,none,none,none,none,none,none,none,none,AIDS
4635,stomach pain,acidity,ulcers on tongue,vomiting,cough,chest pain,none,none,none,none,none,none,none,none,none,none,none,GERD
4715,itching,skin rash,nodal skin eruptions,dischromic  patches,none,none,none,none,none,none,none,none,none,none,none,none,none,Fungal infection
2353,fatigue,bruising,obesity,swollen legs,swollen blood vessels,prominent veins on calf,none,none,none,none,none,none,none,none,none,none,none,Varicose veins
2770,joint pain,vomiting,fatigue,high fever,yellowish skin,dark urine,nausea,loss of appetite,abdominal pain,yellowing of eyes,acute liver failure,coma,stomach bleeding,none,none,none,none,Hepatitis E
1785,itching,vomiting,fatigue,high fever,yellowish skin,dark urine,abdominal pain,none,none,none,none,none,none,none,none,none,none,Jaundice
3578,acidity,indigestion,headache,blurred and distorted vision,excessive hunger,stiff neck,depression,irritability,visual disturbances,none,none,none,none,none,none,none,none,Migraine
1060,vomiting,yellowish skin,abdominal pain,swelling of stomach,distention of abdomen,history of alcohol consumption,fluid overload,none,none,none,none,none,none,none,none,none,none,Alcoholic hepatitis
114,acidity,indigestion,headache,excessive hunger,stiff neck,depression,irritability,visual disturbances,none,none,none,none,none,none,none,none,none,Migraine
1700,muscle wasting,patches in throat,high fever,extra marital contacts,none,none,none,none,none,none,none,none,none,none,none,none,none,AIDS
4648,chills,vomiting,high fever,sweating,headache,nausea,diarrhoea,muscle pain,none,none,none,none,none,none,none,none,none,Malaria
1047,joint pain,vomiting,fatigue,yellowish skin,dark urine,nausea,abdominal pain,yellowing of eyes,none,none,none,none,none,none,none,none,none,Hepatitis D
1653,continuous sneezing,shivering,watering from eyes,none,none,none,none,none,none,none,none,none,none,none,none,none,none,Allergy
530,back pain,weakness in limbs,neck pain,dizziness,loss of balance,none,none,none,none,none,none,none,none,none,none,none,none,Cervical spondylosis
449,itching,vomiting,yellowish skin,nausea,loss of appetite,abdominal pain,yellowing of eyes,none,none,none,none,none,none,none,none,none,none,Chronic cholestasis
2109,vomiting,indigestion,loss of appetite,abdominal pain,passage of gases,internal itching,none,none,none,none,none,none,none,none,none,none,none,Peptic ulcer diseae
4098,skin rash,joint pain,skin peeling,silver like dusting,small dents in nails,inflammatory nails,none,none,none,none,none,none,none,none,none,none,none,Psoriasis
3789,skin rash,chills,joint pain,vomiting,fatigue,high fever,headache,nausea,loss of appetite,pain behind the eyes,back pain,malaise,muscle pain,red spots over body,none,none,none,Dengue
3723,vomiting,fatigue,anxiety,sweating,headache,nausea,blurred and distorted vision,excessive hunger,drying and tingling lips,slurred speech,irritability,palpitations,none,none,none,none,none,Hypoglycemia
4118,chills,vomiting,fatigue,high fever,headache,nausea,constipation,abdominal pain,diarrhoea,toxic look (typhos),belly pain,none,none,none,none,none,none,Typhoid
4356,headache,chest pain,dizziness,loss of balance,lack of concentration,none,none,none,none,none,none,none,none,none,none,none,none,Hypertension
226,joint pain,vomiting,fatigue,yellowish skin,dark urine,loss of appetite,abdominal pain,yellowing of eyes,none,none,none,none,none,none,none,none,none,Hepatitis D
4430,stomach pain,acidity,ulcers on tongue,vomiting,cough,chest pain,none,none,none,none,none,none,none,none,none,none,none,GERD
3274,muscle weakness,stiff neck,swelling joints,movement stiffness,painful walking,none,none,none,none,none,none,none,none,none,none,none,none,Arthritis
177,skin rash,chills,joint pain,fatigue,high fever,headache,nausea,loss of appetite,pain behind the eyes,back pain,malaise,muscle pain,red spots over body,none,none,none,none,Dengue
2167,acidity,indigestion,headache,blurred and distorted vision,excessive hunger,stiff neck,irritability,visual disturbances,none,none,none,none,none,none,none,none,none,Migraine
4746,fatigue,weight gain,cold hands and feets,mood swings,lethargy,dizziness,puffy face and eyes,enlarged thyroid,brittle nails,swollen extremeties,depression,irritability,abnormal menstruation,none,none,none,none,Hypothyroidism
3285,vomiting,indigestion,loss of appetite,abdominal pain,passage of gases,internal itching,none,none,none,none,none,none,none,none,none,none,none,Peptic ulcer diseae
623,fatigue,nausea,loss of appetite,yellowing of eyes,family history,none,none,none,none,none,none,none,none,none,none,none,none,Hepatitis C
1863,joint pain,vomiting,yellowish skin,dark urine,nausea,loss of appetite,abdominal pain,yellowing of eyes,none,none,none,none,none,none,none,none,none,Hepatitis D
49,itching,skin rash,stomach pain,burning micturition,none,none,none,none,none,none,none,none,none,none,none,none,none,Drug Reaction
568,chills,vomiting,high fever,sweating,headache,diarrhoea,muscle pain,none,none,none,none,none,none,none,none,none,none,Malaria
1978,vomiting,fatigue,anxiety,sweating,headache,blurred and distorted vision,excessive hunger,drying and tingling lips,slurred speech,irritability,palpitations,none,none,none,none,none,none,Hypoglycemia
337,vomiting,fatigue,anxiety,sweating,nausea,blurred and distorted vision,excessive hunger,drying and tingling lips,slurred speech,irritability,palpitations,none,none,none,none,none,none,Hypoglycemia
2387,vomiting,fatigue,anxiety,sweating,nausea,blurred and distorted vision,excessive hunger,drying and tingling lips,slurred speech,irritability,palpitations,none,none,none,none,none,none,Hypoglycemia
3950,itching,vomiting,fatigue,weight loss,high fever,yellowish skin,dark urine,abdominal pain,none,none,none,none,none,none,none,none,none,Jaundice
225,joint pain,vomiting,fatigue,yellowish skin,nausea,loss of appetite,abdominal pain,yellowing of eyes,none,none,none,none,none,none,none,none,none,Hepatitis D
245,vomiting,yellowish skin,abdominal pain,distention of abdomen,history of alcohol consumption,fluid overload,none,none,none,none,none,none,none,none,none,none,none,Alcoholic hepatitis
1486,chills,vomiting,fatigue,weight loss,high fever,breathlessness,sweating,loss of appetite,mild fever,yellowing of eyes,swelled lymph nodes,malaise,phlegm,chest pain,blood in sputum,none,none,Tuberculosis
1703,muscle wasting,patches in throat,extra marital contacts,none,none,none,none,none,none,none,none,none,none,none,none,none,none,AIDS
3432,vomiting,breathlessness,sweating,chest pain,none,none,none,none,none,none,none,none,none,none,none,none,none,Heart attack
364,vomiting,headache,spinning movements,loss of balance,unsteadiness,none,none,none,none,none,none,none,none,none,none,none,none,(vertigo) Paroymsal  Positional Vertigo
1438,itching,fatigue,lethargy,yellowish skin,dark urine,loss of appetite,yellow urine,yellowing of eyes,malaise,receiving blood transfusion,receiving unsterile injections,none,none,none,none,none,none,Hepatitis B
2293,vomiting,abdominal pain,swelling of stomach,distention of abdomen,history of alcohol consumption,fluid overload,none,none,none,none,none,none,none,none,none,none,none,Alcoholic hepatitis
4073,itching,vomiting,fatigue,weight loss,high fever,yellowish skin,dark urine,abdominal pain,none,none,none,none,none,none,none,none,none,Jaundice
3593,continuous sneezing,chills,fatigue,cough,high fever,headache,swelled lymph nodes,malaise,phlegm,throat irritation,redness of eyes,sinus pressure,runny nose,congestion,chest pain,loss of smell,muscle pain,Common Cold
4437,fatigue,cough,high fever,breathlessness,family history,mucoid sputum,none,none,none,none,none,none,none,none,none,none,none,Bronchial Asthma
348,joint pain,neck pain,knee pain,hip joint pain,swelling joints,painful walking,none,none,none,none,none,none,none,none,none,none,none,Osteoarthristis
4312,fatigue,weight loss,restlessness,lethargy,irregular sugar level,blurred and distorted vision,obesity,excessive hunger,increased appetite,polyuria,none,none,none,none,none,none,none,Diabetes
134,vomiting,headache,altered sensorium,none,none,none,none,none,none,none,none,none,none,none,none,none,none,Paralysis (brain hemorrhage)
3440,skin rash,pus filled pimples,blackheads,scurring,none,none,none,none,none,none,none,none,none,none,none,none,none,Acne
3492,fatigue,weight loss,restlessness,lethargy,irregular sugar level,blurred and distorted vision,obesity,excessive hunger,increased appetite,polyuria,none,none,none,none,none,none,none,Diabetes
2672,fatigue,weight loss,restlessness,lethargy,irregular sugar level,blurred and distorted vision,obesity,excessive hunger,increased appetite,polyuria,none,none,none,none,none,none,none,Diabetes
460,vomiting,loss of appetite,abdominal pain,passage of gases,internal itching,none,none,none,none,none,none,none,none,none,none,none,none,Peptic ulcer diseae
3175,chills,vomiting,fatigue,high fever,headache,nausea,constipation,abdominal pain,diarrhoea,toxic look (typhos),belly pain,none,none,none,none,none,none,Typhoid
965,itching,vomiting,fatigue,high fever,yellowish skin,dark urine,abdominal pain,none,none,none,none,none,none,none,none,none,none,Jaundice
1267,itching,vomiting,yellowish skin,nausea,loss of appetite,abdominal pain,none,none,none,none,none,none,none,none,none,none,none,Chronic cholestasis
2203,vomiting,high fever,sweating,headache,nausea,diarrhoea,muscle pain,none,none,none,none,none,none,none,none,none,none,Malaria
669,chills,vomiting,fatigue,weight loss,cough,high fever,breathlessness,loss of appetite,mild fever,yellowing of eyes,swelled lymph nodes,malaise,phlegm,chest pain,blood in sputum,none,none,Tuberculosis
2073,stomach pain,acidity,ulcers on tongue,cough,chest pain,none,none,none,none,none,none,none,none,none,none,none,none,GERD
2744,burning micturition,bladder discomfort,foul smell of urine,continuous feel of urine,none,none,none,none,none,none,none,none,none,none,none,none,none,Urinary tract infection
1666,acidity,ulcers on tongue,vomiting,cough,chest pain,none,none,none,none,none,none,none,none,none,none,none,none,GERD
3842,vomiting,breathlessness,sweating,chest pain,none,none,none,none,none,none,none,none,none,none,none,none,none,Heart attack
1602,pus filled pimples,blackheads,scurring,none,none,none,none,none,none,none,none,none,none,none,none,none,none,Acne
3843,fatigue,cramps,bruising,obesity,swollen legs,swollen blood vessels,prominent veins on calf,none,none,none,none,none,none,none,none,none,none,Varicose veins
2751,itching,skin rash,stomach pain,burning micturition,spotting  urination,none,none,none,none,none,none,none,none,none,none,none,none,Drug Reaction
1056,joint pain,vomiting,fatigue,yellowish skin,dark urine,nausea,loss of appetite,abdominal pain,yellowing of eyes,acute liver failure,coma,stomach bleeding,none,none,none,none,none,Hepatitis E
340,joint pain,neck pain,knee pain,hip joint pain,swelling joints,painful walking,none,none,none,none,none,none,none,none,none,none,none,Osteoarthristis
4149,vomiting,sunken eyes,dehydration,diarrhoea,none,none,none,none,none,none,none,none,none,none,none,none,none,Gastroenteritis
243,vomiting,abdominal pain,swelling of stomach,distention of abdomen,history of alcohol consumption,fluid overload,none,none,none,none,none,none,none,none,none,none,none,Alcoholic hepatitis
1215,skin rash,joint pain,skin peeling,small dents in nails,inflammatory nails,none,none,none,none,none,none,none,none,none,none,none,none,Psoriasis
303,fatigue,bruising,obesity,swollen legs,swollen blood vessels,prominent veins on calf,none,none,none,none,none,none,none,none,none,none,none,Varicose veins
2843,itching,vomiting,fatigue,weight loss,high fever,yellowish skin,dark urine,abdominal pain,none,none,none,none,none,none,none,none,none,Jaundice
2652,constipation,pain during bowel movements,pain in anal region,bloody stool,irritation in anus,none,none,none,none,none,none,none,none,none,none,none,none,Dimorphic hemmorhoids(piles)
11,shivering,chills,watering from eyes,none,none,none,none,none,none,none,none,none,none,none,none,none,none,Allergy
1475,vomiting,yellowish skin,abdominal pain,distention of abdomen,history of alcohol consumption,fluid overload,none,none,none,none,none,none,none,none,none,none,none,Alcoholic hepatitis
909,vomiting,sunken eyes,diarrhoea,none,none,none,none,none,none,none,none,none,none,none,none,none,none,Gastroenteritis
1854,fatigue,yellowish skin,loss of appetite,yellowing of eyes,family history,none,none,none,none,none,none,none,none,none,none,none,none,Hepatitis C
370,skin rash,pus filled pimples,blackheads,scurring,none,none,none,none,none,none,none,none,none,none,none,none,none,Acne
4748,vomiting,fatigue,anxiety,sweating,headache,nausea,blurred and distorted vision,excessive hunger,drying and tingling lips,slurred speech,irritability,palpitations,none,none,none,none,none,Hypoglycemia
936,acidity,indigestion,headache,blurred and distorted vision,excessive hunger,depression,irritability,visual disturbances,none,none,none,none,none,none,none,none,none,Migraine
4890,acidity,indigestion,headache,blurred and distorted vision,excessive hunger,stiff neck,depression,irritability,visual disturbances,none,none,none,none,none,none,none,none,Migraine
3141,chills,vomiting,fatigue,weight loss,cough,high fever,breathlessness,sweating,loss of appetite,mild fever,yellowing of eyes,swelled lymph nodes,malaise,phlegm,chest pain,blood in sputum,none,Tuberculosis
1995,muscle weakness,stiff neck,swelling joints,painful walking,none,none,none,none,none,none,none,none,none,none,none,none,none,Arthritis
4348,stomach pain,acidity,ulcers on tongue,vomiting,cough,chest pain,none,none,none,none,none,none,none,none,none,none,none,GERD
2978,continuous sneezing,chills,fatigue,cough,high fever,headache,swelled lymph nodes,malaise,phlegm,throat irritation,redness of eyes,sinus pressure,runny nose,congestion,chest pain,loss of smell,muscle pain,Common Cold
2347,breathlessness,sweating,chest pain,none,none,none,none,none,none,none,none,none,none,none,none,none,none,Heart attack
1765,back pain,weakness in limbs,neck pain,loss of balance,none,none,none,none,none,none,none,none,none,none,none,none,none,Cervical spondylosis
1810,skin rash,chills,joint pain,vomiting,fatigue,high fever,headache,nausea,loss of appetite,pain behind the eyes,back pain,muscle pain,red spots over body,none,none,none,none,Dengue
94,fatigue,cough,high fever,family history,mucoid sputum,none,none,none,none,none,none,none,none,none,none,none,none,Bronchial Asthma
3714,vomiting,yellowish skin,abdominal pain,swelling of stomach,distention of abdomen,history of alcohol consumption,fluid overload,none,none,none,none,none,none,none,none,none,none,Alcoholic hepatitis
1303,fatigue,restlessness,lethargy,irregular sugar level,blurred and distorted vision,obesity,excessive hunger,increased appetite,polyuria,none,none,none,none,none,none,none,none,Diabetes
3804,fatigue,mood swings,weight loss,restlessness,sweating,diarrhoea,fast heart rate,excessive hunger,muscle weakness,irritability,abnormal menstruation,none,none,none,none,none,none,Hyperthyroidism
360,vomiting,headache,nausea,spinning movements,loss of balance,unsteadiness,none,none,none,none,none,none,none,none,none,none,none,(vertigo) Paroymsal  Positional Vertigo
3999,joint pain,vomiting,fatigue,yellowish skin,dark urine,nausea,loss of appetite,abdominal pain,yellowing of eyes,none,none,none,none,none,none,none,none,Hepatitis D
824,itching,skin rash,nodal skin eruptions,none,none,none,none,none,none,none,none,none,none,none,none,none,none,Fungal infection
2509,vomiting,sunken eyes,dehydration,diarrhoea,none,none,none,none,none,none,none,none,none,none,none,none,none,Gastroenteritis
842,stomach pain,acidity,vomiting,cough,chest pain,none,none,none,none,none,none,none,none,none,none,none,none,GERD
1042,joint pain,fatigue,yellowish skin,dark urine,nausea,loss of appetite,abdominal pain,yellowing of eyes,none,none,none,none,none,none,none,none,none,Hepatitis D
3379,skin rash,chills,joint pain,vomiting,fatigue,high fever,headache,nausea,loss of appetite,pain behind the eyes,back pain,malaise,muscle pain,red spots over body,none,none,none,Dengue
4546,vomiting,headache,nausea,spinning movements,loss of balance,unsteadiness,none,none,none,none,none,none,none,none,none,none,none,(vertigo) Paroymsal  Positional Vertigo
4583,fatigue,mood swings,weight loss,restlessness,sweating,diarrhoea,fast heart rate,excessive hunger,muscle weakness,irritability,abnormal menstruation,none,none,none,none,none,none,Hyperthyroidism
762,stiff neck,swelling joints,movement stiffness,painful walking,none,none,none,none,none,none,none,none,none,none,none,none,none,Arthritis
462,indigestion,loss of appetite,abdominal pain,passage of gases,internal itching,none,none,none,none,none,none,none,none,none,none,none,none,Peptic ulcer diseae
4103,itching,vomiting,yellowish skin,nausea,loss of appetite,abdominal pain,yellowing of eyes,none,none,none,none,none,none,none,none,none,none,Chronic cholestasis
297,breathlessness,sweating,chest pain,none,none,none,none,none,none,none,none,none,none,none,none,none,none,Heart attack
2186,vomiting,headache,weakness of one body side,altered sensorium,none,none,none,none,none,none,none,none,none,none,none,none,none,Paralysis (brain hemorrhage)
4599,fatigue,weight loss,restlessness,lethargy,irregular sugar level,blurred and distorted vision,obesity,excessive hunger,increased appetite,polyuria,none,none,none,none,none,none,none,Diabetes
1068,vomiting,yellowish skin,abdominal pain,swelling of stomach,distention of abdomen,history of alcohol consumption,none,none,none,none,none,none,none,none,none,none,none,Alcoholic hepatitis
3024,fatigue,weight gain,cold hands and feets,mood swings,lethargy,dizziness,puffy face and eyes,enlarged thyroid,brittle nails,swollen extremeties,depression,irritability,abnormal menstruation,none,none,none,none,Hypothyroidism
73,fatigue,restlessness,lethargy,irregular sugar level,blurred and distorted vision,obesity,excessive hunger,increased appetite,polyuria,none,none,none,none,none,none,none,none,Diabetes
626,fatigue,yellowish skin,nausea,loss of appetite,family history,none,none,none,none,none,none,none,none,none,none,none,none,Hepatitis C
3039,vomiting,indigestion,loss of appetite,abdominal pain,passage of gases,internal itching,none,none,none,none,none,none,none,none,none,none,none,Peptic ulcer diseae
2228,skin rash,chills,joint pain,vomiting,high fever,headache,nausea,loss of appetite,pain behind the eyes,back pain,malaise,muscle pain,red spots over body,none,none,none,none,Dengue
264,continuous sneezing,chills,cough,high fever,headache,swelled lymph nodes,malaise,phlegm,throat irritation,redness of eyes,sinus pressure,runny nose,congestion,chest pain,loss of smell,muscle pain,none,Common Cold
1467,joint pain,vomiting,fatigue,high fever,dark urine,nausea,loss of appetite,abdominal pain,yellowing of eyes,acute liver failure,coma,stomach bleeding,none,none,none,none,none,Hepatitis E
1191,skin rash,pus filled pimples,blackheads,scurring,none,none,none,none,none,none,none,none,none,none,none,none,none,Acne
1050,joint pain,vomiting,fatigue,high fever,yellowish skin,dark urine,nausea,loss of appetite,abdominal pain,yellowing of eyes,coma,stomach bleeding,none,none,none,none,none,Hepatitis E
2585,stomach pain,acidity,ulcers on tongue,vomiting,cough,chest pain,none,none,none,none,none,none,none,none,none,none,none,GERD
4745,fatigue,cramps,bruising,obesity,swollen legs,swollen blood vessels,prominent veins on calf,none,none,none,none,none,none,none,none,none,none,Varicose veins
3268,vomiting,breathlessness,sweating,chest pain,none,none,none,none,none,none,none,none,none,none,none,none,none,Heart attack
137,headache,weakness of one body side,altered sensorium,none,none,none,none,none,none,none,none,none,none,none,none,none,none,Paralysis (brain hemorrhage)
4070,acidity,indigestion,headache,blurred and distorted vision,excessive hunger,stiff neck,depression,irritability,visual disturbances,none,none,none,none,none,none,none,none,Migraine
1101,constipation,pain during bowel movements,pain in anal region,bloody stool,irritation in anus,none,none,none,none,none,none,none,none,none,none,none,none,Dimorphic hemmorhoids(piles)
919,fatigue,high fever,breathlessness,family history,mucoid sputum,none,none,none,none,none,none,none,none,none,none,none,none,Bronchial Asthma
3609,continuous sneezing,shivering,chills,watering from eyes,none,none,none,none,none,none,none,none,none,none,none,none,none,Allergy
1831,joint pain,vomiting,yellowish skin,dark urine,nausea,loss of appetite,abdominal pain,diarrhoea,mild fever,yellowing of eyes,muscle pain,none,none,none,none,none,none,hepatitis A
1020,itching,fatigue,lethargy,yellowish skin,dark urine,loss of appetite,abdominal pain,yellow urine,yellowing of eyes,malaise,receiving blood transfusion,receiving unsterile injections,none,none,none,none,none,Hepatitis B
2383,fatigue,anxiety,sweating,headache,nausea,blurred and distorted vision,excessive hunger,drying and tingling lips,slurred speech,irritability,palpitations,none,none,none,none,none,none,Hypoglycemia
3300,itching,fatigue,lethargy,yellowish skin,dark urine,loss of appetite,abdominal pain,yellow urine,yellowing of eyes,malaise,receiving blood transfusion,receiving unsterile injections,none,none,none,none,none,Hepatitis B
2643,joint pain,vomiting,yellowish skin,dark urine,nausea,loss of appetite,abdominal pain,diarrhoea,mild fever,yellowing of eyes,muscle pain,none,none,none,none,none,none,hepatitis A
166,itching,skin rash,fatigue,lethargy,high fever,loss of appetite,mild fever,swelled lymph nodes,malaise,red spots over body,none,none,none,none,none,none,none,Chicken pox
3675,continuous sneezing,chills,fatigue,cough,high fever,headache,swelled lymph nodes,malaise,phlegm,throat irritation,redness of eyes,sinus pressure,runny nose,congestion,chest pain,loss of smell,muscle pain,Common Cold
3538,back pain,weakness in limbs,neck pain,dizziness,loss of balance,none,none,none,none,none,none,none,none,none,none,none,none,Cervical spondylosis
3534,vomiting,sunken eyes,dehydration,diarrhoea,none,none,none,none,none,none,none,none,none,none,none,none,none,Gastroenteritis
266,continuous sneezing,chills,fatigue,cough,headache,swelled lymph nodes,malaise,phlegm,throat irritation,redness of eyes,sinus pressure,runny nose,congestion,chest pain,loss of smell,muscle pain,none,Common Cold
2459,skin rash,blister,red sore around nose,yellow crust ooze,none,none,none,none,none,none,none,none,none,none,none,none,none,Impetigo
2436,burning micturition,bladder discomfort,foul smell of urine,continuous feel of urine,none,none,none,none,none,none,none,none,none,none,none,none,none,Urinary tract infection
3652,itching,vomiting,yellowish skin,nausea,loss of appetite,abdominal pain,yellowing of eyes,none,none,none,none,none,none,none,none,none,none,Chronic cholestasis
4278,itching,vomiting,fatigue,weight loss,high fever,yellowish skin,dark urine,abdominal pain,none,none,none,none,none,none,none,none,none,Jaundice
2822,joint pain,neck pain,knee pain,hip joint pain,swelling joints,painful walking,none,none,none,none,none,none,none,none,none,none,none,Osteoarthristis
2844,chills,vomiting,high fever,sweating,headache,nausea,diarrhoea,muscle pain,none,none,none,none,none,none,none,none,none,Malaria
4617,chills,vomiting,fatigue,weight loss,cough,high fever,breathlessness,sweating,loss of appetite,mild fever,yellowing of eyes,swelled lymph nodes,malaise,phlegm,chest pain,blood in sputum,none,Tuberculosis
2836,fatigue,weight loss,restlessness,lethargy,irregular sugar level,blurred and distorted vision,obesity,excessive hunger,increased appetite,polyuria,none,none,none,none,none,none,none,Diabetes
1157,vomiting,fatigue,anxiety,sweating,nausea,blurred and distorted vision,excessive hunger,drying and tingling lips,slurred speech,irritability,palpitations,none,none,none,none,none,none,Hypoglycemia
995,skin rash,joint pain,vomiting,fatigue,high fever,headache,nausea,loss of appetite,pain behind the eyes,back pain,malaise,muscle pain,red spots over body,none,none,none,none,Dengue
1571,joint pain,neck pain,knee pain,hip joint pain,swelling joints,painful walking,none,none,none,none,none,none,none,none,none,none,none,Osteoarthristis
1289,vomiting,indigestion,loss of appetite,abdominal pain,passage of gases,internal itching,none,none,none,none,none,none,none,none,none,none,none,Peptic ulcer diseae
1789,itching,vomiting,fatigue,weight loss,high fever,yellowish skin,dark urine,none,none,none,none,none,none,none,none,none,none,Jaundice
2540,skin rash,joint pain,skin peeling,silver like dusting,small dents in nails,inflammatory nails,none,none,none,none,none,none,none,none,none,none,none,Psoriasis
859,itching,vomiting,yellowish skin,nausea,loss of appetite,abdominal pain,yellowing of eyes,none,none,none,none,none,none,none,none,none,none,Chronic cholestasis
4596,itching,skin rash,stomach pain,burning micturition,spotting  urination,none,none,none,none,none,none,none,none,none,none,none,none,Drug Reaction
1807,itching,skin rash,fatigue,lethargy,high fever,headache,mild fever,swelled lymph nodes,malaise,red spots over body,none,none,none,none,none,none,none,Chicken pox
4656,joint pain,vomiting,fatigue,high fever,yellowish skin,dark urine,nausea,loss of appetite,abdominal pain,yellowing of eyes,acute liver failure,coma,stomach bleeding,none,none,none,none,Hepatitis E
3686,skin rash,pus filled pimples,blackheads,scurring,none,none,none,none,none,none,none,none,none,none,none,none,none,Acne
2902,fatigue,mood swings,weight loss,restlessness,sweating,diarrhoea,fast heart rate,excessive hunger,muscle weakness,irritability,abnormal menstruation,none,none,none,none,none,none,Hyperthyroidism
2661,skin rash,pus filled pimples,blackheads,scurring,none,none,none,none,none,none,none,none,none,none,none,none,none,Acne
3247,vomiting,sunken eyes,dehydration,diarrhoea,none,none,none,none,none,none,none,none,none,none,none,none,none,Gastroenteritis
1953,weight gain,cold hands and feets,mood swings,lethargy,dizziness,puffy face and eyes,enlarged thyroid,brittle nails,swollen extremeties,depression,irritability,abnormal menstruation,none,none,none,none,none,Hypothyroidism
2989,skin rash,pus filled pimples,blackheads,scurring,none,none,none,none,none,none,none,none,none,none,none,none,none,Acne
3506,fatigue,yellowish skin,nausea,loss of appetite,yellowing of eyes,family history,none,none,none,none,none,none,none,none,none,none,none,Hepatitis C
3292,back pain,weakness in limbs,neck pain,dizziness,loss of balance,none,none,none,none,none,none,none,none,none,none,none,none,Cervical spondylosis
1654,continuous sneezing,shivering,chills,none,none,none,none,none,none,none,none,none,none,none,none,none,none,Allergy
1313,vomiting,dehydration,diarrhoea,none,none,none,none,none,none,none,none,none,none,none,none,none,none,Gastroenteritis
1968,fatigue,mood swings,weight loss,restlessness,sweating,diarrhoea,excessive hunger,muscle weakness,irritability,abnormal menstruation,none,none,none,none,none,none,none,Hyperthyroidism
4390,itching,vomiting,yellowish skin,nausea,loss of appetite,abdominal pain,yellowing of eyes,none,none,none,none,none,none,none,none,none,none,Chronic cholestasis
895,fatigue,weight loss,restlessness,irregular sugar level,blurred and distorted vision,obesity,excessive hunger,increased appetite,polyuria,none,none,none,none,none,none,none,none,Diabetes
3226,constipation,pain during bowel movements,pain in anal region,bloody stool,irritation in anus,none,none,none,none,none,none,none,none,none,none,none,none,Dimorphic hemmorhoids(piles)
2118,muscle wasting,high fever,extra marital contacts,none,none,none,none,none,none,none,none,none,none,none,none,none,none,AIDS
3521,vomiting,headache,nausea,spinning movements,loss of balance,unsteadiness,none,none,none,none,none,none,none,none,none,none,none,(vertigo) Paroymsal  Positional Vertigo
2388,vomiting,fatigue,anxiety,sweating,headache,blurred and distorted vision,excessive hunger,drying and tingling lips,slurred speech,irritability,palpitations,none,none,none,none,none,none,Hypoglycemia
3497,back pain,weakness in limbs,neck pain,dizziness,loss of balance,none,none,none,none,none,none,none,none,none,none,none,none,Cervical spondylosis
2831,stomach pain,acidity,ulcers on tongue,vomiting,cough,chest pain,none,none,none,none,none,none,none,none,none,none,none,GERD
2355,fatigue,cramps,bruising,swollen legs,swollen blood vessels,prominent veins on calf,none,none,none,none,none,none,none,none,none,none,none,Varicose veins
1462,joint pain,vomiting,fatigue,high fever,yellowish skin,dark urine,nausea,loss of appetite,abdominal pain,yellowing of eyes,acute liver failure,coma,stomach bleeding,none,none,none,none,Hepatitis E
4525,chills,vomiting,high fever,sweating,headache,nausea,diarrhoea,muscle pain,none,none,none,none,none,none,none,none,none,Malaria
4277,vomiting,headache,weakness of one body side,altered sensorium,none,none,none,none,none,none,none,none,none,none,none,none,none,Paralysis (brain hemorrhage)
3007,itching,vomiting,fatigue,weight loss,high fever,yellowish skin,dark urine,abdominal pain,none,none,none,none,none,none,none,none,none,Jaundice
4479,headache,chest pain,dizziness,loss of balance,lack of concentration,none,none,none,none,none,none,none,none,none,none,none,none,Hypertension
4883,itching,skin rash,stomach pain,burning micturition,spotting  urination,none,none,none,none,none,none,none,none,none,none,none,none,Drug Reaction
484,fatigue,weight loss,lethargy,irregular sugar level,blurred and distorted vision,obesity,excessive hunger,increased appetite,polyuria,none,none,none,none,none,none,none,none,Diabetes
2508,fatigue,weight loss,restlessness,lethargy,irregular sugar level,blurred and distorted vision,obesity,excessive hunger,increased appetite,polyuria,none,none,none,none,none,none,none,Diabetes
59,vomiting,indigestion,loss of appetite,abdominal pain,passage of gases,internal itching,none,none,none,none,none,none,none,none,none,none,none,Peptic ulcer diseae
4009,fatigue,mood swings,weight loss,restlessness,sweating,diarrhoea,fast heart rate,excessive hunger,muscle weakness,irritability,abnormal menstruation,none,none,none,none,none,none,Hyperthyroidism
4054,vomiting,headache,nausea,spinning movements,loss of balance,unsteadiness,none,none,none,none,none,none,none,none,none,none,none,(vertigo) Paroymsal  Positional Vertigo
1870,joint pain,vomiting,fatigue,high fever,yellowish skin,dark urine,nausea,loss of appetite,abdominal pain,yellowing of eyes,coma,stomach bleeding,none,none,none,none,none,Hepatitis E
1629,skin rash,joint pain,skin peeling,silver like dusting,small dents in nails,inflammatory nails,none,none,none,none,none,none,none,none,none,none,none,Psoriasis
2334,constipation,pain in anal region,bloody stool,irritation in anus,none,none,none,none,none,none,none,none,none,none,none,none,none,Dimorphic hemmorhoids(piles)
2288,joint pain,vomiting,fatigue,high fever,yellowish skin,nausea,loss of appetite,abdominal pain,yellowing of eyes,acute liver failure,coma,stomach bleeding,none,none,none,none,none,Hepatitis E
837,continuous sneezing,shivering,watering from eyes,none,none,none,none,none,none,none,none,none,none,none,none,none,none,Allergy
3809,skin rash,pus filled pimples,blackheads,scurring,none,none,none,none,none,none,none,none,none,none,none,none,none,Acne
186,chills,vomiting,fatigue,high fever,headache,nausea,constipation,abdominal pain,diarrhoea,toxic look (typhos),none,none,none,none,none,none,none,Typhoid
2597,itching,vomiting,fatigue,weight loss,high fever,yellowish skin,dark urine,abdominal pain,none,none,none,none,none,none,none,none,none,Jaundice
2348,vomiting,sweating,chest pain,none,none,none,none,none,none,none,none,none,none,none,none,none,none,Heart attack
2194,itching,vomiting,weight loss,high fever,yellowish skin,dark urine,abdominal pain,none,none,none,none,none,none,none,none,none,none,Jaundice
1476,vomiting,yellowish skin,abdominal pain,swelling of stomach,history of alcohol consumption,fluid overload,none,none,none,none,none,none,none,none,none,none,none,Alcoholic hepatitis
1494,continuous sneezing,chills,cough,high fever,headache,swelled lymph nodes,malaise,phlegm,throat irritation,redness of eyes,sinus pressure,runny nose,congestion,chest pain,loss of smell,muscle pain,none,Common Cold
2601,chills,vomiting,fatigue,high fever,headache,nausea,constipation,abdominal pain,diarrhoea,toxic look (typhos),belly pain,none,none,none,none,none,none,Typhoid
4630,burning micturition,bladder discomfort,foul smell of urine,continuous feel of urine,none,none,none,none,none,none,none,none,none,none,none,none,none,Urinary tract infection
3442,skin rash,joint pain,skin peeling,silver like dusting,small dents in nails,inflammatory nails,none,none,none,none,none,none,none,none,none,none,none,Psoriasis
4162,fatigue,yellowish skin,nausea,loss of appetite,yellowing of eyes,family history,none,none,none,none,none,none,none,none,none,none,none,Hepatitis C
727,fatigue,weight gain,cold hands and feets,mood swings,dizziness,puffy face and eyes,enlarged thyroid,brittle nails,swollen extremeties,depression,irritability,abnormal menstruation,none,none,none,none,none,Hypothyroidism
2460,itching,skin rash,nodal skin eruptions,dischromic  patches,none,none,none,none,none,none,none,none,none,none,none,none,none,Fungal infection
3399,skin rash,pus filled pimples,blackheads,scurring,none,none,none,none,none,none,none,none,none,none,none,none,none,Acne
593,chills,vomiting,fatigue,high fever,headache,nausea,constipation,diarrhoea,toxic look (typhos),belly pain,none,none,none,none,none,none,none,Typhoid
236,joint pain,vomiting,fatigue,yellowish skin,dark urine,nausea,loss of appetite,abdominal pain,yellowing of eyes,acute liver failure,coma,stomach bleeding,none,none,none,none,none,Hepatitis E
288,constipation,pain during bowel movements,pain in anal region,bloody stool,irritation in anus,none,none,none,none,none,none,none,none,none,none,none,none,Dimorphic hemmorhoids(piles)
4836,skin rash,joint pain,skin peeling,silver like dusting,small dents in nails,inflammatory nails,none,none,none,none,none,none,none,none,none,none,none,Psoriasis
2966,itching,vomiting,fatigue,weight loss,high fever,yellowish skin,dark urine,abdominal pain,none,none,none,none,none,none,none,none,none,Jaundice
3342,fatigue,yellowish skin,nausea,loss of appetite,yellowing of eyes,family history,none,none,none,none,none,none,none,none,none,none,none,Hepatitis C
2774,chills,fatigue,cough,high fever,breathlessness,sweating,malaise,phlegm,chest pain,fast heart rate,rusty sputum,none,none,none,none,none,none,Pneumonia
139,vomiting,headache,altered sensorium,none,none,none,none,none,none,none,none,none,none,none,none,none,none,Paralysis (brain hemorrhage)
3259,itching,fatigue,lethargy,yellowish skin,dark urine,loss of appetite,abdominal pain,yellow urine,yellowing of eyes,malaise,receiving blood transfusion,receiving unsterile injections,none,none,none,none,none,Hepatitis B
4005,constipation,pain during bowel movements,pain in anal region,bloody stool,irritation in anus,none,none,none,none,none,none,none,none,none,none,none,none,Dimorphic hemmorhoids(piles)
3031,burning micturition,bladder discomfort,foul smell of urine,continuous feel of urine,none,none,none,none,none,none,none,none,none,none,none,none,none,Urinary tract infection
2284,joint pain,fatigue,high fever,yellowish skin,dark urine,nausea,loss of appetite,abdominal pain,yellowing of eyes,acute liver failure,coma,stomach bleeding,none,none,none,none,none,Hepatitis E
277,chills,fatigue,cough,high fever,sweating,malaise,phlegm,chest pain,fast heart rate,rusty sputum,none,none,none,none,none,none,none,Pneumonia
1106,constipation,pain during bowel movements,pain in anal region,irritation in anus,none,none,none,none,none,none,none,none,none,none,none,none,none,Dimorphic hemmorhoids(piles)
4814,skin rash,chills,joint pain,vomiting,fatigue,high fever,headache,nausea,loss of appetite,pain behind the eyes,back pain,malaise,muscle pain,red spots over body,none,none,none,Dengue
3618,headache,chest pain,dizziness,loss of balance,lack of concentration,none,none,none,none,none,none,none,none,none,none,none,none,Hypertension
229,joint pain,vomiting,fatigue,yellowish skin,dark urine,nausea,loss of appetite,abdominal pain,none,none,none,none,none,none,none,none,none,Hepatitis D
1643,itching,skin rash,dischromic  patches,none,none,none,none,none,none,none,none,none,none,none,none,none,none,Fungal infection
2910,skin rash,high fever,blister,red sore around nose,yellow crust ooze,none,none,none,none,none,none,none,none,none,none,none,none,Impetigo
975,chills,vomiting,sweating,headache,nausea,diarrhoea,muscle pain,none,none,none,none,none,none,none,none,none,none,Malaria
3375,vomiting,headache,weakness of one body side,altered sensorium,none,none,none,none,none,none,none,none,none,none,none,none,none,Paralysis (brain hemorrhage)
4843,vomiting,indigestion,loss of appetite,abdominal pain,passage of gases,internal itching,none,none,none,none,none,none,none,none,none,none,none,Peptic ulcer diseae
2829,itching,skin rash,nodal skin eruptions,dischromic  patches,none,none,none,none,none,none,none,none,none,none,none,none,none,Fungal infection
2420,skin rash,pus filled pimples,blackheads,scurring,none,none,none,none,none,none,none,none,none,none,none,none,none,Acne
3296,itching,skin rash,fatigue,lethargy,high fever,headache,loss of appetite,mild fever,swelled lymph nodes,malaise,red spots over body,none,none,none,none,none,none,Chicken pox
3970,joint pain,neck pain,knee pain,hip joint pain,swelling joints,painful walking,none,none,none,none,none,none,none,none,none,none,none,Osteoarthristis
132,headache,weakness of one body side,altered sensorium,none,none,none,none,none,none,none,none,none,none,none,none,none,none,Paralysis (brain hemorrhage)
4785,vomiting,breathlessness,sweating,chest pain,none,none,none,none,none,none,none,none,none,none,none,none,none,Heart attack
964,itching,vomiting,weight loss,high fever,yellowish skin,dark urine,abdominal pain,none,none,none,none,none,none,none,none,none,none,Jaundice
3510,chills,vomiting,fatigue,weight loss,cough,high fever,breathlessness,sweating,loss of appetite,mild fever,yellowing of eyes,swelled lymph nodes,malaise,phlegm,chest pain,blood in sputum,none,Tuberculosis
2695,fatigue,cramps,bruising,obesity,swollen legs,swollen blood vessels,prominent veins on calf,none,none,none,none,none,none,none,none,none,none,Varicose veins
4142,continuous sneezing,shivering,chills,watering from eyes,none,none,none,none,none,none,none,none,none,none,none,none,none,Allergy
2912,continuous sneezing,shivering,chills,watering from eyes,none,none,none,none,none,none,none,none,none,none,none,none,none,Allergy
1197,skin rash,pus filled pimples,blackheads,none,none,none,none,none,none,none,none,none,none,none,none,none,none,Acne
178,skin rash,chills,joint pain,vomiting,high fever,headache,nausea,loss of appetite,pain behind the eyes,back pain,malaise,muscle pain,red spots over body,none,none,none,none,Dengue
4717,stomach pain,acidity,ulcers on tongue,vomiting,cough,chest pain,none,none,none,none,none,none,none,none,none,none,none,GERD
2224,chills,joint pain,vomiting,fatigue,high fever,headache,nausea,loss of appetite,pain behind the eyes,back pain,malaise,muscle pain,red spots over body,none,none,none,none,Dengue
2439,burning micturition,bladder discomfort,continuous feel of urine,none,none,none,none,none,none,none,none,none,none,none,none,none,none,Urinary tract infection
3792,itching,fatigue,lethargy,yellowish skin,dark urine,loss of appetite,abdominal pain,yellow urine,yellowing of eyes,malaise,receiving blood transfusion,receiving unsterile injections,none,none,none,none,none,Hepatitis B
4542,fatigue,mood swings,weight loss,restlessness,sweating,diarrhoea,fast heart rate,excessive hunger,muscle weakness,irritability,abnormal menstruation,none,none,none,none,none,none,Hyperthyroidism
1725,vomiting,sunken eyes,dehydration,none,none,none,none,none,none,none,none,none,none,none,none,none,none,Gastroenteritis
913,fatigue,cough,breathlessness,family history,mucoid sputum,none,none,none,none,none,none,none,none,none,none,none,none,Bronchial Asthma
1419,chills,fatigue,high fever,headache,nausea,constipation,abdominal pain,diarrhoea,toxic look (typhos),belly pain,none,none,none,none,none,none,none,Typhoid
4809,back pain,weakness in limbs,neck pain,dizziness,loss of balance,none,none,none,none,none,none,none,none,none,none,none,none,Cervical spondylosis
62,muscle wasting,high fever,extra marital contacts,none,none,none,none,none,none,none,none,none,none,none,none,none,none,AIDS
261,continuous sneezing,chills,fatigue,cough,high fever,headache,swelled lymph nodes,malaise,phlegm,throat irritation,redness of eyes,sinus pressure,runny nose,congestion,chest pain,loss of smell,muscle pain,Common Cold
1892,vomiting,fatigue,weight loss,cough,high fever,breathlessness,sweating,loss of appetite,mild fever,yellowing of eyes,swelled lymph nodes,malaise,phlegm,chest pain,blood in sputum,none,none,Tuberculosis
117,acidity,indigestion,headache,blurred and distorted vision,excessive hunger,stiff neck,irritability,visual disturbances,none,none,none,none,none,none,none,none,none,Migraine
1731,cough,high fever,breathlessness,family history,mucoid sputum,none,none,none,none,none,none,none,none,none,none,none,none,Bronchial Asthma
2450,skin rash,high fever,blister,red sore around nose,yellow crust ooze,none,none,none,none,none,none,none,none,none,none,none,none,Impetigo
4561,headache,chest pain,dizziness,loss of balance,lack of concentration,none,none,none,none,none,none,none,none,none,none,none,none,Hypertension
4577,continuous sneezing,chills,fatigue,cough,high fever,headache,swelled lymph nodes,malaise,phlegm,throat irritation,redness of eyes,sinus pressure,runny nose,congestion,chest pain,loss of smell,muscle pain,Common Cold
1187,vomiting,headache,nausea,spinning movements,loss of balance,none,none,none,none,none,none,none,none,none,none,none,none,(vertigo) Paroymsal  Positional Vertigo
2189,vomiting,headache,altered sensorium,none,none,none,none,none,none,none,none,none,none,none,none,none,none,Paralysis (brain hemorrhage)
4769,vomiting,headache,weakness of one body side,altered sensorium,none,none,none,none,none,none,none,none,none,none,none,none,none,Paralysis (brain hemorrhage)
4558,fatigue,weight loss,restlessness,lethargy,irregular sugar level,blurred and distorted vision,obesity,excessive hunger,increased appetite,polyuria,none,none,none,none,none,none,none,Diabetes
3607,skin rash,high fever,blister,red sore around nose,yellow crust ooze,none,none,none,none,none,none,none,none,none,none,none,none,Impetigo
1358,weakness in limbs,neck pain,dizziness,loss of balance,none,none,none,none,none,none,none,none,none,none,none,none,none,Cervical spondylosis
1074,chills,vomiting,weight loss,cough,high fever,breathlessness,sweating,loss of appetite,mild fever,yellowing of eyes,swelled lymph nodes,malaise,phlegm,chest pain,blood in sputum,none,none,Tuberculosis
1595,vomiting,headache,nausea,loss of balance,unsteadiness,none,none,none,none,none,none,none,none,none,none,none,none,(vertigo) Paroymsal  Positional Vertigo
72,weight loss,restlessness,lethargy,irregular sugar level,blurred and distorted vision,obesity,excessive hunger,increased appetite,polyuria,none,none,none,none,none,none,none,none,Diabetes
4497,constipation,pain during bowel movements,pain in anal region,bloody stool,irritation in anus,none,none,none,none,none,none,none,none,none,none,none,none,Dimorphic hemmorhoids(piles)
4393,muscle wasting,patches in throat,high fever,extra marital contacts,none,none,none,none,none,none,none,none,none,none,none,none,none,AIDS
1152,vomiting,fatigue,anxiety,sweating,headache,nausea,blurred and distorted vision,excessive hunger,drying and tingling lips,slurred speech,irritability,palpitations,none,none,none,none,none,Hypoglycemia
2976,vomiting,yellowish skin,abdominal pain,swelling of stomach,distention of abdomen,history of alcohol consumption,fluid overload,none,none,none,none,none,none,none,none,none,none,Alcoholic hepatitis
1904,continuous sneezing,chills,cough,high fever,headache,swelled lymph nodes,malaise,phlegm,throat irritation,redness of eyes,sinus pressure,runny nose,congestion,chest pain,loss of smell,muscle pain,none,Common Cold
152,chills,vomiting,high fever,sweating,headache,nausea,diarrhoea,muscle pain,none,none,none,none,none,none,none,none,none,Malaria
535,back pain,weakness in limbs,neck pain,loss of balance,none,none,none,none,none,none,none,none,none,none,none,none,none,Cervical spondylosis
1427,joint pain,vomiting,yellowish skin,dark urine,nausea,abdominal pain,diarrhoea,mild fever,yellowing of eyes,muscle pain,none,none,none,none,none,none,none,hepatitis A
454,itching,skin rash,stomach pain,burning micturition,none,none,none,none,none,none,none,none,none,none,none,none,none,Drug Reaction
3001,vomiting,sunken eyes,dehydration,diarrhoea,none,none,none,none,none,none,none,none,none,none,none,none,none,Gastroenteritis
2948,skin rash,pus filled pimples,blackheads,scurring,none,none,none,none,none,none,none,none,none,none,none,none,none,Acne
1782,vomiting,fatigue,weight loss,high fever,yellowish skin,dark urine,abdominal pain,none,none,none,none,none,none,none,none,none,none,Jaundice
1762,weakness in limbs,neck pain,dizziness,loss of balance,none,none,none,none,none,none,none,none,none,none,none,none,none,Cervical spondylosis
740,vomiting,fatigue,anxiety,sweating,headache,nausea,blurred and distorted vision,excessive hunger,slurred speech,irritability,palpitations,none,none,none,none,none,none,Hypoglycemia
4582,fatigue,weight gain,cold hands and feets,mood swings,lethargy,dizziness,puffy face and eyes,enlarged thyroid,brittle nails,swollen extremeties,depression,irritability,abnormal menstruation,none,none,none,none,Hypothyroidism
151,chills,vomiting,high fever,sweating,headache,nausea,diarrhoea,muscle pain,none,none,none,none,none,none,none,none,none,Malaria
4123,joint pain,vomiting,fatigue,high fever,yellowish skin,dark urine,nausea,loss of appetite,abdominal pain,yellowing of eyes,acute liver failure,coma,stomach bleeding,none,none,none,none,Hepatitis E
2733,chills,fatigue,cough,high fever,breathlessness,sweating,malaise,phlegm,chest pain,fast heart rate,rusty sputum,none,none,none,none,none,none,Pneumonia
78,fatigue,weight loss,restlessness,lethargy,irregular sugar level,blurred and distorted vision,excessive hunger,increased appetite,polyuria,none,none,none,none,none,none,none,none,Diabetes
867,itching,skin rash,burning micturition,spotting  urination,none,none,none,none,none,none,none,none,none,none,none,none,none,Drug Reaction
4092,vomiting,fatigue,anxiety,sweating,headache,nausea,blurred and distorted vision,excessive hunger,drying and tingling lips,slurred speech,irritability,palpitations,none,none,none,none,none,Hypoglycemia
2718,back pain,weakness in limbs,neck pain,dizziness,loss of balance,none,none,none,none,none,none,none,none,none,none,none,none,Cervical spondylosis
4629,skin rash,pus filled pimples,blackheads,scurring,none,none,none,none,none,none,none,none,none,none,none,none,none,Acne
4853,chills,vomiting,high fever,sweating,headache,nausea,diarrhoea,muscle pain,none,none,none,none,none,none,none,none,none,Malaria
4345,skin rash,high fever,blister,red sore around nose,yellow crust ooze,none,none,none,none,none,none,none,none,none,none,none,none,Impetigo
603,joint pain,yellowish skin,dark urine,nausea,loss of appetite,abdominal pain,diarrhoea,mild fever,yellowing of eyes,muscle pain,none,none,none,none,none,none,none,hepatitis A
2099,itching,skin rash,stomach pain,burning micturition,none,none,none,none,none,none,none,none,none,none,none,none,none,Drug Reaction
3839,continuous sneezing,chills,fatigue,cough,high fever,headache,swelled lymph nodes,malaise,phlegm,throat irritation,redness of eyes,sinus pressure,runny nose,congestion,chest pain,loss of smell,muscle pain,Common Cold
1579,joint pain,neck pain,knee pain,hip joint pain,swelling joints,painful walking,none,none,none,none,none,none,none,none,none,none,none,Osteoarthristis
122,weakness in limbs,neck pain,dizziness,loss of balance,none,none,none,none,none,none,none,none,none,none,none,none,none,Cervical spondylosis
4148,fatigue,weight loss,restlessness,lethargy,irregular sugar level,blurred and distorted vision,obesity,excessive hunger,increased appetite,polyuria,none,none,none,none,none,none,none,Diabetes
1537,fatigue,cramps,bruising,obesity,swollen legs,prominent veins on calf,none,none,none,none,none,none,none,none,none,none,none,Varicose veins
4175,joint pain,neck pain,knee pain,hip joint pain,swelling joints,painful walking,none,none,none,none,none,none,none,none,none,none,none,Osteoarthristis
369,vomiting,headache,nausea,loss of balance,unsteadiness,none,none,none,none,none,none,none,none,none,none,none,none,(vertigo) Paroymsal  Positional Vertigo
1501,chills,fatigue,cough,high fever,breathlessness,sweating,malaise,phlegm,chest pain,fast heart rate,rusty sputum,none,none,none,none,none,none,Pneumonia
1384,chills,high fever,sweating,headache,nausea,diarrhoea,muscle pain,none,none,none,none,none,none,none,none,none,none,Malaria
654,vomiting,yellowish skin,swelling of stomach,distention of abdomen,history of alcohol consumption,fluid overload,none,none,none,none,none,none,none,none,none,none,none,Alcoholic hepatitis
1059,joint pain,vomiting,fatigue,high fever,yellowish skin,dark urine,loss of appetite,abdominal pain,yellowing of eyes,acute liver failure,coma,stomach bleeding,none,none,none,none,none,Hepatitis E
811,skin rash,high fever,blister,red sore around nose,yellow crust ooze,none,none,none,none,none,none,none,none,none,none,none,none,Impetigo
943,back pain,neck pain,dizziness,loss of balance,none,none,none,none,none,none,none,none,none,none,none,none,none,Cervical spondylosis
3866,back pain,weakness in limbs,neck pain,dizziness,loss of balance,none,none,none,none,none,none,none,none,none,none,none,none,Cervical spondylosis
2957,vomiting,indigestion,loss of appetite,abdominal pain,passage of gases,internal itching,none,none,none,none,none,none,none,none,none,none,none,Peptic ulcer diseae
537,back pain,weakness in limbs,neck pain,dizziness,loss of balance,none,none,none,none,none,none,none,none,none,none,none,none,Cervical spondylosis
3465,fatigue,yellowish skin,nausea,loss of appetite,yellowing of eyes,family history,none,none,none,none,none,none,none,none,none,none,none,Hepatitis C
1524,vomiting,breathlessness,chest pain,none,none,none,none,none,none,none,none,none,none,none,none,none,none,Heart attack
914,fatigue,cough,high fever,family history,mucoid sputum,none,none,none,none,none,none,none,none,none,none,none,none,Bronchial Asthma
2354,fatigue,cramps,obesity,swollen legs,swollen blood vessels,prominent veins on calf,none,none,none,none,none,none,none,none,none,none,none,Varicose veins
1819,skin rash,chills,joint pain,vomiting,fatigue,headache,nausea,loss of appetite,pain behind the eyes,back pain,malaise,muscle pain,red spots over body,none,none,none,none,Dengue
4224,continuous sneezing,shivering,chills,watering from eyes,none,none,none,none,none,none,none,none,none,none,none,none,none,Allergy
4017,skin rash,high fever,blister,red sore around nose,yellow crust ooze,none,none,none,none,none,none,none,none,none,none,none,none,Impetigo
104,headache,chest pain,dizziness,lack of concentration,none,none,none,none,none,none,none,none,none,none,none,none,none,Hypertension
3852,skin rash,joint pain,skin peeling,silver like dusting,small dents in nails,inflammatory nails,none,none,none,none,none,none,none,none,none,none,none,Psoriasis
1262,itching,yellowish skin,nausea,loss of appetite,abdominal pain,yellowing of eyes,none,none,none,none,none,none,none,none,none,none,none,Chronic cholestasis
3413,headache,chest pain,dizziness,loss of balance,lack of concentration,none,none,none,none,none,none,none,none,none,none,none,none,Hypertension
1588,muscle weakness,stiff neck,swelling joints,movement stiffness,painful walking,none,none,none,none,none,none,none,none,none,none,none,none,Arthritis
2606,joint pain,vomiting,fatigue,high fever,yellowish skin,dark urine,nausea,loss of appetite,abdominal pain,yellowing of eyes,acute liver failure,coma,stomach bleeding,none,none,none,none,Hepatitis E
3729,skin rash,joint pain,skin peeling,silver like dusting,small dents in nails,inflammatory nails,none,none,none,none,none,none,none,none,none,none,none,Psoriasis
527,acidity,indigestion,headache,blurred and distorted vision,excessive hunger,stiff neck,irritability,visual disturbances,none,none,none,none,none,none,none,none,none,Migraine
1304,fatigue,weight loss,lethargy,irregular sugar level,blurred and distorted vision,obesity,excessive hunger,increased appetite,polyuria,none,none,none,none,none,none,none,none,Diabetes
4125,chills,vomiting,fatigue,weight loss,cough,high fever,breathlessness,sweating,loss of appetite,mild fever,yellowing of eyes,swelled lymph nodes,malaise,phlegm,chest pain,blood in sputum,none,Tuberculosis
1353,back pain,neck pain,dizziness,loss of balance,none,none,none,none,none,none,none,none,none,none,none,none,none,Cervical spondylosis
1296,muscle wasting,patches in throat,high fever,extra marital contacts,none,none,none,none,none,none,none,none,none,none,none,none,none,AIDS
432,stomach pain,acidity,vomiting,cough,chest pain,none,none,none,none,none,none,none,none,none,none,none,none,GERD
3294,itching,vomiting,fatigue,weight loss,high fever,yellowish skin,dark urine,abdominal pain,none,none,none,none,none,none,none,none,none,Jaundice
3081,muscle wasting,patches in throat,high fever,extra marital contacts,none,none,none,none,none,none,none,none,none,none,none,none,none,AIDS
4795,skin rash,joint pain,skin peeling,silver like dusting,small dents in nails,inflammatory nails,none,none,none,none,none,none,none,none,none,none,none,Psoriasis
2226,skin rash,chills,vomiting,fatigue,high fever,headache,nausea,loss of appetite,pain behind the eyes,back pain,malaise,muscle pain,red spots over body,none,none,none,none,Dengue
3012,joint pain,vomiting,yellowish skin,dark urine,nausea,loss of appetite,abdominal pain,diarrhoea,mild fever,yellowing of eyes,muscle pain,none,none,none,none,none,none,hepatitis A
2384,vomiting,anxiety,sweating,headache,nausea,blurred and distorted vision,excessive hunger,drying and tingling lips,slurred speech,irritability,palpitations,none,none,none,none,none,none,Hypoglycemia
3726,vomiting,headache,nausea,spinning movements,loss of balance,unsteadiness,none,none,none,none,none,none,none,none,none,none,none,(vertigo) Paroymsal  Positional Vertigo
2503,stomach pain,acidity,ulcers on tongue,vomiting,cough,chest pain,none,none,none,none,none,none,none,none,none,none,none,GERD
2492,fatigue,mood swings,weight loss,restlessness,sweating,diarrhoea,fast heart rate,excessive hunger,muscle weakness,irritability,abnormal menstruation,none,none,none,none,none,none,Hyperthyroidism
2747,itching,skin rash,nodal skin eruptions,dischromic  patches,none,none,none,none,none,none,none,none,none,none,none,none,none,Fungal infection
1359,back pain,neck pain,dizziness,loss of balance,none,none,none,none,none,none,none,none,none,none,none,none,none,Cervical spondylosis
1406,skin rash,chills,vomiting,fatigue,high fever,headache,nausea,loss of appetite,pain behind the eyes,back pain,malaise,muscle pain,red spots over body,none,none,none,none,Dengue
3550,vomiting,yellowish skin,abdominal pain,swelling of stomach,distention of abdomen,history of alcohol consumption,fluid overload,none,none,none,none,none,none,none,none,none,none,Alcoholic hepatitis
3324,itching,vomiting,yellowish skin,nausea,loss of appetite,abdominal pain,yellowing of eyes,none,none,none,none,none,none,none,none,none,none,Chronic cholestasis
3840,chills,fatigue,cough,high fever,breathlessness,sweating,malaise,phlegm,chest pain,fast heart rate,rusty sputum,none,none,none,none,none,none,Pneumonia
4458,fatigue,cramps,bruising,obesity,swollen legs,swollen blood vessels,prominent veins on calf,none,none,none,none,none,none,none,none,none,none,Varicose veins
1000,chills,vomiting,fatigue,high fever,nausea,constipation,abdominal pain,diarrhoea,toxic look (typhos),belly pain,none,none,none,none,none,none,none,Typhoid
4485,itching,skin rash,fatigue,lethargy,high fever,headache,loss of appetite,mild fever,swelled lymph nodes,malaise,red spots over body,none,none,none,none,none,none,Chicken pox
2578,vomiting,headache,nausea,spinning movements,loss of balance,unsteadiness,none,none,none,none,none,none,none,none,none,none,none,(vertigo) Paroymsal  Positional Vertigo
4244,fatigue,yellowish skin,nausea,loss of appetite,yellowing of eyes,family history,none,none,none,none,none,none,none,none,none,none,none,Hepatitis C
3647,skin rash,joint pain,skin peeling,silver like dusting,small dents in nails,inflammatory nails,none,none,none,none,none,none,none,none,none,none,none,Psoriasis
2539,burning micturition,bladder discomfort,foul smell of urine,continuous feel of urine,none,none,none,none,none,none,none,none,none,none,none,none,none,Urinary tract infection
1801,skin rash,fatigue,lethargy,high fever,headache,loss of appetite,mild fever,swelled lymph nodes,malaise,red spots over body,none,none,none,none,none,none,none,Chicken pox
560,chills,vomiting,high fever,sweating,headache,nausea,muscle pain,none,none,none,none,none,none,none,none,none,none,Malaria
154,chills,high fever,sweating,headache,nausea,diarrhoea,muscle pain,none,none,none,none,none,none,none,none,none,none,Malaria
85,vomiting,sunken eyes,dehydration,none,none,none,none,none,none,none,none,none,none,none,none,none,none,Gastroenteritis
4796,skin rash,high fever,blister,red sore around nose,yellow crust ooze,none,none,none,none,none,none,none,none,none,none,none,none,Impetigo
2787,skin rash,high fever,blister,red sore around nose,yellow crust ooze,none,none,none,none,none,none,none,none,none,none,none,none,Impetigo
2796,vomiting,sunken eyes,dehydration,diarrhoea,none,none,none,none,none,none,none,none,none,none,none,none,none,Gastroenteritis
283,pain during bowel movements,pain in anal region,bloody stool,irritation in anus,none,none,none,none,none,none,none,none,none,none,none,none,none,Dimorphic hemmorhoids(piles)
3694,itching,skin rash,stomach pain,burning micturition,spotting  urination,none,none,none,none,none,none,none,none,none,none,none,none,Drug Reaction
1545,fatigue,weight gain,mood swings,lethargy,dizziness,puffy face and eyes,enlarged thyroid,brittle nails,swollen extremeties,depression,irritability,abnormal menstruation,none,none,none,none,none,Hypothyroidism
4266,stomach pain,acidity,ulcers on tongue,vomiting,cough,chest pain,none,none,none,none,none,none,none,none,none,none,none,GERD
354,muscle weakness,stiff neck,movement stiffness,painful walking,none,none,none,none,none,none,none,none,none,none,none,none,none,Arthritis
1591,vomiting,headache,nausea,spinning movements,loss of balance,unsteadiness,none,none,none,none,none,none,none,none,none,none,none,(vertigo) Paroymsal  Positional Vertigo
208,itching,fatigue,lethargy,yellowish skin,dark urine,loss of appetite,yellow urine,yellowing of eyes,malaise,receiving blood transfusion,receiving unsterile injections,none,none,none,none,none,none,Hepatitis B
4396,fatigue,cough,high fever,breathlessness,family history,mucoid sputum,none,none,none,none,none,none,none,none,none,none,none,Bronchial Asthma
2759,back pain,weakness in limbs,neck pain,dizziness,loss of balance,none,none,none,none,none,none,none,none,none,none,none,none,Cervical spondylosis
3540,itching,vomiting,fatigue,weight loss,high fever,yellowish skin,dark urine,abdominal pain,none,none,none,none,none,none,none,none,none,Jaundice
4355,fatigue,cough,high fever,breathlessness,family history,mucoid sputum,none,none,none,none,none,none,none,none,none,none,none,Bronchial Asthma
306,fatigue,cramps,bruising,obesity,swollen blood vessels,prominent veins on calf,none,none,none,none,none,none,none,none,none,none,none,Varicose veins
366,vomiting,headache,nausea,spinning movements,unsteadiness,none,none,none,none,none,none,none,none,none,none,none,none,(vertigo) Paroymsal  Positional Vertigo
1520,vomiting,breathlessness,sweating,chest pain,none,none,none,none,none,none,none,none,none,none,none,none,none,Heart attack
2791,itching,vomiting,yellowish skin,nausea,loss of appetite,abdominal pain,yellowing of eyes,none,none,none,none,none,none,none,none,none,none,Chronic cholestasis
857,itching,vomiting,yellowish skin,nausea,loss of appetite,abdominal pain,none,none,none,none,none,none,none,none,none,none,none,Chronic cholestasis
3242,itching,vomiting,yellowish skin,nausea,loss of appetite,abdominal pain,yellowing of eyes,none,none,none,none,none,none,none,none,none,none,Chronic cholestasis
1569,vomiting,fatigue,anxiety,sweating,headache,nausea,excessive hunger,drying and tingling lips,slurred speech,irritability,palpitations,none,none,none,none,none,none,Hypoglycemia
3306,continuous sneezing,chills,fatigue,cough,high fever,headache,swelled lymph nodes,malaise,phlegm,throat irritation,redness of eyes,sinus pressure,runny nose,congestion,chest pain,loss of smell,muscle pain,Common Cold
3298,chills,vomiting,fatigue,high fever,headache,nausea,constipation,abdominal pain,diarrhoea,toxic look (typhos),belly pain,none,none,none,none,none,none,Typhoid
270,chills,fatigue,cough,high fever,breathlessness,sweating,malaise,chest pain,fast heart rate,rusty sputum,none,none,none,none,none,none,none,Pneumonia
4130,fatigue,cramps,bruising,obesity,swollen legs,swollen blood vessels,prominent veins on calf,none,none,none,none,none,none,none,none,none,none,Varicose veins
4722,fatigue,weight loss,restlessness,lethargy,irregular sugar level,blurred and distorted vision,obesity,excessive hunger,increased appetite,polyuria,none,none,none,none,none,none,none,Diabetes
3795,joint pain,vomiting,fatigue,high fever,yellowish skin,dark urine,nausea,loss of appetite,abdominal pain,yellowing of eyes,acute liver failure,coma,stomach bleeding,none,none,none,none,Hepatitis E
1662,stomach pain,acidity,vomiting,cough,chest pain,none,none,none,none,none,none,none,none,none,none,none,none,GERD
2322,chills,fatigue,cough,high fever,breathlessness,sweating,malaise,phlegm,chest pain,fast heart rate,rusty sputum,none,none,none,none,none,none,Pneumonia
4287,joint pain,vomiting,fatigue,high fever,yellowish skin,dark urine,nausea,loss of appetite,abdominal pain,yellowing of eyes,acute liver failure,coma,stomach bleeding,none,none,none,none,Hepatitis E
1914,chills,cough,high fever,breathlessness,sweating,malaise,phlegm,chest pain,fast heart rate,rusty sputum,none,none,none,none,none,none,none,Pneumonia
1899,chills,vomiting,fatigue,weight loss,cough,high fever,breathlessness,loss of appetite,mild fever,yellowing of eyes,swelled lymph nodes,malaise,phlegm,chest pain,blood in sputum,none,none,Tuberculosis
2237,chills,vomiting,fatigue,high fever,headache,nausea,constipation,abdominal pain,diarrhoea,toxic look (typhos),belly pain,none,none,none,none,none,none,Typhoid
1641,skin rash,nodal skin eruptions,dischromic  patches,none,none,none,none,none,none,none,none,none,none,none,none,none,none,Fungal infection
1733,fatigue,cough,breathlessness,family history,mucoid sputum,none,none,none,none,none,none,none,none,none,none,none,none,Bronchial Asthma
1305,fatigue,weight loss,restlessness,irregular sugar level,blurred and distorted vision,obesity,excessive hunger,increased appetite,polyuria,none,none,none,none,none,none,none,none,Diabetes
1024,itching,fatigue,yellowish skin,dark urine,loss of appetite,abdominal pain,yellow urine,yellowing of eyes,malaise,receiving blood transfusion,receiving unsterile injections,none,none,none,none,none,none,Hepatitis B
1791,chills,vomiting,high fever,sweating,headache,nausea,diarrhoea,muscle pain,none,none,none,none,none,none,none,none,none,Malaria
3156,skin rash,high fever,blister,red sore around nose,yellow crust ooze,none,none,none,none,none,none,none,none,none,none,none,none,Impetigo
721,fatigue,weight gain,cold hands and feets,mood swings,lethargy,dizziness,puffy face and eyes,enlarged thyroid,brittle nails,swollen extremeties,depression,irritability,abnormal menstruation,none,none,none,none,Hypothyroidism
1534,fatigue,cramps,obesity,swollen legs,swollen blood vessels,prominent veins on calf,none,none,none,none,none,none,none,none,none,none,none,Varicose veins
3957,fatigue,yellowish skin,nausea,loss of appetite,yellowing of eyes,family history,none,none,none,none,none,none,none,none,none,none,none,Hepatitis C
2681,itching,skin rash,fatigue,lethargy,high fever,headache,loss of appetite,mild fever,swelled lymph nodes,malaise,red spots over body,none,none,none,none,none,none,Chicken pox
2612,vomiting,breathlessness,sweating,chest pain,none,none,none,none,none,none,none,none,none,none,none,none,none,Heart attack
765,muscle weakness,stiff neck,swelling joints,painful walking,none,none,none,none,none,none,none,none,none,none,none,none,none,Arthritis
4818,fatigue,yellowish skin,nausea,loss of appetite,yellowing of eyes,family history,none,none,none,none,none,none,none,none,none,none,none,Hepatitis C
3326,vomiting,indigestion,loss of appetite,abdominal pain,passage of gases,internal itching,none,none,none,none,none,none,none,none,none,none,none,Peptic ulcer diseae
4824,chills,fatigue,cough,high fever,breathlessness,sweating,malaise,phlegm,chest pain,fast heart rate,rusty sputum,none,none,none,none,none,none,Pneumonia
2828,skin rash,high fever,blister,red sore around nose,yellow crust ooze,none,none,none,none,none,none,none,none,none,none,none,none,Impetigo
3241,stomach pain,acidity,ulcers on tongue,vomiting,cough,chest pain,none,none,none,none,none,none,none,none,none,none,none,GERD
2254,itching,fatigue,yellowish skin,dark urine,loss of appetite,abdominal pain,yellow urine,yellowing of eyes,malaise,receiving blood transfusion,receiving unsterile injections,none,none,none,none,none,none,Hepatitis B
686,chills,fatigue,cough,breathlessness,sweating,malaise,phlegm,chest pain,fast heart rate,rusty sputum,none,none,none,none,none,none,none,Pneumonia
856,itching,vomiting,yellowish skin,nausea,loss of appetite,yellowing of eyes,none,none,none,none,none,none,none,none,none,none,none,Chronic cholestasis
2472,back pain,weakness in limbs,neck pain,dizziness,loss of balance,none,none,none,none,none,none,none,none,none,none,none,none,Cervical spondylosis
82,sunken eyes,dehydration,diarrhoea,none,none,none,none,none,none,none,none,none,none,none,none,none,none,Gastroenteritis
1781,itching,vomiting,fatigue,weight loss,high fever,yellowish skin,dark urine,abdominal pain,none,none,none,none,none,none,none,none,none,Jaundice
1308,fatigue,weight loss,restlessness,lethargy,irregular sugar level,blurred and distorted vision,excessive hunger,increased appetite,polyuria,none,none,none,none,none,none,none,none,Diabetes
2298,vomiting,yellowish skin,abdominal pain,swelling of stomach,distention of abdomen,history of alcohol consumption,none,none,none,none,none,none,none,none,none,none,none,Alcoholic hepatitis
2361,fatigue,weight gain,cold hands and feets,mood swings,lethargy,dizziness,puffy face and eyes,enlarged thyroid,brittle nails,swollen extremeties,depression,irritability,abnormal menstruation,none,none,none,none,Hypothyroidism
653,vomiting,abdominal pain,swelling of stomach,distention of abdomen,history of alcohol consumption,fluid overload,none,none,none,none,none,none,none,none,none,none,none,Alcoholic hepatitis
3477,vomiting,fatigue,anxiety,sweating,headache,nausea,blurred and distorted vision,excessive hunger,drying and tingling lips,slurred speech,irritability,palpitations,none,none,none,none,none,Hypoglycemia
4375,vomiting,breathlessness,sweating,chest pain,none,none,none,none,none,none,none,none,none,none,none,none,none,Heart attack
1357,back pain,weakness in limbs,neck pain,dizziness,loss of balance,none,none,none,none,none,none,none,none,none,none,none,none,Cervical spondylosis
3718,constipation,pain during bowel movements,pain in anal region,bloody stool,irritation in anus,none,none,none,none,none,none,none,none,none,none,none,none,Dimorphic hemmorhoids(piles)
806,skin rash,joint pain,skin peeling,silver like dusting,inflammatory nails,none,none,none,none,none,none,none,none,none,none,none,none,Psoriasis
1176,muscle weakness,stiff neck,swelling joints,movement stiffness,painful walking,none,none,none,none,none,none,none,none,none,none,none,none,Arthritis
1644,itching,skin rash,nodal skin eruptions,none,none,none,none,none,none,none,none,none,none,none,none,none,none,Fungal infection
1637,skin rash,high fever,blister,red sore around nose,none,none,none,none,none,none,none,none,none,none,none,none,none,Impetigo
4801,itching,skin rash,stomach pain,burning micturition,spotting  urination,none,none,none,none,none,none,none,none,none,none,none,none,Drug Reaction
704,vomiting,breathlessness,chest pain,none,none,none,none,none,none,none,none,none,none,none,none,none,none,Heart attack
1730,fatigue,cough,high fever,breathlessness,family history,mucoid sputum,none,none,none,none,none,none,none,none,none,none,none,Bronchial Asthma
4033,chills,vomiting,high fever,sweating,headache,nausea,diarrhoea,muscle pain,none,none,none,none,none,none,none,none,none,Malaria
548,vomiting,weakness of one body side,altered sensorium,none,none,none,none,none,none,none,none,none,none,none,none,none,none,Paralysis (brain hemorrhage)
2531,fatigue,cramps,bruising,obesity,swollen legs,swollen blood vessels,prominent veins on calf,none,none,none,none,none,none,none,none,none,none,Varicose veins
3425,joint pain,vomiting,fatigue,yellowish skin,dark urine,nausea,loss of appetite,abdominal pain,yellowing of eyes,none,none,none,none,none,none,none,none,Hepatitis D
4692,chills,vomiting,fatigue,high fever,headache,nausea,constipation,abdominal pain,diarrhoea,toxic look (typhos),belly pain,none,none,none,none,none,none,Typhoid
1293,muscle wasting,patches in throat,extra marital contacts,none,none,none,none,none,none,none,none,none,none,none,none,none,none,AIDS
4322,skin rash,chills,joint pain,vomiting,fatigue,high fever,headache,nausea,loss of appetite,pain behind the eyes,back pain,malaise,muscle pain,red spots over body,none,none,none,Dengue
3629,fatigue,yellowish skin,nausea,loss of appetite,yellowing of eyes,family history,none,none,none,none,none,none,none,none,none,none,none,Hepatitis C
3891,skin rash,pus filled pimples,blackheads,scurring,none,none,none,none,none,none,none,none,none,none,none,none,none,Acne
4235,back pain,weakness in limbs,neck pain,dizziness,loss of balance,none,none,none,none,none,none,none,none,none,none,none,none,Cervical spondylosis
1108,constipation,pain during bowel movements,pain in anal region,bloody stool,irritation in anus,none,none,none,none,none,none,none,none,none,none,none,none,Dimorphic hemmorhoids(piles)
4535,chills,vomiting,fatigue,weight loss,cough,high fever,breathlessness,sweating,loss of appetite,mild fever,yellowing of eyes,swelled lymph nodes,malaise,phlegm,chest pain,blood in sputum,none,Tuberculosis
3345,vomiting,yellowish skin,abdominal pain,swelling of stomach,distention of abdomen,history of alcohol consumption,fluid overload,none,none,none,none,none,none,none,none,none,none,Alcoholic hepatitis
997,skin rash,chills,joint pain,fatigue,high fever,headache,nausea,loss of appetite,pain behind the eyes,back pain,malaise,muscle pain,red spots over body,none,none,none,none,Dengue
4337,fatigue,mood swings,weight loss,restlessness,sweating,diarrhoea,fast heart rate,excessive hunger,muscle weakness,irritability,abnormal menstruation,none,none,none,none,none,none,Hyperthyroidism
1879,joint pain,vomiting,fatigue,high fever,yellowish skin,dark urine,loss of appetite,abdominal pain,yellowing of eyes,acute liver failure,coma,stomach bleeding,none,none,none,none,none,Hepatitis E
4140,skin rash,high fever,blister,red sore around nose,yellow crust ooze,none,none,none,none,none,none,none,none,none,none,none,none,Impetigo
4873,muscle weakness,stiff neck,swelling joints,movement stiffness,painful walking,none,none,none,none,none,none,none,none,none,none,none,none,Arthritis
2145,fatigue,cough,high fever,breathlessness,mucoid sputum,none,none,none,none,none,none,none,none,none,none,none,none,Bronchial Asthma
416,itching,nodal skin eruptions,dischromic  patches,none,none,none,none,none,none,none,none,none,none,none,none,none,none,Fungal infection
1853,fatigue,nausea,loss of appetite,yellowing of eyes,family history,none,none,none,none,none,none,none,none,none,none,none,none,Hepatitis C
3645,skin rash,pus filled pimples,blackheads,scurring,none,none,none,none,none,none,none,none,none,none,none,none,none,Acne
4351,vomiting,indigestion,loss of appetite,abdominal pain,passage of gases,internal itching,none,none,none,none,none,none,none,none,none,none,none,Peptic ulcer diseae
1515,constipation,pain during bowel movements,bloody stool,irritation in anus,none,none,none,none,none,none,none,none,none,none,none,none,none,Dimorphic hemmorhoids(piles)
433,stomach pain,acidity,ulcers on tongue,cough,chest pain,none,none,none,none,none,none,none,none,none,none,none,none,GERD
299,vomiting,breathlessness,chest pain,none,none,none,none,none,none,none,none,none,none,none,none,none,none,Heart attack
1667,stomach pain,ulcers on tongue,vomiting,cough,chest pain,none,none,none,none,none,none,none,none,none,none,none,none,GERD
3310,fatigue,cramps,bruising,obesity,swollen legs,swollen blood vessels,prominent veins on calf,none,none,none,none,none,none,none,none,none,none,Varicose veins
1503,fatigue,cough,high fever,breathlessness,sweating,malaise,phlegm,chest pain,fast heart rate,rusty sputum,none,none,none,none,none,none,none,Pneumonia
4084,chills,vomiting,fatigue,weight loss,cough,high fever,breathlessness,sweating,loss of appetite,mild fever,yellowing of eyes,swelled lymph nodes,malaise,phlegm,chest pain,blood in sputum,none,Tuberculosis
566,chills,vomiting,high fever,headache,nausea,diarrhoea,muscle pain,none,none,none,none,none,none,none,none,none,none,Malaria
2900,fatigue,cramps,bruising,obesity,swollen legs,swollen blood vessels,prominent veins on calf,none,none,none,none,none,none,none,none,none,none,Varicose veins
217,fatigue,yellowish skin,nausea,loss of appetite,yellowing of eyes,none,none,none,none,none,none,none,none,none,none,none,none,Hepatitis C
4855,skin rash,chills,joint pain,vomiting,fatigue,high fever,headache,nausea,loss of appetite,pain behind the eyes,back pain,malaise,muscle pain,red spots over body,none,none,none,Dengue
4573,joint pain,vomiting,fatigue,yellowish skin,dark urine,nausea,loss of appetite,abdominal pain,yellowing of eyes,none,none,none,none,none,none,none,none,Hepatitis D
1805,itching,skin rash,fatigue,lethargy,headache,loss of appetite,mild fever,swelled lymph nodes,malaise,red spots over body,none,none,none,none,none,none,none,Chicken pox
4237,itching,vomiting,fatigue,weight loss,high fever,yellowish skin,dark urine,abdominal pain,none,none,none,none,none,none,none,none,none,Jaundice
2898,constipation,pain during bowel movements,pain in anal region,bloody stool,irritation in anus,none,none,none,none,none,none,none,none,none,none,none,none,Dimorphic hemmorhoids(piles)
4792,vomiting,headache,nausea,spinning movements,loss of balance,unsteadiness,none,none,none,none,none,none,none,none,none,none,none,(vertigo) Paroymsal  Positional Vertigo
4107,fatigue,weight loss,restlessness,lethargy,irregular sugar level,blurred and distorted vision,obesity,excessive hunger,increased appetite,polyuria,none,none,none,none,none,none,none,Diabetes
207,itching,fatigue,lethargy,yellowish skin,dark urine,abdominal pain,yellow urine,yellowing of eyes,malaise,receiving blood transfusion,receiving unsterile injections,none,none,none,none,none,none,Hepatitis B
4292,constipation,pain during bowel movements,pain in anal region,bloody stool,irritation in anus,none,none,none,none,none,none,none,none,none,none,none,none,Dimorphic hemmorhoids(piles)
2313,continuous sneezing,fatigue,cough,high fever,headache,swelled lymph nodes,malaise,phlegm,throat irritation,redness of eyes,sinus pressure,runny nose,congestion,chest pain,loss of smell,muscle pain,none,Common Cold
3309,vomiting,breathlessness,sweating,chest pain,none,none,none,none,none,none,none,none,none,none,none,none,none,Heart attack
183,chills,vomiting,fatigue,high fever,headache,nausea,constipation,diarrhoea,toxic look (typhos),belly pain,none,none,none,none,none,none,none,Typhoid
158,chills,vomiting,high fever,sweating,headache,diarrhoea,muscle pain,none,none,none,none,none,none,none,none,none,none,Malaria
2801,vomiting,headache,weakness of one body side,altered sensorium,none,none,none,none,none,none,none,none,none,none,none,none,none,Paralysis (brain hemorrhage)
2123,fatigue,restlessness,lethargy,irregular sugar level,blurred and distorted vision,obesity,excessive hunger,increased appetite,polyuria,none,none,none,none,none,none,none,none,Diabetes
3387,chills,vomiting,fatigue,weight loss,cough,high fever,breathlessness,sweating,loss of appetite,mild fever,yellowing of eyes,swelled lymph nodes,malaise,phlegm,chest pain,blood in sputum,none,Tuberculosis
26,acidity,ulcers on tongue,vomiting,cough,chest pain,none,none,none,none,none,none,none,none,none,none,none,none,GERD
900,vomiting,sunken eyes,dehydration,diarrhoea,none,none,none,none,none,none,none,none,none,none,none,none,none,Gastroenteritis
1919,chills,fatigue,cough,high fever,breathlessness,sweating,phlegm,chest pain,fast heart rate,rusty sputum,none,none,none,none,none,none,none,Pneumonia
3507,joint pain,vomiting,fatigue,yellowish skin,dark urine,nausea,loss of appetite,abdominal pain,yellowing of eyes,none,none,none,none,none,none,none,none,Hepatitis D
65,muscle wasting,patches in throat,high fever,extra marital contacts,none,none,none,none,none,none,none,none,none,none,none,none,none,AIDS
2307,chills,vomiting,fatigue,weight loss,cough,breathlessness,sweating,loss of appetite,mild fever,yellowing of eyes,swelled lymph nodes,malaise,phlegm,chest pain,blood in sputum,none,none,Tuberculosis
3410,fatigue,weight loss,restlessness,lethargy,irregular sugar level,blurred and distorted vision,obesity,excessive hunger,increased appetite,polyuria,none,none,none,none,none,none,none,Diabetes
575,itching,skin rash,fatigue,lethargy,headache,loss of appetite,mild fever,swelled lymph nodes,malaise,red spots over body,none,none,none,none,none,none,none,Chicken pox
3468,vomiting,yellowish skin,abdominal pain,swelling of stomach,distention of abdomen,history of alcohol consumption,fluid overload,none,none,none,none,none,none,none,none,none,none,Alcoholic hepatitis
3894,skin rash,high fever,blister,red sore around nose,yellow crust ooze,none,none,none,none,none,none,none,none,none,none,none,none,Impetigo
4050,fatigue,mood swings,weight loss,restlessness,sweating,diarrhoea,fast heart rate,excessive hunger,muscle weakness,irritability,abnormal menstruation,none,none,none,none,none,none,Hyperthyroidism
1532,cramps,bruising,obesity,swollen legs,swollen blood vessels,prominent veins on calf,none,none,none,none,none,none,none,none,none,none,none,Varicose veins
3272,vomiting,fatigue,anxiety,sweating,headache,nausea,blurred and distorted vision,excessive hunger,drying and tingling lips,slurred speech,irritability,palpitations,none,none,none,none,none,Hypoglycemia
2052,itching,nodal skin eruptions,dischromic  patches,none,none,none,none,none,none,none,none,none,none,none,none,none,none,Fungal infection
3490,vomiting,indigestion,loss of appetite,abdominal pain,passage of gases,internal itching,none,none,none,none,none,none,none,none,none,none,none,Peptic ulcer diseae
2506,vomiting,indigestion,loss of appetite,abdominal pain,passage of gases,internal itching,none,none,none,none,none,none,none,none,none,none,none,Peptic ulcer diseae
3524,skin rash,joint pain,skin peeling,silver like dusting,small dents in nails,inflammatory nails,none,none,none,none,none,none,none,none,none,none,none,Psoriasis
1245,shivering,chills,watering from eyes,none,none,none,none,none,none,none,none,none,none,none,none,none,none,Allergy
4594,stomach pain,acidity,ulcers on tongue,vomiting,cough,chest pain,none,none,none,none,none,none,none,none,none,none,none,GERD
3349,constipation,pain during bowel movements,pain in anal region,bloody stool,irritation in anus,none,none,none,none,none,none,none,none,none,none,none,none,Dimorphic hemmorhoids(piles)
4165,vomiting,yellowish skin,abdominal pain,swelling of stomach,distention of abdomen,history of alcohol consumption,fluid overload,none,none,none,none,none,none,none,none,none,none,Alcoholic hepatitis
4915,vomiting,headache,nausea,spinning movements,loss of balance,unsteadiness,none,none,none,none,none,none,none,none,none,none,none,(vertigo) Paroymsal  Positional Vertigo
4882,itching,vomiting,yellowish skin,nausea,loss of appetite,abdominal pain,yellowing of eyes,none,none,none,none,none,none,none,none,none,none,Chronic cholestasis
652,yellowish skin,abdominal pain,swelling of stomach,distention of abdomen,history of alcohol consumption,fluid overload,none,none,none,none,none,none,none,none,none,none,none,Alcoholic hepatitis
2956,itching,skin rash,stomach pain,burning micturition,spotting  urination,none,none,none,none,none,none,none,none,none,none,none,none,Drug Reaction
254,chills,vomiting,weight loss,cough,high fever,breathlessness,sweating,loss of appetite,mild fever,yellowing of eyes,swelled lymph nodes,malaise,phlegm,chest pain,blood in sputum,none,none,Tuberculosis
3236,burning micturition,bladder discomfort,foul smell of urine,continuous feel of urine,none,none,none,none,none,none,none,none,none,none,none,none,none,Urinary tract infection
2514,vomiting,headache,weakness of one body side,altered sensorium,none,none,none,none,none,none,none,none,none,none,none,none,none,Paralysis (brain hemorrhage)
1083,continuous sneezing,fatigue,cough,high fever,headache,swelled lymph nodes,malaise,phlegm,throat irritation,redness of eyes,sinus pressure,runny nose,congestion,chest pain,loss of smell,muscle pain,none,Common Cold
2719,vomiting,headache,weakness of one body side,altered sensorium,none,none,none,none,none,none,none,none,none,none,none,none,none,Paralysis (brain hemorrhage)
2093,itching,skin rash,stomach pain,spotting  urination,none,none,none,none,none,none,none,none,none,none,none,none,none,Drug Reaction
2780,vomiting,fatigue,anxiety,sweating,headache,nausea,blurred and distorted vision,excessive hunger,drying and tingling lips,slurred speech,irritability,palpitations,none,none,none,none,none,Hypoglycemia
682,chills,fatigue,cough,high fever,breathlessness,sweating,malaise,phlegm,chest pain,fast heart rate,rusty sputum,none,none,none,none,none,none,Pneumonia
143,itching,fatigue,weight loss,high fever,yellowish skin,dark urine,abdominal pain,none,none,none,none,none,none,none,none,none,none,Jaundice
4423,vomiting,headache,nausea,spinning movements,loss of balance,unsteadiness,none,none,none,none,none,none,none,none,none,none,none,(vertigo) Paroymsal  Positional Vertigo
3836,joint pain,vomiting,fatigue,high fever,yellowish skin,dark urine,nausea,loss of appetite,abdominal pain,yellowing of eyes,acute liver failure,coma,stomach bleeding,none,none,none,none,Hepatitis E
37,itching,vomiting,yellowish skin,nausea,loss of appetite,abdominal pain,none,none,none,none,none,none,none,none,none,none,none,Chronic cholestasis
2017,skin rash,pus filled pimples,blackheads,none,none,none,none,none,none,none,none,none,none,none,none,none,none,Acne
92,fatigue,high fever,breathlessness,family history,mucoid sputum,none,none,none,none,none,none,none,none,none,none,none,none,Bronchial Asthma
1869,joint pain,vomiting,fatigue,yellowish skin,dark urine,nausea,loss of appetite,abdominal pain,none,none,none,none,none,none,none,none,none,Hepatitis D
2069,continuous sneezing,shivering,chills,watering from eyes,none,none,none,none,none,none,none,none,none,none,none,none,none,Allergy
3213,chills,vomiting,high fever,sweating,headache,nausea,diarrhoea,muscle pain,none,none,none,none,none,none,none,none,none,Malaria
881,patches in throat,high fever,extra marital contacts,none,none,none,none,none,none,none,none,none,none,none,none,none,none,AIDS
475,muscle wasting,patches in throat,high fever,extra marital contacts,none,none,none,none,none,none,none,none,none,none,none,none,none,AIDS
4029,acidity,indigestion,headache,blurred and distorted vision,excessive hunger,stiff neck,depression,irritability,visual disturbances,none,none,none,none,none,none,none,none,Migraine
2152,headache,dizziness,loss of balance,lack of concentration,none,none,none,none,none,none,none,none,none,none,none,none,none,Hypertension
3616,vomiting,sunken eyes,dehydration,diarrhoea,none,none,none,none,none,none,none,none,none,none,none,none,none,Gastroenteritis
587,skin rash,chills,joint pain,fatigue,high fever,headache,nausea,loss of appetite,pain behind the eyes,back pain,malaise,muscle pain,red spots over body,none,none,none,none,Dengue
378,skin rash,pus filled pimples,scurring,none,none,none,none,none,none,none,none,none,none,none,none,none,none,Acne
2074,stomach pain,acidity,ulcers on tongue,vomiting,chest pain,none,none,none,none,none,none,none,none,none,none,none,none,GERD
1549,fatigue,weight gain,cold hands and feets,mood swings,lethargy,dizziness,enlarged thyroid,brittle nails,swollen extremeties,depression,irritability,abnormal menstruation,none,none,none,none,none,Hypothyroidism
4619,chills,fatigue,cough,high fever,breathlessness,sweating,malaise,phlegm,chest pain,fast heart rate,rusty sputum,none,none,none,none,none,none,Pneumonia
4865,chills,fatigue,cough,high fever,breathlessness,sweating,malaise,phlegm,chest pain,fast heart rate,rusty sputum,none,none,none,none,none,none,Pneumonia
3913,chills,vomiting,fatigue,high fever,headache,nausea,constipation,abdominal pain,diarrhoea,toxic look (typhos),belly pain,none,none,none,none,none,none,Typhoid
4263,skin rash,high fever,blister,red sore around nose,yellow crust ooze,none,none,none,none,none,none,none,none,none,none,none,none,Impetigo
921,chest pain,dizziness,loss of balance,lack of concentration,none,none,none,none,none,none,none,none,none,none,none,none,none,Hypertension
4025,fatigue,weight loss,restlessness,lethargy,irregular sugar level,blurred and distorted vision,obesity,excessive hunger,increased appetite,polyuria,none,none,none,none,none,none,none,Diabetes
1939,vomiting,breathlessness,chest pain,none,none,none,none,none,none,none,none,none,none,none,none,none,none,Heart attack
922,headache,dizziness,loss of balance,lack of concentration,none,none,none,none,none,none,none,none,none,none,none,none,none,Hypertension
937,acidity,indigestion,headache,blurred and distorted vision,excessive hunger,stiff neck,irritability,visual disturbances,none,none,none,none,none,none,none,none,none,Migraine
1112,breathlessness,sweating,chest pain,none,none,none,none,none,none,none,none,none,none,none,none,none,none,Heart attack
3544,chills,vomiting,fatigue,high fever,headache,nausea,constipation,abdominal pain,diarrhoea,toxic look (typhos),belly pain,none,none,none,none,none,none,Typhoid
1285,vomiting,indigestion,loss of appetite,passage of gases,internal itching,none,none,none,none,none,none,none,none,none,none,none,none,Peptic ulcer diseae
2192,vomiting,fatigue,weight loss,high fever,yellowish skin,dark urine,abdominal pain,none,none,none,none,none,none,none,none,none,none,Jaundice
1421,joint pain,vomiting,yellowish skin,dark urine,nausea,loss of appetite,abdominal pain,diarrhoea,mild fever,yellowing of eyes,muscle pain,none,none,none,none,none,none,hepatitis A
3169,back pain,weakness in limbs,neck pain,dizziness,loss of balance,none,none,none,none,none,none,none,none,none,none,none,none,Cervical spondylosis
3373,acidity,indigestion,headache,blurred and distorted vision,excessive hunger,stiff neck,depression,irritability,visual disturbances,none,none,none,none,none,none,none,none,Migraine
2903,vomiting,fatigue,anxiety,sweating,headache,nausea,blurred and distorted vision,excessive hunger,drying and tingling lips,slurred speech,irritability,palpitations,none,none,none,none,none,Hypoglycemia
4453,chills,vomiting,fatigue,weight loss,cough,high fever,breathlessness,sweating,loss of appetite,mild fever,yellowing of eyes,swelled lymph nodes,malaise,phlegm,chest pain,blood in sputum,none,Tuberculosis
2977,chills,vomiting,fatigue,weight loss,cough,high fever,breathlessness,sweating,loss of appetite,mild fever,yellowing of eyes,swelled lymph nodes,malaise,phlegm,chest pain,blood in sputum,none,Tuberculosis
267,continuous sneezing,chills,fatigue,cough,high fever,swelled lymph nodes,malaise,phlegm,throat irritation,redness of eyes,sinus pressure,runny nose,congestion,chest pain,loss of smell,muscle pain,none,Common Cold
4141,itching,skin rash,nodal skin eruptions,dischromic  patches,none,none,none,none,none,none,none,none,none,none,none,none,none,Fungal infection
2367,fatigue,weight gain,cold hands and feets,mood swings,dizziness,puffy face and eyes,enlarged thyroid,brittle nails,swollen extremeties,depression,irritability,abnormal menstruation,none,none,none,none,none,Hypothyroidism
3517,fatigue,mood swings,weight loss,restlessness,sweating,diarrhoea,fast heart rate,excessive hunger,muscle weakness,irritability,abnormal menstruation,none,none,none,none,none,none,Hyperthyroidism
1006,chills,vomiting,fatigue,high fever,headache,nausea,constipation,abdominal pain,diarrhoea,toxic look (typhos),none,none,none,none,none,none,none,Typhoid
3830,skin rash,chills,joint pain,vomiting,fatigue,high fever,headache,nausea,loss of appetite,pain behind the eyes,back pain,malaise,muscle pain,red spots over body,none,none,none,Dengue
3558,fatigue,mood swings,weight loss,restlessness,sweating,diarrhoea,fast heart rate,excessive hunger,muscle weakness,irritability,abnormal menstruation,none,none,none,none,none,none,Hyperthyroidism
1286,vomiting,indigestion,loss of appetite,abdominal pain,internal itching,none,none,none,none,none,none,none,none,none,none,none,none,Peptic ulcer diseae
2523,joint pain,vomiting,fatigue,yellowish skin,dark urine,nausea,loss of appetite,abdominal pain,yellowing of eyes,none,none,none,none,none,none,none,none,Hepatitis D
3757,continuous sneezing,chills,fatigue,cough,high fever,headache,swelled lymph nodes,malaise,phlegm,throat irritation,redness of eyes,sinus pressure,runny nose,congestion,chest pain,loss of smell,muscle pain,Common Cold
1350,back pain,weakness in limbs,neck pain,dizziness,loss of balance,none,none,none,none,none,none,none,none,none,none,none,none,Cervical spondylosis
3983,muscle wasting,patches in throat,high fever,extra marital contacts,none,none,none,none,none,none,none,none,none,none,none,none,none,AIDS
3262,joint pain,vomiting,fatigue,high fever,yellowish skin,dark urine,nausea,loss of appetite,abdominal pain,yellowing of eyes,acute liver failure,coma,stomach bleeding,none,none,none,none,Hepatitis E
688,chills,fatigue,cough,high fever,breathlessness,malaise,phlegm,chest pain,fast heart rate,rusty sputum,none,none,none,none,none,none,none,Pneumonia
928,headache,dizziness,loss of balance,lack of concentration,none,none,none,none,none,none,none,none,none,none,none,none,none,Hypertension
1014,joint pain,vomiting,dark urine,nausea,loss of appetite,abdominal pain,diarrhoea,mild fever,yellowing of eyes,muscle pain,none,none,none,none,none,none,none,hepatitis A
1182,headache,nausea,spinning movements,loss of balance,unsteadiness,none,none,none,none,none,none,none,none,none,none,none,none,(vertigo) Paroymsal  Positional Vertigo
1145,fatigue,mood swings,weight loss,sweating,diarrhoea,fast heart rate,excessive hunger,muscle weakness,irritability,abnormal menstruation,none,none,none,none,none,none,none,Hyperthyroidism
141,itching,vomiting,fatigue,weight loss,high fever,yellowish skin,dark urine,abdominal pain,none,none,none,none,none,none,none,none,none,Jaundice
805,skin rash,joint pain,skin peeling,small dents in nails,inflammatory nails,none,none,none,none,none,none,none,none,none,none,none,none,Psoriasis
744,vomiting,anxiety,sweating,headache,nausea,blurred and distorted vision,excessive hunger,drying and tingling lips,slurred speech,irritability,palpitations,none,none,none,none,none,none,Hypoglycemia
2165,acidity,indigestion,headache,blurred and distorted vision,stiff neck,depression,irritability,visual disturbances,none,none,none,none,none,none,none,none,none,Migraine
3897,stomach pain,acidity,ulcers on tongue,vomiting,cough,chest pain,none,none,none,none,none,none,none,none,none,none,none,GERD
281,constipation,pain during bowel movements,pain in anal region,bloody stool,irritation in anus,none,none,none,none,none,none,none,none,none,none,none,none,Dimorphic hemmorhoids(piles)
4889,headache,chest pain,dizziness,loss of balance,lack of concentration,none,none,none,none,none,none,none,none,none,none,none,none,Hypertension
361,vomiting,headache,nausea,spinning movements,loss of balance,unsteadiness,none,none,none,none,none,none,none,none,none,none,none,(vertigo) Paroymsal  Positional Vertigo
3676,chills,fatigue,cough,high fever,breathlessness,sweating,malaise,phlegm,chest pain,fast heart rate,rusty sputum,none,none,none,none,none,none,Pneumonia
1821,chills,vomiting,fatigue,high fever,headache,constipation,abdominal pain,diarrhoea,toxic look (typhos),belly pain,none,none,none,none,none,none,none,Typhoid
4280,itching,skin rash,fatigue,lethargy,high fever,headache,loss of appetite,mild fever,swelled lymph nodes,malaise,red spots over body,none,none,none,none,none,none,Chicken pox
2181,vomiting,headache,weakness of one body side,altered sensorium,none,none,none,none,none,none,none,none,none,none,none,none,none,Paralysis (brain hemorrhage)
4554,itching,vomiting,yellowish skin,nausea,loss of appetite,abdominal pain,yellowing of eyes,none,none,none,none,none,none,none,none,none,none,Chronic cholestasis
173,skin rash,chills,joint pain,vomiting,fatigue,high fever,headache,nausea,loss of appetite,pain behind the eyes,back pain,malaise,muscle pain,red spots over body,none,none,none,Dengue
1252,stomach pain,acidity,vomiting,cough,chest pain,none,none,none,none,none,none,none,none,none,none,none,none,GERD
908,vomiting,dehydration,diarrhoea,none,none,none,none,none,none,none,none,none,none,none,none,none,none,Gastroenteritis
2374,fatigue,mood swings,restlessness,sweating,diarrhoea,fast heart rate,excessive hunger,muscle weakness,irritability,abnormal menstruation,none,none,none,none,none,none,none,Hyperthyroidism
1089,continuous sneezing,chills,fatigue,cough,high fever,headache,swelled lymph nodes,phlegm,throat irritation,redness of eyes,sinus pressure,runny nose,congestion,chest pain,loss of smell,muscle pain,none,Common Cold
3932,skin rash,pus filled pimples,blackheads,scurring,none,none,none,none,none,none,none,none,none,none,none,none,none,Acne
4623,fatigue,weight gain,cold hands and feets,mood swings,lethargy,dizziness,puffy face and eyes,enlarged thyroid,brittle nails,swollen extremeties,depression,irritability,abnormal menstruation,none,none,none,none,Hypothyroidism
2457,skin rash,high fever,blister,red sore around nose,none,none,none,none,none,none,none,none,none,none,none,none,none,Impetigo
4019,continuous sneezing,shivering,chills,watering from eyes,none,none,none,none,none,none,none,none,none,none,none,none,none,Allergy
3144,constipation,pain during bowel movements,pain in anal region,bloody stool,irritation in anus,none,none,none,none,none,none,none,none,none,none,none,none,Dimorphic hemmorhoids(piles)
1886,vomiting,yellowish skin,abdominal pain,swelling of stomach,history of alcohol consumption,fluid overload,none,none,none,none,none,none,none,none,none,none,none,Alcoholic hepatitis
4884,vomiting,indigestion,loss of appetite,abdominal pain,passage of gases,internal itching,none,none,none,none,none,none,none,none,none,none,none,Peptic ulcer diseae
1729,vomiting,sunken eyes,diarrhoea,none,none,none,none,none,none,none,none,none,none,none,none,none,none,Gastroenteritis
1955,fatigue,weight gain,mood swings,lethargy,dizziness,puffy face and eyes,enlarged thyroid,brittle nails,swollen extremeties,depression,irritability,abnormal menstruation,none,none,none,none,none,Hypothyroidism
4099,skin rash,high fever,blister,red sore around nose,yellow crust ooze,none,none,none,none,none,none,none,none,none,none,none,none,Impetigo
835,shivering,chills,watering from eyes,none,none,none,none,none,none,none,none,none,none,none,none,none,none,Allergy
4332,chills,fatigue,cough,high fever,breathlessness,sweating,malaise,phlegm,chest pain,fast heart rate,rusty sputum,none,none,none,none,none,none,Pneumonia
4221,skin rash,joint pain,skin peeling,silver like dusting,small dents in nails,inflammatory nails,none,none,none,none,none,none,none,none,none,none,none,Psoriasis
468,vomiting,indigestion,loss of appetite,abdominal pain,passage of gases,internal itching,none,none,none,none,none,none,none,none,none,none,none,Peptic ulcer diseae
2826,burning micturition,bladder discomfort,foul smell of urine,continuous feel of urine,none,none,none,none,none,none,none,none,none,none,none,none,none,Urinary tract infection
4413,continuous sneezing,chills,fatigue,cough,high fever,headache,swelled lymph nodes,malaise,phlegm,throat irritation,redness of eyes,sinus pressure,runny nose,congestion,chest pain,loss of smell,muscle pain,Common Cold
1748,headache,dizziness,loss of balance,lack of concentration,none,none,none,none,none,none,none,none,none,none,none,none,none,Hypertension
2524,joint pain,vomiting,fatigue,high fever,yellowish skin,dark urine,nausea,loss of appetite,abdominal pain,yellowing of eyes,acute liver failure,coma,stomach bleeding,none,none,none,none,Hepatitis E
3732,continuous sneezing,shivering,chills,watering from eyes,none,none,none,none,none,none,none,none,none,none,none,none,none,Allergy
4885,muscle wasting,patches in throat,high fever,extra marital contacts,none,none,none,none,none,none,none,none,none,none,none,none,none,AIDS
310,fatigue,weight gain,cold hands and feets,mood swings,lethargy,dizziness,puffy face and eyes,enlarged thyroid,brittle nails,swollen extremeties,depression,irritability,abnormal menstruation,none,none,none,none,Hypothyroidism
3625,skin rash,chills,joint pain,vomiting,fatigue,high fever,headache,nausea,loss of appetite,pain behind the eyes,back pain,malaise,muscle pain,red spots over body,none,none,none,Dengue
3555,vomiting,breathlessness,sweating,chest pain,none,none,none,none,none,none,none,none,none,none,none,none,none,Heart attack
2176,back pain,weakness in limbs,neck pain,dizziness,none,none,none,none,none,none,none,none,none,none,none,none,none,Cervical spondylosis
4225,stomach pain,acidity,ulcers on tongue,vomiting,cough,chest pain,none,none,none,none,none,none,none,none,none,none,none,GERD
1275,skin rash,stomach pain,burning micturition,spotting  urination,none,none,none,none,none,none,none,none,none,none,none,none,none,Drug Reaction
4331,continuous sneezing,chills,fatigue,cough,high fever,headache,swelled lymph nodes,malaise,phlegm,throat irritation,redness of eyes,sinus pressure,runny nose,congestion,chest pain,loss of smell,muscle pain,Common Cold
2907,skin rash,pus filled pimples,blackheads,scurring,none,none,none,none,none,none,none,none,none,none,none,none,none,Acne
4472,itching,vomiting,yellowish skin,nausea,loss of appetite,abdominal pain,yellowing of eyes,none,none,none,none,none,none,none,none,none,none,Chronic cholestasis
3101,continuous sneezing,chills,fatigue,cough,high fever,headache,swelled lymph nodes,malaise,phlegm,throat irritation,redness of eyes,sinus pressure,runny nose,congestion,chest pain,loss of smell,muscle pain,Common Cold
3828,chills,vomiting,high fever,sweating,headache,nausea,diarrhoea,muscle pain,none,none,none,none,none,none,none,none,none,Malaria
387,burning micturition,bladder discomfort,continuous feel of urine,none,none,none,none,none,none,none,none,none,none,none,none,none,none,Urinary tract infection
703,vomiting,sweating,chest pain,none,none,none,none,none,none,none,none,none,none,none,none,none,none,Heart attack
3317,skin rash,pus filled pimples,blackheads,scurring,none,none,none,none,none,none,none,none,none,none,none,none,none,Acne
676,continuous sneezing,chills,fatigue,cough,headache,swelled lymph nodes,malaise,phlegm,throat irritation,redness of eyes,sinus pressure,runny nose,congestion,chest pain,loss of smell,muscle pain,none,Common Cold
4532,joint pain,vomiting,fatigue,yellowish skin,dark urine,nausea,loss of appetite,abdominal pain,yellowing of eyes,none,none,none,none,none,none,none,none,Hepatitis D
1320,fatigue,cough,high fever,breathlessness,family history,mucoid sputum,none,none,none,none,none,none,none,none,none,none,none,Bronchial Asthma
1590,vomiting,headache,nausea,spinning movements,loss of balance,unsteadiness,none,none,none,none,none,none,none,none,none,none,none,(vertigo) Paroymsal  Positional Vertigo
795,burning micturition,bladder discomfort,foul smell of urine,none,none,none,none,none,none,none,none,none,none,none,none,none,none,Urinary tract infection
3603,vomiting,headache,nausea,spinning movements,loss of balance,unsteadiness,none,none,none,none,none,none,none,none,none,none,none,(vertigo) Paroymsal  Positional Vertigo
1066,vomiting,yellowish skin,abdominal pain,swelling of stomach,history of alcohol consumption,fluid overload,none,none,none,none,none,none,none,none,none,none,none,Alcoholic hepatitis
4499,fatigue,cramps,bruising,obesity,swollen legs,swollen blood vessels,prominent veins on calf,none,none,none,none,none,none,none,none,none,none,Varicose veins
4691,skin rash,chills,joint pain,vomiting,fatigue,high fever,headache,nausea,loss of appetite,pain behind the eyes,back pain,malaise,muscle pain,red spots over body,none,none,none,Dengue
444,itching,vomiting,yellowish skin,loss of appetite,abdominal pain,yellowing of eyes,none,none,none,none,none,none,none,none,none,none,none,Chronic cholestasis
3148,fatigue,mood swings,weight loss,restlessness,sweating,diarrhoea,fast heart rate,excessive hunger,muscle weakness,irritability,abnormal menstruation,none,none,none,none,none,none,Hyperthyroidism
4914,muscle weakness,stiff neck,swelling joints,movement stiffness,painful walking,none,none,none,none,none,none,none,none,none,none,none,none,Arthritis
1636,skin rash,high fever,blister,yellow crust ooze,none,none,none,none,none,none,none,none,none,none,none,none,none,Impetigo
3532,muscle wasting,patches in throat,high fever,extra marital contacts,none,none,none,none,none,none,none,none,none,none,none,none,none,AIDS
3845,fatigue,mood swings,weight loss,restlessness,sweating,diarrhoea,fast heart rate,excessive hunger,muscle weakness,irritability,abnormal menstruation,none,none,none,none,none,none,Hyperthyroidism
4456,constipation,pain during bowel movements,pain in anal region,bloody stool,irritation in anus,none,none,none,none,none,none,none,none,none,none,none,none,Dimorphic hemmorhoids(piles)
3622,itching,vomiting,fatigue,weight loss,high fever,yellowish skin,dark urine,abdominal pain,none,none,none,none,none,none,none,none,none,Jaundice
443,itching,vomiting,nausea,loss of appetite,abdominal pain,yellowing of eyes,none,none,none,none,none,none,none,none,none,none,none,Chronic cholestasis
4334,vomiting,breathlessness,sweating,chest pain,none,none,none,none,none,none,none,none,none,none,none,none,none,Heart attack
518,headache,dizziness,loss of balance,lack of concentration,none,none,none,none,none,none,none,none,none,none,none,none,none,Hypertension
3529,itching,vomiting,yellowish skin,nausea,loss of appetite,abdominal pain,yellowing of eyes,none,none,none,none,none,none,none,none,none,none,Chronic cholestasis
3488,itching,vomiting,yellowish skin,nausea,loss of appetite,abdominal pain,yellowing of eyes,none,none,none,none,none,none,none,none,none,none,Chronic cholestasis
2574,fatigue,mood swings,weight loss,restlessness,sweating,diarrhoea,fast heart rate,excessive hunger,muscle weakness,irritability,abnormal menstruation,none,none,none,none,none,none,Hyperthyroidism
4399,back pain,weakness in limbs,neck pain,dizziness,loss of balance,none,none,none,none,none,none,none,none,none,none,none,none,Cervical spondylosis
3311,fatigue,weight gain,cold hands and feets,mood swings,lethargy,dizziness,puffy face and eyes,enlarged thyroid,brittle nails,swollen extremeties,depression,irritability,abnormal menstruation,none,none,none,none,Hypothyroidism
476,muscle wasting,patches in throat,high fever,extra marital contacts,none,none,none,none,none,none,none,none,none,none,none,none,none,AIDS
1859,fatigue,yellowish skin,nausea,loss of appetite,yellowing of eyes,family history,none,none,none,none,none,none,none,none,none,none,none,Hepatitis C
4676,stomach pain,acidity,ulcers on tongue,vomiting,cough,chest pain,none,none,none,none,none,none,none,none,none,none,none,GERD
2707,continuous sneezing,shivering,chills,watering from eyes,none,none,none,none,none,none,none,none,none,none,none,none,none,Allergy
3906,acidity,indigestion,headache,blurred and distorted vision,excessive hunger,stiff neck,depression,irritability,visual disturbances,none,none,none,none,none,none,none,none,Migraine
1124,fatigue,cramps,obesity,swollen legs,swollen blood vessels,prominent veins on calf,none,none,none,none,none,none,none,none,none,none,none,Varicose veins
3623,chills,vomiting,high fever,sweating,headache,nausea,diarrhoea,muscle pain,none,none,none,none,none,none,none,none,none,Malaria
193,joint pain,yellowish skin,dark urine,nausea,loss of appetite,abdominal pain,diarrhoea,mild fever,yellowing of eyes,muscle pain,none,none,none,none,none,none,none,hepatitis A
3722,fatigue,mood swings,weight loss,restlessness,sweating,diarrhoea,fast heart rate,excessive hunger,muscle weakness,irritability,abnormal menstruation,none,none,none,none,none,none,Hyperthyroidism
4133,vomiting,fatigue,anxiety,sweating,headache,nausea,blurred and distorted vision,excessive hunger,drying and tingling lips,slurred speech,irritability,palpitations,none,none,none,none,none,Hypoglycemia
3727,skin rash,pus filled pimples,blackheads,scurring,none,none,none,none,none,none,none,none,none,none,none,none,none,Acne
1148,fatigue,mood swings,weight loss,restlessness,sweating,diarrhoea,excessive hunger,muscle weakness,irritability,abnormal menstruation,none,none,none,none,none,none,none,Hyperthyroidism
3556,fatigue,cramps,bruising,obesity,swollen legs,swollen blood vessels,prominent veins on calf,none,none,none,none,none,none,none,none,none,none,Varicose veins
3807,muscle weakness,stiff neck,swelling joints,movement stiffness,painful walking,none,none,none,none,none,none,none,none,none,none,none,none,Arthritis
2303,chills,fatigue,weight loss,cough,high fever,breathlessness,sweating,loss of appetite,mild fever,yellowing of eyes,swelled lymph nodes,malaise,phlegm,chest pain,blood in sputum,none,none,Tuberculosis
2856,chills,fatigue,cough,high fever,breathlessness,sweating,malaise,phlegm,chest pain,fast heart rate,rusty sputum,none,none,none,none,none,none,Pneumonia
561,chills,vomiting,high fever,sweating,headache,nausea,diarrhoea,muscle pain,none,none,none,none,none,none,none,none,none,Malaria
605,joint pain,vomiting,yellowish skin,nausea,loss of appetite,abdominal pain,diarrhoea,mild fever,yellowing of eyes,muscle pain,none,none,none,none,none,none,none,hepatitis A
966,itching,vomiting,fatigue,weight loss,yellowish skin,dark urine,abdominal pain,none,none,none,none,none,none,none,none,none,none,Jaundice
76,fatigue,weight loss,restlessness,lethargy,blurred and distorted vision,obesity,excessive hunger,increased appetite,polyuria,none,none,none,none,none,none,none,none,Diabetes
4668,muscle weakness,stiff neck,swelling joints,movement stiffness,painful walking,none,none,none,none,none,none,none,none,none,none,none,none,Arthritis
2479,joint pain,vomiting,yellowish skin,dark urine,nausea,loss of appetite,abdominal pain,diarrhoea,mild fever,yellowing of eyes,muscle pain,none,none,none,none,none,none,hepatitis A
4645,back pain,weakness in limbs,neck pain,dizziness,loss of balance,none,none,none,none,none,none,none,none,none,none,none,none,Cervical spondylosis
1976,vomiting,fatigue,anxiety,headache,nausea,blurred and distorted vision,excessive hunger,drying and tingling lips,slurred speech,irritability,palpitations,none,none,none,none,none,none,Hypoglycemia
1674,itching,vomiting,yellowish skin,loss of appetite,abdominal pain,yellowing of eyes,none,none,none,none,none,none,none,none,none,none,none,Chronic cholestasis
3436,vomiting,fatigue,anxiety,sweating,headache,nausea,blurred and distorted vision,excessive hunger,drying and tingling lips,slurred speech,irritability,palpitations,none,none,none,none,none,Hypoglycemia
4187,vomiting,indigestion,loss of appetite,abdominal pain,passage of gases,internal itching,none,none,none,none,none,none,none,none,none,none,none,Peptic ulcer diseae
3089,itching,vomiting,fatigue,weight loss,high fever,yellowish skin,dark urine,abdominal pain,none,none,none,none,none,none,none,none,none,Jaundice
3364,stomach pain,acidity,ulcers on tongue,vomiting,cough,chest pain,none,none,none,none,none,none,none,none,none,none,none,GERD
23,stomach pain,acidity,ulcers on tongue,cough,chest pain,none,none,none,none,none,none,none,none,none,none,none,none,GERD
4300,vomiting,headache,nausea,spinning movements,loss of balance,unsteadiness,none,none,none,none,none,none,none,none,none,none,none,(vertigo) Paroymsal  Positional Vertigo
3698,vomiting,sunken eyes,dehydration,diarrhoea,none,none,none,none,none,none,none,none,none,none,none,none,none,Gastroenteritis
4409,joint pain,vomiting,fatigue,yellowish skin,dark urine,nausea,loss of appetite,abdominal pain,yellowing of eyes,none,none,none,none,none,none,none,none,Hepatitis D
2349,vomiting,breathlessness,chest pain,none,none,none,none,none,none,none,none,none,none,none,none,none,none,Heart attack
2204,chills,high fever,sweating,headache,nausea,diarrhoea,muscle pain,none,none,none,none,none,none,none,none,none,none,Malaria
1620,skin rash,joint pain,skin peeling,silver like dusting,small dents in nails,inflammatory nails,none,none,none,none,none,none,none,none,none,none,none,Psoriasis
123,back pain,neck pain,dizziness,loss of balance,none,none,none,none,none,none,none,none,none,none,none,none,none,Cervical spondylosis
1707,patches in throat,high fever,extra marital contacts,none,none,none,none,none,none,none,none,none,none,none,none,none,none,AIDS
3740,fatigue,cough,high fever,breathlessness,family history,mucoid sputum,none,none,none,none,none,none,none,none,none,none,none,Bronchial Asthma
1338,headache,dizziness,loss of balance,lack of concentration,none,none,none,none,none,none,none,none,none,none,none,none,none,Hypertension
2684,joint pain,vomiting,yellowish skin,dark urine,nausea,loss of appetite,abdominal pain,diarrhoea,mild fever,yellowing of eyes,muscle pain,none,none,none,none,none,none,hepatitis A
1269,itching,vomiting,yellowish skin,nausea,loss of appetite,abdominal pain,yellowing of eyes,none,none,none,none,none,none,none,none,none,none,Chronic cholestasis
1118,vomiting,sweating,chest pain,none,none,none,none,none,none,none,none,none,none,none,none,none,none,Heart attack
1811,skin rash,chills,joint pain,vomiting,fatigue,high fever,headache,nausea,loss of appetite,pain behind the eyes,back pain,malaise,red spots over body,none,none,none,none,Dengue
858,itching,vomiting,yellowish skin,nausea,loss of appetite,abdominal pain,yellowing of eyes,none,none,none,none,none,none,none,none,none,none,Chronic cholestasis
3896,continuous sneezing,shivering,chills,watering from eyes,none,none,none,none,none,none,none,none,none,none,none,none,none,Allergy
456,itching,stomach pain,burning micturition,spotting  urination,none,none,none,none,none,none,none,none,none,none,none,none,none,Drug Reaction
1922,constipation,pain during bowel movements,pain in anal region,bloody stool,irritation in anus,none,none,none,none,none,none,none,none,none,none,none,none,Dimorphic hemmorhoids(piles)
3185,constipation,pain during bowel movements,pain in anal region,bloody stool,irritation in anus,none,none,none,none,none,none,none,none,none,none,none,none,Dimorphic hemmorhoids(piles)
4223,itching,skin rash,nodal skin eruptions,dischromic  patches,none,none,none,none,none,none,none,none,none,none,none,none,none,Fungal infection
2811,joint pain,vomiting,fatigue,high fever,yellowish skin,dark urine,nausea,loss of appetite,abdominal pain,yellowing of eyes,acute liver failure,coma,stomach bleeding,none,none,none,none,Hepatitis E
3118,stomach pain,acidity,ulcers on tongue,vomiting,cough,chest pain,none,none,none,none,none,none,none,none,none,none,none,GERD
4442,itching,vomiting,fatigue,weight loss,high fever,yellowish skin,dark urine,abdominal pain,none,none,none,none,none,none,none,none,none,Jaundice
1766,back pain,weakness in limbs,neck pain,dizziness,none,none,none,none,none,none,none,none,none,none,none,none,none,Cervical spondylosis
1926,constipation,pain during bowel movements,pain in anal region,irritation in anus,none,none,none,none,none,none,none,none,none,none,none,none,none,Dimorphic hemmorhoids(piles)
822,itching,nodal skin eruptions,dischromic  patches,none,none,none,none,none,none,none,none,none,none,none,none,none,none,Fungal infection
3755,vomiting,yellowish skin,abdominal pain,swelling of stomach,distention of abdomen,history of alcohol consumption,fluid overload,none,none,none,none,none,none,none,none,none,none,Alcoholic hepatitis
1470,vomiting,yellowish skin,abdominal pain,swelling of stomach,distention of abdomen,history of alcohol consumption,fluid overload,none,none,none,none,none,none,none,none,none,none,Alcoholic hepatitis
2865,vomiting,headache,nausea,spinning movements,loss of balance,unsteadiness,none,none,none,none,none,none,none,none,none,none,none,(vertigo) Paroymsal  Positional Vertigo
3305,chills,vomiting,fatigue,weight loss,cough,high fever,breathlessness,sweating,loss of appetite,mild fever,yellowing of eyes,swelled lymph nodes,malaise,phlegm,chest pain,blood in sputum,none,Tuberculosis
1885,vomiting,yellowish skin,abdominal pain,distention of abdomen,history of alcohol consumption,fluid overload,none,none,none,none,none,none,none,none,none,none,none,Alcoholic hepatitis
2945,joint pain,neck pain,knee pain,hip joint pain,swelling joints,painful walking,none,none,none,none,none,none,none,none,none,none,none,Osteoarthristis
533,back pain,neck pain,dizziness,loss of balance,none,none,none,none,none,none,none,none,none,none,none,none,none,Cervical spondylosis
2480,itching,fatigue,lethargy,yellowish skin,dark urine,loss of appetite,abdominal pain,yellow urine,yellowing of eyes,malaise,receiving blood transfusion,receiving unsterile injections,none,none,none,none,none,Hepatitis B
726,fatigue,weight gain,cold hands and feets,lethargy,dizziness,puffy face and eyes,enlarged thyroid,brittle nails,swollen extremeties,depression,irritability,abnormal menstruation,none,none,none,none,none,Hypothyroidism
2114,muscle wasting,patches in throat,high fever,none,none,none,none,none,none,none,none,none,none,none,none,none,none,AIDS
3584,skin rash,chills,joint pain,vomiting,fatigue,high fever,headache,nausea,loss of appetite,pain behind the eyes,back pain,malaise,muscle pain,red spots over body,none,none,none,Dengue
3044,headache,chest pain,dizziness,loss of balance,lack of concentration,none,none,none,none,none,none,none,none,none,none,none,none,Hypertension
1872,joint pain,vomiting,fatigue,high fever,yellowish skin,dark urine,nausea,loss of appetite,abdominal pain,yellowing of eyes,acute liver failure,coma,stomach bleeding,none,none,none,none,Hepatitis E
263,continuous sneezing,fatigue,cough,high fever,headache,swelled lymph nodes,malaise,phlegm,throat irritation,redness of eyes,sinus pressure,runny nose,congestion,chest pain,loss of smell,muscle pain,none,Common Cold
2704,skin rash,joint pain,skin peeling,silver like dusting,small dents in nails,inflammatory nails,none,none,none,none,none,none,none,none,none,none,none,Psoriasis
436,acidity,ulcers on tongue,vomiting,cough,chest pain,none,none,none,none,none,none,none,none,none,none,none,none,GERD
4902,joint pain,vomiting,fatigue,high fever,yellowish skin,dark urine,nausea,loss of appetite,abdominal pain,yellowing of eyes,acute liver failure,coma,stomach bleeding,none,none,none,none,Hepatitis E
2586,itching,vomiting,yellowish skin,nausea,loss of appetite,abdominal pain,yellowing of eyes,none,none,none,none,none,none,none,none,none,none,Chronic cholestasis
2083,itching,vomiting,nausea,loss of appetite,abdominal pain,yellowing of eyes,none,none,none,none,none,none,none,none,none,none,none,Chronic cholestasis
4677,itching,vomiting,yellowish skin,nausea,loss of appetite,abdominal pain,yellowing of eyes,none,none,none,none,none,none,none,none,none,none,Chronic cholestasis
1813,skin rash,chills,joint pain,vomiting,fatigue,high fever,headache,nausea,loss of appetite,pain behind the eyes,back pain,malaise,muscle pain,red spots over body,none,none,none,Dengue
1405,skin rash,joint pain,vomiting,fatigue,high fever,headache,nausea,loss of appetite,pain behind the eyes,back pain,malaise,muscle pain,red spots over body,none,none,none,none,Dengue
1720,vomiting,sunken eyes,dehydration,diarrhoea,none,none,none,none,none,none,none,none,none,none,none,none,none,Gastroenteritis
4164,joint pain,vomiting,fatigue,high fever,yellowish skin,dark urine,nausea,loss of appetite,abdominal pain,yellowing of eyes,acute liver failure,coma,stomach bleeding,none,none,none,none,Hepatitis E
634,joint pain,vomiting,fatigue,dark urine,nausea,loss of appetite,abdominal pain,yellowing of eyes,none,none,none,none,none,none,none,none,none,Hepatitis D
2728,joint pain,vomiting,fatigue,yellowish skin,dark urine,nausea,loss of appetite,abdominal pain,yellowing of eyes,none,none,none,none,none,none,none,none,Hepatitis D
947,back pain,weakness in limbs,neck pain,dizziness,loss of balance,none,none,none,none,none,none,none,none,none,none,none,none,Cervical spondylosis
4863,chills,vomiting,fatigue,weight loss,cough,high fever,breathlessness,sweating,loss of appetite,mild fever,yellowing of eyes,swelled lymph nodes,malaise,phlegm,chest pain,blood in sputum,none,Tuberculosis
2106,vomiting,indigestion,loss of appetite,abdominal pain,internal itching,none,none,none,none,none,none,none,none,none,none,none,none,Peptic ulcer diseae
3128,back pain,weakness in limbs,neck pain,dizziness,loss of balance,none,none,none,none,none,none,none,none,none,none,none,none,Cervical spondylosis
2380,vomiting,fatigue,anxiety,sweating,headache,nausea,blurred and distorted vision,excessive hunger,slurred speech,irritability,palpitations,none,none,none,none,none,none,Hypoglycemia
2810,joint pain,vomiting,fatigue,yellowish skin,dark urine,nausea,loss of appetite,abdominal pain,yellowing of eyes,none,none,none,none,none,none,none,none,Hepatitis D
1739,fatigue,high fever,breathlessness,family history,mucoid sputum,none,none,none,none,none,none,none,none,none,none,none,none,Bronchial Asthma
221,vomiting,fatigue,yellowish skin,dark urine,nausea,loss of appetite,abdominal pain,yellowing of eyes,none,none,none,none,none,none,none,none,none,Hepatitis D
4637,itching,skin rash,stomach pain,burning micturition,spotting  urination,none,none,none,none,none,none,none,none,none,none,none,none,Drug Reaction
1752,acidity,headache,blurred and distorted vision,excessive hunger,stiff neck,depression,irritability,visual disturbances,none,none,none,none,none,none,none,none,none,Migraine
2280,joint pain,vomiting,fatigue,high fever,yellowish skin,dark urine,nausea,loss of appetite,abdominal pain,yellowing of eyes,coma,stomach bleeding,none,none,none,none,none,Hepatitis E
3427,vomiting,yellowish skin,abdominal pain,swelling of stomach,distention of abdomen,history of alcohol consumption,fluid overload,none,none,none,none,none,none,none,none,none,none,Alcoholic hepatitis
3523,burning micturition,bladder discomfort,foul smell of urine,continuous feel of urine,none,none,none,none,none,none,none,none,none,none,none,none,none,Urinary tract infection
377,skin rash,pus filled pimples,blackheads,none,none,none,none,none,none,none,none,none,none,none,none,none,none,Acne
3708,chills,vomiting,fatigue,high fever,headache,nausea,constipation,abdominal pain,diarrhoea,toxic look (typhos),belly pain,none,none,none,none,none,none,Typhoid
880,muscle wasting,patches in throat,high fever,extra marital contacts,none,none,none,none,none,none,none,none,none,none,none,none,none,AIDS
3933,burning micturition,bladder discomfort,foul smell of urine,continuous feel of urine,none,none,none,none,none,none,none,none,none,none,none,none,none,Urinary tract infection
239,joint pain,vomiting,fatigue,high fever,yellowish skin,dark urine,loss of appetite,abdominal pain,yellowing of eyes,acute liver failure,coma,stomach bleeding,none,none,none,none,none,Hepatitis E
3673,vomiting,yellowish skin,abdominal pain,swelling of stomach,distention of abdomen,history of alcohol consumption,fluid overload,none,none,none,none,none,none,none,none,none,none,Alcoholic hepatitis
4641,vomiting,sunken eyes,dehydration,diarrhoea,none,none,none,none,none,none,none,none,none,none,none,none,none,Gastroenteritis
1413,chills,vomiting,fatigue,high fever,headache,nausea,constipation,diarrhoea,toxic look (typhos),belly pain,none,none,none,none,none,none,none,Typhoid
3469,chills,vomiting,fatigue,weight loss,cough,high fever,breathlessness,sweating,loss of appetite,mild fever,yellowing of eyes,swelled lymph nodes,malaise,phlegm,chest pain,blood in sputum,none,Tuberculosis
2525,vomiting,yellowish skin,abdominal pain,swelling of stomach,distention of abdomen,history of alcohol consumption,fluid overload,none,none,none,none,none,none,none,none,none,none,Alcoholic hepatitis
2179,back pain,neck pain,dizziness,loss of balance,none,none,none,none,none,none,none,none,none,none,none,none,none,Cervical spondylosis
4358,back pain,weakness in limbs,neck pain,dizziness,loss of balance,none,none,none,none,none,none,none,none,none,none,none,none,Cervical spondylosis
4042,vomiting,yellowish skin,abdominal pain,swelling of stomach,distention of abdomen,history of alcohol consumption,fluid overload,none,none,none,none,none,none,none,none,none,none,Alcoholic hepatitis
2162,acidity,headache,blurred and distorted vision,excessive hunger,stiff neck,depression,irritability,visual disturbances,none,none,none,none,none,none,none,none,none,Migraine
3665,itching,skin rash,fatigue,lethargy,high fever,headache,loss of appetite,mild fever,swelled lymph nodes,malaise,red spots over body,none,none,none,none,none,none,Chicken pox
3055,fatigue,yellowish skin,nausea,loss of appetite,yellowing of eyes,family history,none,none,none,none,none,none,none,none,none,none,none,Hepatitis C
248,vomiting,yellowish skin,abdominal pain,swelling of stomach,distention of abdomen,history of alcohol consumption,none,none,none,none,none,none,none,none,none,none,none,Alcoholic hepatitis
279,chills,fatigue,cough,high fever,breathlessness,sweating,phlegm,chest pain,fast heart rate,rusty sputum,none,none,none,none,none,none,none,Pneumonia
1614,burning micturition,bladder discomfort,continuous feel of urine,none,none,none,none,none,none,none,none,none,none,none,none,none,none,Urinary tract infection
2961,fatigue,cough,high fever,breathlessness,family history,mucoid sputum,none,none,none,none,none,none,none,none,none,none,none,Bronchial Asthma
4559,vomiting,sunken eyes,dehydration,diarrhoea,none,none,none,none,none,none,none,none,none,none,none,none,none,Gastroenteritis
2019,skin rash,blackheads,scurring,none,none,none,none,none,none,none,none,none,none,none,none,none,none,Acne
86,vomiting,sunken eyes,dehydration,diarrhoea,none,none,none,none,none,none,none,none,none,none,none,none,none,Gastroenteritis
3038,itching,skin rash,stomach pain,burning micturition,spotting  urination,none,none,none,none,none,none,none,none,none,none,none,none,Drug Reaction
3037,itching,vomiting,yellowish skin,nausea,loss of appetite,abdominal pain,yellowing of eyes,none,none,none,none,none,none,none,none,none,none,Chronic cholestasis
4762,muscle wasting,patches in throat,high fever,extra marital contacts,none,none,none,none,none,none,none,none,none,none,none,none,none,AIDS
4483,itching,vomiting,fatigue,weight loss,high fever,yellowish skin,dark urine,abdominal pain,none,none,none,none,none,none,none,none,none,Jaundice
3206,vomiting,sunken eyes,dehydration,diarrhoea,none,none,none,none,none,none,none,none,none,none,none,none,none,Gastroenteritis
2668,itching,vomiting,yellowish skin,nausea,loss of appetite,abdominal pain,yellowing of eyes,none,none,none,none,none,none,none,none,none,none,Chronic cholestasis
3457,vomiting,headache,weakness of one body side,altered sensorium,none,none,none,none,none,none,none,none,none,none,none,none,none,Paralysis (brain hemorrhage)
2107,vomiting,indigestion,loss of appetite,abdominal pain,passage of gases,none,none,none,none,none,none,none,none,none,none,none,none,Peptic ulcer diseae
4901,joint pain,vomiting,fatigue,yellowish skin,dark urine,nausea,loss of appetite,abdominal pain,yellowing of eyes,none,none,none,none,none,none,none,none,Hepatitis D
932,acidity,headache,blurred and distorted vision,excessive hunger,stiff neck,depression,irritability,visual disturbances,none,none,none,none,none,none,none,none,none,Migraine
898,fatigue,weight loss,restlessness,lethargy,irregular sugar level,blurred and distorted vision,excessive hunger,increased appetite,polyuria,none,none,none,none,none,none,none,none,Diabetes
418,itching,skin rash,nodal skin eruptions,none,none,none,none,none,none,none,none,none,none,none,none,none,none,Fungal infection
4328,joint pain,vomiting,fatigue,high fever,yellowish skin,dark urine,nausea,loss of appetite,abdominal pain,yellowing of eyes,acute liver failure,coma,stomach bleeding,none,none,none,none,Hepatitis E
3766,muscle weakness,stiff neck,swelling joints,movement stiffness,painful walking,none,none,none,none,none,none,none,none,none,none,none,none,Arthritis
4434,muscle wasting,patches in throat,high fever,extra marital contacts,none,none,none,none,none,none,none,none,none,none,none,none,none,AIDS
4303,skin rash,joint pain,skin peeling,silver like dusting,small dents in nails,inflammatory nails,none,none,none,none,none,none,none,none,none,none,none,Psoriasis
5,skin rash,nodal skin eruptions,dischromic  patches,none,none,none,none,none,none,none,none,none,none,none,none,none,none,Fungal infection
3981,itching,skin rash,stomach pain,burning micturition,spotting  urination,none,none,none,none,none,none,none,none,none,none,none,none,Drug Reaction
1025,itching,fatigue,lethargy,dark urine,loss of appetite,abdominal pain,yellow urine,yellowing of eyes,malaise,receiving blood transfusion,receiving unsterile injections,none,none,none,none,none,none,Hepatitis B
4714,skin rash,high fever,blister,red sore around nose,yellow crust ooze,none,none,none,none,none,none,none,none,none,none,none,none,Impetigo
1930,vomiting,breathlessness,sweating,chest pain,none,none,none,none,none,none,none,none,none,none,none,none,none,Heart attack
1567,vomiting,fatigue,anxiety,sweating,nausea,blurred and distorted vision,excessive hunger,drying and tingling lips,slurred speech,irritability,palpitations,none,none,none,none,none,none,Hypoglycemia
4686,back pain,weakness in limbs,neck pain,dizziness,loss of balance,none,none,none,none,none,none,none,none,none,none,none,none,Cervical spondylosis
20,stomach pain,acidity,ulcers on tongue,vomiting,cough,chest pain,none,none,none,none,none,none,none,none,none,none,none,GERD
3339,chills,vomiting,fatigue,high fever,headache,nausea,constipation,abdominal pain,diarrhoea,toxic look (typhos),belly pain,none,none,none,none,none,none,Typhoid
304,fatigue,cramps,obesity,swollen legs,swollen blood vessels,prominent veins on calf,none,none,none,none,none,none,none,none,none,none,none,Varicose veins
3832,joint pain,vomiting,yellowish skin,dark urine,nausea,loss of appetite,abdominal pain,diarrhoea,mild fever,yellowing of eyes,muscle pain,none,none,none,none,none,none,hepatitis A
4299,muscle weakness,stiff neck,swelling joints,movement stiffness,painful walking,none,none,none,none,none,none,none,none,none,none,none,none,Arthritis
923,headache,chest pain,loss of balance,lack of concentration,none,none,none,none,none,none,none,none,none,none,none,none,none,Hypertension
1234,itching,skin rash,nodal skin eruptions,none,none,none,none,none,none,none,none,none,none,none,none,none,none,Fungal infection
3885,fatigue,weight gain,cold hands and feets,mood swings,lethargy,dizziness,puffy face and eyes,enlarged thyroid,brittle nails,swollen extremeties,depression,irritability,abnormal menstruation,none,none,none,none,Hypothyroidism
4846,vomiting,sunken eyes,dehydration,diarrhoea,none,none,none,none,none,none,none,none,none,none,none,none,none,Gastroenteritis
3677,constipation,pain during bowel movements,pain in anal region,bloody stool,irritation in anus,none,none,none,none,none,none,none,none,none,none,none,none,Dimorphic hemmorhoids(piles)
2936,chills,vomiting,fatigue,weight loss,cough,high fever,breathlessness,sweating,loss of appetite,mild fever,yellowing of eyes,swelled lymph nodes,malaise,phlegm,chest pain,blood in sputum,none,Tuberculosis
4144,itching,vomiting,yellowish skin,nausea,loss of appetite,abdominal pain,yellowing of eyes,none,none,none,none,none,none,none,none,none,none,Chronic cholestasis
1824,chills,vomiting,fatigue,high fever,headache,nausea,constipation,abdominal pain,toxic look (typhos),belly pain,none,none,none,none,none,none,none,Typhoid
3333,back pain,weakness in limbs,neck pain,dizziness,loss of balance,none,none,none,none,none,none,none,none,none,none,none,none,Cervical spondylosis
3002,fatigue,cough,high fever,breathlessness,family history,mucoid sputum,none,none,none,none,none,none,none,none,none,none,none,Bronchial Asthma
2065,shivering,chills,watering from eyes,none,none,none,none,none,none,none,none,none,none,none,none,none,none,Allergy
2808,itching,fatigue,lethargy,yellowish skin,dark urine,loss of appetite,abdominal pain,yellow urine,yellowing of eyes,malaise,receiving blood transfusion,receiving unsterile injections,none,none,none,none,none,Hepatitis B
1855,fatigue,yellowish skin,nausea,yellowing of eyes,family history,none,none,none,none,none,none,none,none,none,none,none,none,Hepatitis C
3711,fatigue,yellowish skin,nausea,loss of appetite,yellowing of eyes,family history,none,none,none,none,none,none,none,none,none,none,none,Hepatitis C
749,vomiting,fatigue,anxiety,sweating,headache,nausea,excessive hunger,drying and tingling lips,slurred speech,irritability,palpitations,none,none,none,none,none,none,Hypoglycemia
1618,bladder discomfort,foul smell of urine,continuous feel of urine,none,none,none,none,none,none,none,none,none,none,none,none,none,none,Urinary tract infection
4763,fatigue,weight loss,restlessness,lethargy,irregular sugar level,blurred and distorted vision,obesity,excessive hunger,increased appetite,polyuria,none,none,none,none,none,none,none,Diabetes
2750,itching,vomiting,yellowish skin,nausea,loss of appetite,abdominal pain,yellowing of eyes,none,none,none,none,none,none,none,none,none,none,Chronic cholestasis
4705,fatigue,weight gain,cold hands and feets,mood swings,lethargy,dizziness,puffy face and eyes,enlarged thyroid,brittle nails,swollen extremeties,depression,irritability,abnormal menstruation,none,none,none,none,Hypothyroidism
2278,joint pain,vomiting,fatigue,yellowish skin,dark urine,nausea,loss of appetite,yellowing of eyes,none,none,none,none,none,none,none,none,none,Hepatitis D
1600,skin rash,pus filled pimples,blackheads,scurring,none,none,none,none,none,none,none,none,none,none,none,none,none,Acne
3386,vomiting,yellowish skin,abdominal pain,swelling of stomach,distention of abdomen,history of alcohol consumption,fluid overload,none,none,none,none,none,none,none,none,none,none,Alcoholic hepatitis
4284,itching,fatigue,lethargy,yellowish skin,dark urine,loss of appetite,abdominal pain,yellow urine,yellowing of eyes,malaise,receiving blood transfusion,receiving unsterile injections,none,none,none,none,none,Hepatitis B
1773,vomiting,weakness of one body side,altered sensorium,none,none,none,none,none,none,none,none,none,none,none,none,none,none,Paralysis (brain hemorrhage)
3444,itching,skin rash,nodal skin eruptions,dischromic  patches,none,none,none,none,none,none,none,none,none,none,none,none,none,Fungal infection
4063,itching,skin rash,stomach pain,burning micturition,spotting  urination,none,none,none,none,none,none,none,none,none,none,none,none,Drug Reaction
3601,joint pain,neck pain,knee pain,hip joint pain,swelling joints,painful walking,none,none,none,none,none,none,none,none,none,none,none,Osteoarthristis
2244,joint pain,vomiting,dark urine,nausea,loss of appetite,abdominal pain,diarrhoea,mild fever,yellowing of eyes,muscle pain,none,none,none,none,none,none,none,hepatitis A
1002,chills,vomiting,fatigue,high fever,headache,nausea,abdominal pain,diarrhoea,toxic look (typhos),belly pain,none,none,none,none,none,none,none,Typhoid
4008,fatigue,weight gain,cold hands and feets,mood swings,lethargy,dizziness,puffy face and eyes,enlarged thyroid,brittle nails,swollen extremeties,depression,irritability,abnormal menstruation,none,none,none,none,Hypothyroidism
228,joint pain,vomiting,fatigue,yellowish skin,dark urine,nausea,loss of appetite,yellowing of eyes,none,none,none,none,none,none,none,none,none,Hepatitis D
2537,vomiting,headache,nausea,spinning movements,loss of balance,unsteadiness,none,none,none,none,none,none,none,none,none,none,none,(vertigo) Paroymsal  Positional Vertigo
2721,chills,vomiting,high fever,sweating,headache,nausea,diarrhoea,muscle pain,none,none,none,none,none,none,none,none,none,Malaria
2251,itching,fatigue,lethargy,yellowish skin,dark urine,loss of appetite,abdominal pain,yellow urine,yellowing of eyes,malaise,receiving blood transfusion,receiving unsterile injections,none,none,none,none,none,Hepatitis B
2127,fatigue,weight loss,restlessness,lethargy,irregular sugar level,obesity,excessive hunger,increased appetite,polyuria,none,none,none,none,none,none,none,none,Diabetes
1407,skin rash,chills,joint pain,fatigue,high fever,headache,nausea,loss of appetite,pain behind the eyes,back pain,malaise,muscle pain,red spots over body,none,none,none,none,Dengue
4248,chills,vomiting,fatigue,weight loss,cough,high fever,breathlessness,sweating,loss of appetite,mild fever,yellowing of eyes,swelled lymph nodes,malaise,phlegm,chest pain,blood in sputum,none,Tuberculosis
1829,chills,fatigue,high fever,headache,nausea,constipation,abdominal pain,diarrhoea,toxic look (typhos),belly pain,none,none,none,none,none,none,none,Typhoid
883,muscle wasting,patches in throat,extra marital contacts,none,none,none,none,none,none,none,none,none,none,none,none,none,none,AIDS
2837,vomiting,sunken eyes,dehydration,diarrhoea,none,none,none,none,none,none,none,none,none,none,none,none,none,Gastroenteritis
4321,itching,skin rash,fatigue,lethargy,high fever,headache,loss of appetite,mild fever,swelled lymph nodes,malaise,red spots over body,none,none,none,none,none,none,Chicken pox
2158,headache,dizziness,loss of balance,lack of concentration,none,none,none,none,none,none,none,none,none,none,none,none,none,Hypertension
4530,itching,fatigue,lethargy,yellowish skin,dark urine,loss of appetite,abdominal pain,yellow urine,yellowing of eyes,malaise,receiving blood transfusion,receiving unsterile injections,none,none,none,none,none,Hepatitis B
1076,chills,vomiting,fatigue,weight loss,high fever,breathlessness,sweating,loss of appetite,mild fever,yellowing of eyes,swelled lymph nodes,malaise,phlegm,chest pain,blood in sputum,none,none,Tuberculosis
4441,vomiting,headache,weakness of one body side,altered sensorium,none,none,none,none,none,none,none,none,none,none,none,none,none,Paralysis (brain hemorrhage)
1364,vomiting,headache,altered sensorium,none,none,none,none,none,none,none,none,none,none,none,none,none,none,Paralysis (brain hemorrhage)
3193,vomiting,headache,nausea,spinning movements,loss of balance,unsteadiness,none,none,none,none,none,none,none,none,none,none,none,(vertigo) Paroymsal  Positional Vertigo
4498,vomiting,breathlessness,sweating,chest pain,none,none,none,none,none,none,none,none,none,none,none,none,none,Heart attack
637,joint pain,vomiting,fatigue,yellowish skin,dark urine,nausea,abdominal pain,yellowing of eyes,none,none,none,none,none,none,none,none,none,Hepatitis D
1572,neck pain,knee pain,hip joint pain,swelling joints,painful walking,none,none,none,none,none,none,none,none,none,none,none,none,Osteoarthristis
3590,joint pain,vomiting,fatigue,high fever,yellowish skin,dark urine,nausea,loss of appetite,abdominal pain,yellowing of eyes,acute liver failure,coma,stomach bleeding,none,none,none,none,Hepatitis E
4513,itching,vomiting,yellowish skin,nausea,loss of appetite,abdominal pain,yellowing of eyes,none,none,none,none,none,none,none,none,none,none,Chronic cholestasis
3094,joint pain,vomiting,yellowish skin,dark urine,nausea,loss of appetite,abdominal pain,diarrhoea,mild fever,yellowing of eyes,muscle pain,none,none,none,none,none,none,hepatitis A
2464,itching,skin rash,stomach pain,burning micturition,spotting  urination,none,none,none,none,none,none,none,none,none,none,none,none,Drug Reaction
34,itching,vomiting,yellowish skin,loss of appetite,abdominal pain,yellowing of eyes,none,none,none,none,none,none,none,none,none,none,none,Chronic cholestasis
4744,vomiting,breathlessness,sweating,chest pain,none,none,none,none,none,none,none,none,none,none,none,none,none,Heart attack
1942,cramps,bruising,obesity,swollen legs,swollen blood vessels,prominent veins on calf,none,none,none,none,none,none,none,none,none,none,none,Varicose veins
2014,skin rash,pus filled pimples,scurring,none,none,none,none,none,none,none,none,none,none,none,none,none,none,Acne
1774,vomiting,headache,altered sensorium,none,none,none,none,none,none,none,none,none,none,none,none,none,none,Paralysis (brain hemorrhage)
1823,chills,vomiting,fatigue,high fever,headache,nausea,constipation,diarrhoea,toxic look (typhos),belly pain,none,none,none,none,none,none,none,Typhoid
2143,fatigue,cough,breathlessness,family history,mucoid sputum,none,none,none,none,none,none,none,none,none,none,none,none,Bronchial Asthma
4702,constipation,pain during bowel movements,pain in anal region,bloody stool,irritation in anus,none,none,none,none,none,none,none,none,none,none,none,none,Dimorphic hemmorhoids(piles)
2649,chills,vomiting,fatigue,weight loss,cough,high fever,breathlessness,sweating,loss of appetite,mild fever,yellowing of eyes,swelled lymph nodes,malaise,phlegm,chest pain,blood in sputum,none,Tuberculosis
3053,joint pain,vomiting,yellowish skin,dark urine,nausea,loss of appetite,abdominal pain,diarrhoea,mild fever,yellowing of eyes,muscle pain,none,none,none,none,none,none,hepatitis A
985,itching,skin rash,fatigue,lethargy,headache,loss of appetite,mild fever,swelled lymph nodes,malaise,red spots over body,none,none,none,none,none,none,none,Chicken pox
1249,continuous sneezing,shivering,chills,watering from eyes,none,none,none,none,none,none,none,none,none,none,none,none,none,Allergy
3025,fatigue,mood swings,weight loss,restlessness,sweating,diarrhoea,fast heart rate,excessive hunger,muscle weakness,irritability,abnormal menstruation,none,none,none,none,none,none,Hyperthyroidism
461,vomiting,indigestion,abdominal pain,passage of gases,internal itching,none,none,none,none,none,none,none,none,none,none,none,none,Peptic ulcer diseae
2743,skin rash,pus filled pimples,blackheads,scurring,none,none,none,none,none,none,none,none,none,none,none,none,none,Acne
412,itching,nodal skin eruptions,dischromic  patches,none,none,none,none,none,none,none,none,none,none,none,none,none,none,Fungal infection
2640,itching,skin rash,fatigue,lethargy,high fever,headache,loss of appetite,mild fever,swelled lymph nodes,malaise,red spots over body,none,none,none,none,none,none,Chicken pox
4218,vomiting,headache,nausea,spinning movements,loss of balance,unsteadiness,none,none,none,none,none,none,none,none,none,none,none,(vertigo) Paroymsal  Positional Vertigo
2664,skin rash,high fever,blister,red sore around nose,yellow crust ooze,none,none,none,none,none,none,none,none,none,none,none,none,Impetigo
1529,vomiting,breathlessness,chest pain,none,none,none,none,none,none,none,none,none,none,none,none,none,none,Heart attack
877,vomiting,indigestion,loss of appetite,abdominal pain,passage of gases,none,none,none,none,none,none,none,none,none,none,none,none,Peptic ulcer diseae
4608,itching,skin rash,fatigue,lethargy,high fever,headache,loss of appetite,mild fever,swelled lymph nodes,malaise,red spots over body,none,none,none,none,none,none,Chicken pox
499,vomiting,sunken eyes,diarrhoea,none,none,none,none,none,none,none,none,none,none,none,none,none,none,Gastroenteritis
1374,itching,vomiting,weight loss,high fever,yellowish skin,dark urine,abdominal pain,none,none,none,none,none,none,none,none,none,none,Jaundice
3230,fatigue,mood swings,weight loss,restlessness,sweating,diarrhoea,fast heart rate,excessive hunger,muscle weakness,irritability,abnormal menstruation,none,none,none,none,none,none,Hyperthyroidism
4306,continuous sneezing,shivering,chills,watering from eyes,none,none,none,none,none,none,none,none,none,none,none,none,none,Allergy
3773,continuous sneezing,shivering,chills,watering from eyes,none,none,none,none,none,none,none,none,none,none,none,none,none,Allergy
2072,stomach pain,acidity,vomiting,cough,chest pain,none,none,none,none,none,none,none,none,none,none,none,none,GERD
1543,weight gain,cold hands and feets,mood swings,lethargy,dizziness,puffy face and eyes,enlarged thyroid,brittle nails,swollen extremeties,depression,irritability,abnormal menstruation,none,none,none,none,none,Hypothyroidism
827,itching,skin rash,dischromic  patches,none,none,none,none,none,none,none,none,none,none,none,none,none,none,Fungal infection
204,itching,fatigue,yellowish skin,dark urine,loss of appetite,abdominal pain,yellow urine,yellowing of eyes,malaise,receiving blood transfusion,receiving unsterile injections,none,none,none,none,none,none,Hepatitis B
2040,skin rash,high fever,blister,red sore around nose,yellow crust ooze,none,none,none,none,none,none,none,none,none,none,none,none,Impetigo
2026,burning micturition,bladder discomfort,foul smell of urine,continuous feel of urine,none,none,none,none,none,none,none,none,none,none,none,none,none,Urinary tract infection
2851,joint pain,vomiting,fatigue,yellowish skin,dark urine,nausea,loss of appetite,abdominal pain,yellowing of eyes,none,none,none,none,none,none,none,none,Hepatitis D
3817,itching,skin rash,stomach pain,burning micturition,spotting  urination,none,none,none,none,none,none,none,none,none,none,none,none,Drug Reaction
9,itching,skin rash,nodal skin eruptions,dischromic  patches,none,none,none,none,none,none,none,none,none,none,none,none,none,Fungal infection
3854,itching,skin rash,nodal skin eruptions,dischromic  patches,none,none,none,none,none,none,none,none,none,none,none,none,none,Fungal infection
3307,chills,fatigue,cough,high fever,breathlessness,sweating,malaise,phlegm,chest pain,fast heart rate,rusty sputum,none,none,none,none,none,none,Pneumonia
4695,fatigue,yellowish skin,nausea,loss of appetite,yellowing of eyes,family history,none,none,none,none,none,none,none,none,none,none,none,Hepatitis C
2051,skin rash,nodal skin eruptions,dischromic  patches,none,none,none,none,none,none,none,none,none,none,none,none,none,none,Fungal infection
465,vomiting,indigestion,loss of appetite,passage of gases,internal itching,none,none,none,none,none,none,none,none,none,none,none,none,Peptic ulcer diseae
1495,continuous sneezing,chills,fatigue,high fever,headache,swelled lymph nodes,malaise,phlegm,throat irritation,redness of eyes,sinus pressure,runny nose,congestion,chest pain,loss of smell,muscle pain,none,Common Cold
4156,chills,vomiting,high fever,sweating,headache,nausea,diarrhoea,muscle pain,none,none,none,none,none,none,none,none,none,Malaria
4086,chills,fatigue,cough,high fever,breathlessness,sweating,malaise,phlegm,chest pain,fast heart rate,rusty sputum,none,none,none,none,none,none,Pneumonia
4135,muscle weakness,stiff neck,swelling joints,movement stiffness,painful walking,none,none,none,none,none,none,none,none,none,none,none,none,Arthritis
2279,joint pain,vomiting,fatigue,yellowish skin,dark urine,nausea,loss of appetite,abdominal pain,none,none,none,none,none,none,none,none,none,Hepatitis D
4547,skin rash,pus filled pimples,blackheads,scurring,none,none,none,none,none,none,none,none,none,none,none,none,none,Acne
4701,chills,fatigue,cough,high fever,breathlessness,sweating,malaise,phlegm,chest pain,fast heart rate,rusty sputum,none,none,none,none,none,none,Pneumonia
4698,vomiting,yellowish skin,abdominal pain,swelling of stomach,distention of abdomen,history of alcohol consumption,fluid overload,none,none,none,none,none,none,none,none,none,none,Alcoholic hepatitis
2006,vomiting,headache,nausea,spinning movements,unsteadiness,none,none,none,none,none,none,none,none,none,none,none,none,(vertigo) Paroymsal  Positional Vertigo
63,muscle wasting,patches in throat,extra marital contacts,none,none,none,none,none,none,none,none,none,none,none,none,none,none,AIDS
4255,fatigue,mood swings,weight loss,restlessness,sweating,diarrhoea,fast heart rate,excessive hunger,muscle weakness,irritability,abnormal menstruation,none,none,none,none,none,none,Hyperthyroidism
3759,constipation,pain during bowel movements,pain in anal region,bloody stool,irritation in anus,none,none,none,none,none,none,none,none,none,none,none,none,Dimorphic hemmorhoids(piles)
2536,muscle weakness,stiff neck,swelling joints,movement stiffness,painful walking,none,none,none,none,none,none,none,none,none,none,none,none,Arthritis
3760,vomiting,breathlessness,sweating,chest pain,none,none,none,none,none,none,none,none,none,none,none,none,none,Heart attack
3374,back pain,weakness in limbs,neck pain,dizziness,loss of balance,none,none,none,none,none,none,none,none,none,none,none,none,Cervical spondylosis
1499,continuous sneezing,chills,fatigue,cough,high fever,headache,swelled lymph nodes,phlegm,throat irritation,redness of eyes,sinus pressure,runny nose,congestion,chest pain,loss of smell,muscle pain,none,Common Cold
1346,acidity,indigestion,headache,blurred and distorted vision,excessive hunger,depression,irritability,visual disturbances,none,none,none,none,none,none,none,none,none,Migraine
1007,chills,vomiting,fatigue,high fever,headache,nausea,constipation,abdominal pain,diarrhoea,toxic look (typhos),belly pain,none,none,none,none,none,none,Typhoid
150,chills,vomiting,high fever,sweating,headache,nausea,muscle pain,none,none,none,none,none,none,none,none,none,none,Malaria
4108,vomiting,sunken eyes,dehydration,diarrhoea,none,none,none,none,none,none,none,none,none,none,none,none,none,Gastroenteritis
108,headache,dizziness,loss of balance,lack of concentration,none,none,none,none,none,none,none,none,none,none,none,none,none,Hypertension
1414,chills,vomiting,fatigue,high fever,headache,nausea,constipation,abdominal pain,toxic look (typhos),belly pain,none,none,none,none,none,none,none,Typhoid
3251,back pain,weakness in limbs,neck pain,dizziness,loss of balance,none,none,none,none,none,none,none,none,none,none,none,none,Cervical spondylosis
3021,constipation,pain during bowel movements,pain in anal region,bloody stool,irritation in anus,none,none,none,none,none,none,none,none,none,none,none,none,Dimorphic hemmorhoids(piles)
3336,chills,vomiting,high fever,sweating,headache,nausea,diarrhoea,muscle pain,none,none,none,none,none,none,none,none,none,Malaria
3077,stomach pain,acidity,ulcers on tongue,vomiting,cough,chest pain,none,none,none,none,none,none,none,none,none,none,none,GERD
1390,itching,skin rash,fatigue,lethargy,high fever,headache,loss of appetite,mild fever,swelled lymph nodes,malaise,red spots over body,none,none,none,none,none,none,Chicken pox
1693,vomiting,loss of appetite,abdominal pain,passage of gases,internal itching,none,none,none,none,none,none,none,none,none,none,none,none,Peptic ulcer diseae
3666,skin rash,chills,joint pain,vomiting,fatigue,high fever,headache,nausea,loss of appetite,pain behind the eyes,back pain,malaise,muscle pain,red spots over body,none,none,none,Dengue
1351,back pain,weakness in limbs,neck pain,dizziness,loss of balance,none,none,none,none,none,none,none,none,none,none,none,none,Cervical spondylosis
57,vomiting,indigestion,loss of appetite,abdominal pain,passage of gases,none,none,none,none,none,none,none,none,none,none,none,none,Peptic ulcer diseae
2872,stomach pain,acidity,ulcers on tongue,vomiting,cough,chest pain,none,none,none,none,none,none,none,none,none,none,none,GERD
790,burning micturition,bladder discomfort,foul smell of urine,continuous feel of urine,none,none,none,none,none,none,none,none,none,none,none,none,none,Urinary tract infection
3926,fatigue,weight gain,cold hands and feets,mood swings,lethargy,dizziness,puffy face and eyes,enlarged thyroid,brittle nails,swollen extremeties,depression,irritability,abnormal menstruation,none,none,none,none,Hypothyroidism
1500,chills,fatigue,cough,high fever,breathlessness,sweating,malaise,chest pain,fast heart rate,rusty sputum,none,none,none,none,none,none,none,Pneumonia
969,itching,vomiting,fatigue,weight loss,high fever,yellowish skin,dark urine,none,none,none,none,none,none,none,none,none,none,Jaundice
840,stomach pain,acidity,ulcers on tongue,vomiting,cough,chest pain,none,none,none,none,none,none,none,none,none,none,none,GERD
2110,muscle wasting,patches in throat,high fever,extra marital contacts,none,none,none,none,none,none,none,none,none,none,none,none,none,AIDS
723,weight gain,cold hands and feets,mood swings,lethargy,dizziness,puffy face and eyes,enlarged thyroid,brittle nails,swollen extremeties,depression,irritability,abnormal menstruation,none,none,none,none,none,Hypothyroidism
1038,fatigue,yellowish skin,nausea,loss of appetite,yellowing of eyes,family history,none,none,none,none,none,none,none,none,none,none,none,Hepatitis C
3651,stomach pain,acidity,ulcers on tongue,vomiting,cough,chest pain,none,none,none,none,none,none,none,none,none,none,none,GERD
4388,continuous sneezing,shivering,chills,watering from eyes,none,none,none,none,none,none,none,none,none,none,none,none,none,Allergy
480,fatigue,weight loss,restlessness,lethargy,irregular sugar level,blurred and distorted vision,obesity,excessive hunger,increased appetite,polyuria,none,none,none,none,none,none,none,Diabetes
2979,chills,fatigue,cough,high fever,breathlessness,sweating,malaise,phlegm,chest pain,fast heart rate,rusty sputum,none,none,none,none,none,none,Pneumonia
2534,vomiting,fatigue,anxiety,sweating,headache,nausea,blurred and distorted vision,excessive hunger,drying and tingling lips,slurred speech,irritability,palpitations,none,none,none,none,none,Hypoglycemia
4220,burning micturition,bladder discomfort,foul smell of urine,continuous feel of urine,none,none,none,none,none,none,none,none,none,none,none,none,none,Urinary tract infection
3205,fatigue,weight loss,restlessness,lethargy,irregular sugar level,blurred and distorted vision,obesity,excessive hunger,increased appetite,polyuria,none,none,none,none,none,none,none,Diabetes
1411,chills,vomiting,fatigue,high fever,headache,constipation,abdominal pain,diarrhoea,toxic look (typhos),belly pain,none,none,none,none,none,none,none,Typhoid
3549,joint pain,vomiting,fatigue,high fever,yellowish skin,dark urine,nausea,loss of appetite,abdominal pain,yellowing of eyes,acute liver failure,coma,stomach bleeding,none,none,none,none,Hepatitis E
3858,itching,skin rash,stomach pain,burning micturition,spotting  urination,none,none,none,none,none,none,none,none,none,none,none,none,Drug Reaction
1332,headache,dizziness,loss of balance,lack of concentration,none,none,none,none,none,none,none,none,none,none,none,none,none,Hypertension
3006,vomiting,headache,weakness of one body side,altered sensorium,none,none,none,none,none,none,none,none,none,none,none,none,none,Paralysis (brain hemorrhage)
3869,chills,vomiting,high fever,sweating,headache,nausea,diarrhoea,muscle pain,none,none,none,none,none,none,none,none,none,Malaria
4000,joint pain,vomiting,fatigue,high fever,yellowish skin,dark urine,nausea,loss of appetite,abdominal pain,yellowing of eyes,acute liver failure,coma,stomach bleeding,none,none,none,none,Hepatitis E
2818,fatigue,cramps,bruising,obesity,swollen legs,swollen blood vessels,prominent veins on calf,none,none,none,none,none,none,none,none,none,none,Varicose veins
2500,skin rash,high fever,blister,red sore around nose,yellow crust ooze,none,none,none,none,none,none,none,none,none,none,none,none,Impetigo
3480,vomiting,headache,nausea,spinning movements,loss of balance,unsteadiness,none,none,none,none,none,none,none,none,none,none,none,(vertigo) Paroymsal  Positional Vertigo
979,chills,vomiting,high fever,sweating,headache,nausea,muscle pain,none,none,none,none,none,none,none,none,none,none,Malaria
349,joint pain,neck pain,knee pain,hip joint pain,swelling joints,painful walking,none,none,none,none,none,none,none,none,none,none,none,Osteoarthristis
2413,vomiting,nausea,spinning movements,loss of balance,unsteadiness,none,none,none,none,none,none,none,none,none,none,none,none,(vertigo) Paroymsal  Positional Vertigo
3776,itching,skin rash,stomach pain,burning micturition,spotting  urination,none,none,none,none,none,none,none,none,none,none,none,none,Drug Reaction
4517,fatigue,weight loss,restlessness,lethargy,irregular sugar level,blurred and distorted vision,obesity,excessive hunger,increased appetite,polyuria,none,none,none,none,none,none,none,Diabetes
3134,chills,vomiting,fatigue,high fever,headache,nausea,constipation,abdominal pain,diarrhoea,toxic look (typhos),belly pain,none,none,none,none,none,none,Typhoid
2382,vomiting,fatigue,anxiety,sweating,headache,nausea,blurred and distorted vision,excessive hunger,drying and tingling lips,slurred speech,irritability,palpitations,none,none,none,none,none,Hypoglycemia
1533,fatigue,bruising,obesity,swollen legs,swollen blood vessels,prominent veins on calf,none,none,none,none,none,none,none,none,none,none,none,Varicose veins
3982,vomiting,indigestion,loss of appetite,abdominal pain,passage of gases,internal itching,none,none,none,none,none,none,none,none,none,none,none,Peptic ulcer diseae
1265,itching,vomiting,yellowish skin,nausea,abdominal pain,yellowing of eyes,none,none,none,none,none,none,none,none,none,none,none,Chronic cholestasis
3972,vomiting,headache,nausea,spinning movements,loss of balance,unsteadiness,none,none,none,none,none,none,none,none,none,none,none,(vertigo) Paroymsal  Positional Vertigo
1940,fatigue,cramps,bruising,obesity,swollen legs,swollen blood vessels,prominent veins on calf,none,none,none,none,none,none,none,none,none,none,Varicose veins
385,burning micturition,bladder discomfort,foul smell of urine,none,none,none,none,none,none,none,none,none,none,none,none,none,none,Urinary tract infection
505,fatigue,cough,high fever,breathlessness,mucoid sputum,none,none,none,none,none,none,none,none,none,none,none,none,Bronchial Asthma
696,constipation,pain during bowel movements,pain in anal region,irritation in anus,none,none,none,none,none,none,none,none,none,none,none,none,none,Dimorphic hemmorhoids(piles)
655,vomiting,yellowish skin,abdominal pain,distention of abdomen,history of alcohol consumption,fluid overload,none,none,none,none,none,none,none,none,none,none,none,Alcoholic hepatitis
2221,skin rash,chills,joint pain,vomiting,fatigue,high fever,headache,nausea,loss of appetite,pain behind the eyes,back pain,malaise,red spots over body,none,none,none,none,Dengue
388,bladder discomfort,foul smell of urine,continuous feel of urine,none,none,none,none,none,none,none,none,none,none,none,none,none,none,Urinary tract infection
1220,skin rash,high fever,blister,red sore around nose,yellow crust ooze,none,none,none,none,none,none,none,none,none,none,none,none,Impetigo
4609,skin rash,chills,joint pain,vomiting,fatigue,high fever,headache,nausea,loss of appetite,pain behind the eyes,back pain,malaise,muscle pain,red spots over body,none,none,none,Dengue
4815,chills,vomiting,fatigue,high fever,headache,nausea,constipation,abdominal pain,diarrhoea,toxic look (typhos),belly pain,none,none,none,none,none,none,Typhoid
1032,yellowish skin,nausea,loss of appetite,yellowing of eyes,family history,none,none,none,none,none,none,none,none,none,none,none,none,Hepatitis C
4600,vomiting,sunken eyes,dehydration,diarrhoea,none,none,none,none,none,none,none,none,none,none,none,none,none,Gastroenteritis
3461,skin rash,chills,joint pain,vomiting,fatigue,high fever,headache,nausea,loss of appetite,pain behind the eyes,back pain,malaise,muscle pain,red spots over body,none,none,none,Dengue
4204,joint pain,vomiting,fatigue,yellowish skin,dark urine,nausea,loss of appetite,abdominal pain,yellowing of eyes,none,none,none,none,none,none,none,none,Hepatitis D
2632,vomiting,sunken eyes,dehydration,diarrhoea,none,none,none,none,none,none,none,none,none,none,none,none,none,Gastroenteritis
3452,vomiting,sunken eyes,dehydration,diarrhoea,none,none,none,none,none,none,none,none,none,none,none,none,none,Gastroenteritis
1228,skin rash,high fever,blister,red sore around nose,yellow crust ooze,none,none,none,none,none,none,none,none,none,none,none,none,Impetigo
1941,fatigue,cramps,bruising,obesity,swollen legs,swollen blood vessels,prominent veins on calf,none,none,none,none,none,none,none,none,none,none,Varicose veins
2934,joint pain,vomiting,fatigue,high fever,yellowish skin,dark urine,nausea,loss of appetite,abdominal pain,yellowing of eyes,acute liver failure,coma,stomach bleeding,none,none,none,none,Hepatitis E
3235,skin rash,pus filled pimples,blackheads,scurring,none,none,none,none,none,none,none,none,none,none,none,none,none,Acne
3522,skin rash,pus filled pimples,blackheads,scurring,none,none,none,none,none,none,none,none,none,none,none,none,none,Acne
507,fatigue,cough,high fever,breathlessness,family history,mucoid sputum,none,none,none,none,none,none,none,none,none,none,none,Bronchial Asthma
1820,chills,vomiting,fatigue,high fever,nausea,constipation,abdominal pain,diarrhoea,toxic look (typhos),belly pain,none,none,none,none,none,none,none,Typhoid
4778,joint pain,vomiting,fatigue,yellowish skin,dark urine,nausea,loss of appetite,abdominal pain,yellowing of eyes,none,none,none,none,none,none,none,none,Hepatitis D
4767,acidity,indigestion,headache,blurred and distorted vision,excessive hunger,stiff neck,depression,irritability,visual disturbances,none,none,none,none,none,none,none,none,Migraine
3602,muscle weakness,stiff neck,swelling joints,movement stiffness,painful walking,none,none,none,none,none,none,none,none,none,none,none,none,Arthritis
2316,continuous sneezing,chills,fatigue,cough,headache,swelled lymph nodes,malaise,phlegm,throat irritation,redness of eyes,sinus pressure,runny nose,congestion,chest pain,loss of smell,muscle pain,none,Common Cold
3560,joint pain,neck pain,knee pain,hip joint pain,swelling joints,painful walking,none,none,none,none,none,none,none,none,none,none,none,Osteoarthristis
362,headache,nausea,spinning movements,loss of balance,unsteadiness,none,none,none,none,none,none,none,none,none,none,none,none,(vertigo) Paroymsal  Positional Vertigo
4352,muscle wasting,patches in throat,high fever,extra marital contacts,none,none,none,none,none,none,none,none,none,none,none,none,none,AIDS
4597,vomiting,indigestion,loss of appetite,abdominal pain,passage of gases,internal itching,none,none,none,none,none,none,none,none,none,none,none,Peptic ulcer diseae
3715,chills,vomiting,fatigue,weight loss,cough,high fever,breathlessness,sweating,loss of appetite,mild fever,yellowing of eyes,swelled lymph nodes,malaise,phlegm,chest pain,blood in sputum,none,Tuberculosis
3702,back pain,weakness in limbs,neck pain,dizziness,loss of balance,none,none,none,none,none,none,none,none,none,none,none,none,Cervical spondylosis
2648,vomiting,yellowish skin,abdominal pain,swelling of stomach,distention of abdomen,history of alcohol consumption,fluid overload,none,none,none,none,none,none,none,none,none,none,Alcoholic hepatitis
1174,muscle weakness,stiff neck,movement stiffness,painful walking,none,none,none,none,none,none,none,none,none,none,none,none,none,Arthritis
678,continuous sneezing,chills,fatigue,cough,high fever,headache,malaise,phlegm,throat irritation,redness of eyes,sinus pressure,runny nose,congestion,chest pain,loss of smell,muscle pain,none,Common Cold
1243,continuous sneezing,shivering,watering from eyes,none,none,none,none,none,none,none,none,none,none,none,none,none,none,Allergy
1479,vomiting,yellowish skin,abdominal pain,swelling of stomach,distention of abdomen,history of alcohol consumption,fluid overload,none,none,none,none,none,none,none,none,none,none,Alcoholic hepatitis
1542,weight gain,cold hands and feets,mood swings,lethargy,dizziness,puffy face and eyes,enlarged thyroid,brittle nails,swollen extremeties,depression,irritability,abnormal menstruation,none,none,none,none,none,Hypothyroidism
2486,continuous sneezing,chills,fatigue,cough,high fever,headache,swelled lymph nodes,malaise,phlegm,throat irritation,redness of eyes,sinus pressure,runny nose,congestion,chest pain,loss of smell,muscle pain,Common Cold
2850,fatigue,yellowish skin,nausea,loss of appetite,yellowing of eyes,family history,none,none,none,none,none,none,none,none,none,none,none,Hepatitis C
2473,vomiting,headache,weakness of one body side,altered sensorium,none,none,none,none,none,none,none,none,none,none,none,none,none,Paralysis (brain hemorrhage)
247,vomiting,yellowish skin,abdominal pain,swelling of stomach,distention of abdomen,fluid overload,none,none,none,none,none,none,none,none,none,none,none,Alcoholic hepatitis
4473,itching,skin rash,stomach pain,burning micturition,spotting  urination,none,none,none,none,none,none,none,none,none,none,none,none,Drug Reaction
4440,back pain,weakness in limbs,neck pain,dizziness,loss of balance,none,none,none,none,none,none,none,none,none,none,none,none,Cervical spondylosis
3559,vomiting,fatigue,anxiety,sweating,headache,nausea,blurred and distorted vision,excessive hunger,drying and tingling lips,slurred speech,irritability,palpitations,none,none,none,none,none,Hypoglycemia
1223,skin rash,blister,red sore around nose,yellow crust ooze,none,none,none,none,none,none,none,none,none,none,none,none,none,Impetigo
2321,chills,fatigue,cough,high fever,breathlessness,sweating,malaise,phlegm,chest pain,fast heart rate,rusty sputum,none,none,none,none,none,none,Pneumonia
2153,headache,chest pain,loss of balance,lack of concentration,none,none,none,none,none,none,none,none,none,none,none,none,none,Hypertension
2405,muscle weakness,stiff neck,swelling joints,painful walking,none,none,none,none,none,none,none,none,none,none,none,none,none,Arthritis
2676,acidity,indigestion,headache,blurred and distorted vision,excessive hunger,stiff neck,depression,irritability,visual disturbances,none,none,none,none,none,none,none,none,Migraine
555,itching,vomiting,fatigue,high fever,yellowish skin,dark urine,abdominal pain,none,none,none,none,none,none,none,none,none,none,Jaundice
4126,continuous sneezing,chills,fatigue,cough,high fever,headache,swelled lymph nodes,malaise,phlegm,throat irritation,redness of eyes,sinus pressure,runny nose,congestion,chest pain,loss of smell,muscle pain,Common Cold
4584,vomiting,fatigue,anxiety,sweating,headache,nausea,blurred and distorted vision,excessive hunger,drying and tingling lips,slurred speech,irritability,palpitations,none,none,none,none,none,Hypoglycemia
2068,continuous sneezing,shivering,chills,none,none,none,none,none,none,none,none,none,none,none,none,none,none,Allergy
1626,skin rash,joint pain,skin peeling,silver like dusting,inflammatory nails,none,none,none,none,none,none,none,none,none,none,none,none,Psoriasis
2551,fatigue,cough,high fever,breathlessness,family history,mucoid sputum,none,none,none,none,none,none,none,none,none,none,none,Bronchial Asthma
3472,constipation,pain during bowel movements,pain in anal region,bloody stool,irritation in anus,none,none,none,none,none,none,none,none,none,none,none,none,Dimorphic hemmorhoids(piles)
3303,joint pain,vomiting,fatigue,high fever,yellowish skin,dark urine,nausea,loss of appetite,abdominal pain,yellowing of eyes,acute liver failure,coma,stomach bleeding,none,none,none,none,Hepatitis E
1688,itching,skin rash,stomach pain,spotting  urination,none,none,none,none,none,none,none,none,none,none,none,none,none,Drug Reaction
4298,joint pain,neck pain,knee pain,hip joint pain,swelling joints,painful walking,none,none,none,none,none,none,none,none,none,none,none,Osteoarthristis
1744,headache,chest pain,dizziness,lack of concentration,none,none,none,none,none,none,none,none,none,none,none,none,none,Hypertension
664,chills,vomiting,weight loss,cough,high fever,breathlessness,sweating,loss of appetite,mild fever,yellowing of eyes,swelled lymph nodes,malaise,phlegm,chest pain,blood in sputum,none,none,Tuberculosis
1990,muscle weakness,stiff neck,swelling joints,movement stiffness,painful walking,none,none,none,none,none,none,none,none,none,none,none,none,Arthritis
1114,vomiting,breathlessness,chest pain,none,none,none,none,none,none,none,none,none,none,none,none,none,none,Heart attack
1587,muscle weakness,stiff neck,swelling joints,movement stiffness,none,none,none,none,none,none,none,none,none,none,none,none,none,Arthritis
1593,vomiting,nausea,spinning movements,loss of balance,unsteadiness,none,none,none,none,none,none,none,none,none,none,none,none,(vertigo) Paroymsal  Positional Vertigo
2037,skin rash,joint pain,skin peeling,silver like dusting,small dents in nails,none,none,none,none,none,none,none,none,none,none,none,none,Psoriasis
2036,skin rash,joint pain,skin peeling,silver like dusting,inflammatory nails,none,none,none,none,none,none,none,none,none,none,none,none,Psoriasis
3286,muscle wasting,patches in throat,high fever,extra marital contacts,none,none,none,none,none,none,none,none,none,none,none,none,none,AIDS
3370,vomiting,sunken eyes,dehydration,diarrhoea,none,none,none,none,none,none,none,none,none,none,none,none,none,Gastroenteritis
165,itching,skin rash,fatigue,lethargy,headache,loss of appetite,mild fever,swelled lymph nodes,malaise,red spots over body,none,none,none,none,none,none,none,Chicken pox
2576,joint pain,neck pain,knee pain,hip joint pain,swelling joints,painful walking,none,none,none,none,none,none,none,none,none,none,none,Osteoarthristis
3334,vomiting,headache,weakness of one body side,altered sensorium,none,none,none,none,none,none,none,none,none,none,none,none,none,Paralysis (brain hemorrhage)
1230,itching,skin rash,nodal skin eruptions,dischromic  patches,none,none,none,none,none,none,none,none,none,none,none,none,none,Fungal infection
986,itching,skin rash,fatigue,lethargy,high fever,loss of appetite,mild fever,swelled lymph nodes,malaise,red spots over body,none,none,none,none,none,none,none,Chicken pox
4209,chills,fatigue,cough,high fever,breathlessness,sweating,malaise,phlegm,chest pain,fast heart rate,rusty sputum,none,none,none,none,none,none,Pneumonia
728,fatigue,weight gain,cold hands and feets,mood swings,lethargy,puffy face and eyes,enlarged thyroid,brittle nails,swollen extremeties,depression,irritability,abnormal menstruation,none,none,none,none,none,Hypothyroidism
2222,skin rash,chills,joint pain,vomiting,fatigue,high fever,headache,nausea,loss of appetite,pain behind the eyes,back pain,malaise,muscle pain,none,none,none,none,Dengue
3501,itching,skin rash,fatigue,lethargy,high fever,headache,loss of appetite,mild fever,swelled lymph nodes,malaise,red spots over body,none,none,none,none,none,none,Chicken pox
6,itching,nodal skin eruptions,dischromic  patches,none,none,none,none,none,none,none,none,none,none,none,none,none,none,Fungal infection
2803,chills,vomiting,high fever,sweating,headache,nausea,diarrhoea,muscle pain,none,none,none,none,none,none,none,none,none,Malaria
4002,chills,vomiting,fatigue,weight loss,cough,high fever,breathlessness,sweating,loss of appetite,mild fever,yellowing of eyes,swelled lymph nodes,malaise,phlegm,chest pain,blood in sputum,none,Tuberculosis
3536,headache,chest pain,dizziness,loss of balance,lack of concentration,none,none,none,none,none,none,none,none,none,none,none,none,Hypertension
2884,itching,vomiting,fatigue,weight loss,high fever,yellowish skin,dark urine,abdominal pain,none,none,none,none,none,none,none,none,none,Jaundice
598,chills,vomiting,fatigue,high fever,headache,nausea,constipation,abdominal pain,diarrhoea,toxic look (typhos),belly pain,none,none,none,none,none,none,Typhoid
2269,fatigue,yellowish skin,nausea,loss of appetite,yellowing of eyes,family history,none,none,none,none,none,none,none,none,none,none,none,Hepatitis C
839,continuous sneezing,shivering,chills,watering from eyes,none,none,none,none,none,none,none,none,none,none,none,none,none,Allergy
2923,back pain,weakness in limbs,neck pain,dizziness,loss of balance,none,none,none,none,none,none,none,none,none,none,none,none,Cervical spondylosis
409,skin rash,blister,red sore around nose,yellow crust ooze,none,none,none,none,none,none,none,none,none,none,none,none,none,Impetigo
4080,fatigue,yellowish skin,nausea,loss of appetite,yellowing of eyes,family history,none,none,none,none,none,none,none,none,none,none,none,Hepatitis C
3270,fatigue,weight gain,cold hands and feets,mood swings,lethargy,dizziness,puffy face and eyes,enlarged thyroid,brittle nails,swollen extremeties,depression,irritability,abnormal menstruation,none,none,none,none,Hypothyroidism
1292,muscle wasting,high fever,extra marital contacts,none,none,none,none,none,none,none,none,none,none,none,none,none,none,AIDS
3591,vomiting,yellowish skin,abdominal pain,swelling of stomach,distention of abdomen,history of alcohol consumption,fluid overload,none,none,none,none,none,none,none,none,none,none,Alcoholic hepatitis
1669,stomach pain,acidity,ulcers on tongue,cough,chest pain,none,none,none,none,none,none,none,none,none,none,none,none,GERD
3924,vomiting,breathlessness,sweating,chest pain,none,none,none,none,none,none,none,none,none,none,none,none,none,Heart attack
4373,chills,fatigue,cough,high fever,breathlessness,sweating,malaise,phlegm,chest pain,fast heart rate,rusty sputum,none,none,none,none,none,none,Pneumonia
4850,back pain,weakness in limbs,neck pain,dizziness,loss of balance,none,none,none,none,none,none,none,none,none,none,none,none,Cervical spondylosis
3140,vomiting,yellowish skin,abdominal pain,swelling of stomach,distention of abdomen,history of alcohol consumption,fluid overload,none,none,none,none,none,none,none,none,none,none,Alcoholic hepatitis
2674,fatigue,cough,high fever,breathlessness,family history,mucoid sputum,none,none,none,none,none,none,none,none,none,none,none,Bronchial Asthma
1887,vomiting,yellowish skin,abdominal pain,swelling of stomach,distention of abdomen,fluid overload,none,none,none,none,none,none,none,none,none,none,none,Alcoholic hepatitis
3189,fatigue,mood swings,weight loss,restlessness,sweating,diarrhoea,fast heart rate,excessive hunger,muscle weakness,irritability,abnormal menstruation,none,none,none,none,none,none,Hyperthyroidism
4743,constipation,pain during bowel movements,pain in anal region,bloody stool,irritation in anus,none,none,none,none,none,none,none,none,none,none,none,none,Dimorphic hemmorhoids(piles)
1232,itching,nodal skin eruptions,dischromic  patches,none,none,none,none,none,none,none,none,none,none,none,none,none,none,Fungal infection
1604,skin rash,pus filled pimples,scurring,none,none,none,none,none,none,none,none,none,none,none,none,none,none,Acne
3361,skin rash,high fever,blister,red sore around nose,yellow crust ooze,none,none,none,none,none,none,none,none,none,none,none,none,Impetigo
741,vomiting,fatigue,anxiety,sweating,headache,nausea,blurred and distorted vision,excessive hunger,drying and tingling lips,slurred speech,irritability,palpitations,none,none,none,none,none,Hypoglycemia
4753,burning micturition,bladder discomfort,foul smell of urine,continuous feel of urine,none,none,none,none,none,none,none,none,none,none,none,none,none,Urinary tract infection
1216,skin rash,joint pain,skin peeling,silver like dusting,inflammatory nails,none,none,none,none,none,none,none,none,none,none,none,none,Psoriasis
1019,joint pain,vomiting,yellowish skin,dark urine,nausea,loss of appetite,abdominal pain,mild fever,yellowing of eyes,muscle pain,none,none,none,none,none,none,none,hepatitis A
3363,continuous sneezing,shivering,chills,watering from eyes,none,none,none,none,none,none,none,none,none,none,none,none,none,Allergy
3646,burning micturition,bladder discomfort,foul smell of urine,continuous feel of urine,none,none,none,none,none,none,none,none,none,none,none,none,none,Urinary tract infection
2827,skin rash,joint pain,skin peeling,silver like dusting,small dents in nails,inflammatory nails,none,none,none,none,none,none,none,none,none,none,none,Psoriasis
1837,joint pain,vomiting,yellowish skin,dark urine,nausea,abdominal pain,diarrhoea,mild fever,yellowing of eyes,muscle pain,none,none,none,none,none,none,none,hepatitis A
2035,skin rash,joint pain,skin peeling,small dents in nails,inflammatory nails,none,none,none,none,none,none,none,none,none,none,none,none,Psoriasis
4912,vomiting,fatigue,anxiety,sweating,headache,nausea,blurred and distorted vision,excessive hunger,drying and tingling lips,slurred speech,irritability,palpitations,none,none,none,none,none,Hypoglycemia
1075,chills,vomiting,fatigue,cough,high fever,breathlessness,sweating,loss of appetite,mild fever,yellowing of eyes,swelled lymph nodes,malaise,phlegm,chest pain,blood in sputum,none,none,Tuberculosis
3061,chills,fatigue,cough,high fever,breathlessness,sweating,malaise,phlegm,chest pain,fast heart rate,rusty sputum,none,none,none,none,none,none,Pneumonia
1912,chills,fatigue,cough,high fever,breathlessness,sweating,malaise,phlegm,chest pain,fast heart rate,rusty sputum,none,none,none,none,none,none,Pneumonia
3685,vomiting,headache,nausea,spinning movements,loss of balance,unsteadiness,none,none,none,none,none,none,none,none,none,none,none,(vertigo) Paroymsal  Positional Vertigo
3887,vomiting,fatigue,anxiety,sweating,headache,nausea,blurred and distorted vision,excessive hunger,drying and tingling lips,slurred speech,irritability,palpitations,none,none,none,none,none,Hypoglycemia
2458,skin rash,high fever,blister,red sore around nose,yellow crust ooze,none,none,none,none,none,none,none,none,none,none,none,none,Impetigo
718,fatigue,cramps,bruising,obesity,swollen legs,swollen blood vessels,none,none,none,none,none,none,none,none,none,none,none,Varicose veins
791,burning micturition,bladder discomfort,foul smell of urine,continuous feel of urine,none,none,none,none,none,none,none,none,none,none,none,none,none,Urinary tract infection
3600,vomiting,fatigue,anxiety,sweating,headache,nausea,blurred and distorted vision,excessive hunger,drying and tingling lips,slurred speech,irritability,palpitations,none,none,none,none,none,Hypoglycemia
1429,joint pain,vomiting,yellowish skin,dark urine,nausea,loss of appetite,abdominal pain,mild fever,yellowing of eyes,muscle pain,none,none,none,none,none,none,none,hepatitis A
1023,itching,lethargy,yellowish skin,dark urine,loss of appetite,abdominal pain,yellow urine,yellowing of eyes,malaise,receiving blood transfusion,receiving unsterile injections,none,none,none,none,none,none,Hepatitis B
2758,acidity,indigestion,headache,blurred and distorted vision,excessive hunger,stiff neck,depression,irritability,visual disturbances,none,none,none,none,none,none,none,none,Migraine
2689,vomiting,yellowish skin,abdominal pain,swelling of stomach,distention of abdomen,history of alcohol consumption,fluid overload,none,none,none,none,none,none,none,none,none,none,Alcoholic hepatitis
1496,continuous sneezing,chills,fatigue,cough,headache,swelled lymph nodes,malaise,phlegm,throat irritation,redness of eyes,sinus pressure,runny nose,congestion,chest pain,loss of smell,muscle pain,none,Common Cold
510,headache,chest pain,dizziness,loss of balance,lack of concentration,none,none,none,none,none,none,none,none,none,none,none,none,Hypertension
3238,skin rash,high fever,blister,red sore around nose,yellow crust ooze,none,none,none,none,none,none,none,none,none,none,none,none,Impetigo
3124,vomiting,sunken eyes,dehydration,diarrhoea,none,none,none,none,none,none,none,none,none,none,none,none,none,Gastroenteritis
68,muscle wasting,high fever,extra marital contacts,none,none,none,none,none,none,none,none,none,none,none,none,none,none,AIDS
2411,vomiting,headache,nausea,spinning movements,loss of balance,unsteadiness,none,none,none,none,none,none,none,none,none,none,none,(vertigo) Paroymsal  Positional Vertigo
3728,burning micturition,bladder discomfort,foul smell of urine,continuous feel of urine,none,none,none,none,none,none,none,none,none,none,none,none,none,Urinary tract infection
181,chills,vomiting,fatigue,high fever,headache,constipation,abdominal pain,diarrhoea,toxic look (typhos),belly pain,none,none,none,none,none,none,none,Typhoid
498,vomiting,dehydration,diarrhoea,none,none,none,none,none,none,none,none,none,none,none,none,none,none,Gastroenteritis
2276,joint pain,vomiting,fatigue,yellowish skin,dark urine,loss of appetite,abdominal pain,yellowing of eyes,none,none,none,none,none,none,none,none,none,Hepatitis D
1324,fatigue,cough,high fever,family history,mucoid sputum,none,none,none,none,none,none,none,none,none,none,none,none,Bronchial Asthma
3700,headache,chest pain,dizziness,loss of balance,lack of concentration,none,none,none,none,none,none,none,none,none,none,none,none,Hypertension
4198,itching,skin rash,fatigue,lethargy,high fever,headache,loss of appetite,mild fever,swelled lymph nodes,malaise,red spots over body,none,none,none,none,none,none,Chicken pox
4273,fatigue,cough,high fever,breathlessness,family history,mucoid sputum,none,none,none,none,none,none,none,none,none,none,none,Bronchial Asthma
441,vomiting,yellowish skin,nausea,loss of appetite,abdominal pain,yellowing of eyes,none,none,none,none,none,none,none,none,none,none,none,Chronic cholestasis
1880,vomiting,yellowish skin,abdominal pain,swelling of stomach,distention of abdomen,history of alcohol consumption,fluid overload,none,none,none,none,none,none,none,none,none,none,Alcoholic hepatitis
3042,vomiting,sunken eyes,dehydration,diarrhoea,none,none,none,none,none,none,none,none,none,none,none,none,none,Gastroenteritis
2533,fatigue,mood swings,weight loss,restlessness,sweating,diarrhoea,fast heart rate,excessive hunger,muscle weakness,irritability,abnormal menstruation,none,none,none,none,none,none,Hyperthyroidism
1878,joint pain,vomiting,fatigue,high fever,yellowish skin,nausea,loss of appetite,abdominal pain,yellowing of eyes,acute liver failure,coma,stomach bleeding,none,none,none,none,none,Hepatitis E
2528,chills,fatigue,cough,high fever,breathlessness,sweating,malaise,phlegm,chest pain,fast heart rate,rusty sputum,none,none,none,none,none,none,Pneumonia
1611,burning micturition,bladder discomfort,foul smell of urine,continuous feel of urine,none,none,none,none,none,none,none,none,none,none,none,none,none,Urinary tract infection
758,joint pain,neck pain,knee pain,hip joint pain,swelling joints,painful walking,none,none,none,none,none,none,none,none,none,none,none,Osteoarthristis
227,joint pain,vomiting,fatigue,yellowish skin,dark urine,nausea,abdominal pain,yellowing of eyes,none,none,none,none,none,none,none,none,none,Hepatitis D
1035,fatigue,yellowish skin,nausea,yellowing of eyes,family history,none,none,none,none,none,none,none,none,none,none,none,none,Hepatitis C
3768,skin rash,pus filled pimples,blackheads,scurring,none,none,none,none,none,none,none,none,none,none,none,none,none,Acne
4528,chills,vomiting,fatigue,high fever,headache,nausea,constipation,abdominal pain,diarrhoea,toxic look (typhos),belly pain,none,none,none,none,none,none,Typhoid
1557,fatigue,mood swings,weight loss,restlessness,sweating,fast heart rate,excessive hunger,muscle weakness,irritability,abnormal menstruation,none,none,none,none,none,none,none,Hyperthyroidism
3273,joint pain,neck pain,knee pain,hip joint pain,swelling joints,painful walking,none,none,none,none,none,none,none,none,none,none,none,Osteoarthristis
1065,vomiting,yellowish skin,abdominal pain,distention of abdomen,history of alcohol consumption,fluid overload,none,none,none,none,none,none,none,none,none,none,none,Alcoholic hepatitis
705,vomiting,breathlessness,sweating,none,none,none,none,none,none,none,none,none,none,none,none,none,none,Heart attack
508,cough,high fever,breathlessness,family history,mucoid sputum,none,none,none,none,none,none,none,none,none,none,none,none,Bronchial Asthma
4105,vomiting,indigestion,loss of appetite,abdominal pain,passage of gases,internal itching,none,none,none,none,none,none,none,none,none,none,none,Peptic ulcer diseae
4777,fatigue,yellowish skin,nausea,loss of appetite,yellowing of eyes,family history,none,none,none,none,none,none,none,none,none,none,none,Hepatitis C
4359,vomiting,headache,weakness of one body side,altered sensorium,none,none,none,none,none,none,none,none,none,none,none,none,none,Paralysis (brain hemorrhage)
4241,chills,vomiting,fatigue,high fever,headache,nausea,constipation,abdominal pain,diarrhoea,toxic look (typhos),belly pain,none,none,none,none,none,none,Typhoid
402,high fever,blister,red sore around nose,yellow crust ooze,none,none,none,none,none,none,none,none,none,none,none,none,none,Impetigo
3696,muscle wasting,patches in throat,high fever,extra marital contacts,none,none,none,none,none,none,none,none,none,none,none,none,none,AIDS
950,vomiting,headache,weakness of one body side,altered sensorium,none,none,none,none,none,none,none,none,none,none,none,none,none,Paralysis (brain hemorrhage)
2210,itching,skin rash,fatigue,lethargy,high fever,headache,loss of appetite,mild fever,swelled lymph nodes,malaise,red spots over body,none,none,none,none,none,none,Chicken pox
4342,skin rash,pus filled pimples,blackheads,scurring,none,none,none,none,none,none,none,none,none,none,none,none,none,Acne
681,chills,fatigue,cough,high fever,breathlessness,sweating,malaise,phlegm,chest pain,fast heart rate,rusty sputum,none,none,none,none,none,none,Pneumonia
3844,fatigue,weight gain,cold hands and feets,mood swings,lethargy,dizziness,puffy face and eyes,enlarged thyroid,brittle nails,swollen extremeties,depression,irritability,abnormal menstruation,none,none,none,none,Hypothyroidism
4134,joint pain,neck pain,knee pain,hip joint pain,swelling joints,painful walking,none,none,none,none,none,none,none,none,none,none,none,Osteoarthristis
1260,itching,vomiting,yellowish skin,nausea,loss of appetite,abdominal pain,yellowing of eyes,none,none,none,none,none,none,none,none,none,none,Chronic cholestasis
2915,itching,skin rash,stomach pain,burning micturition,spotting  urination,none,none,none,none,none,none,none,none,none,none,none,none,Drug Reaction
3004,acidity,indigestion,headache,blurred and distorted vision,excessive hunger,stiff neck,depression,irritability,visual disturbances,none,none,none,none,none,none,none,none,Migraine
2868,skin rash,joint pain,skin peeling,silver like dusting,small dents in nails,inflammatory nails,none,none,none,none,none,none,none,none,none,none,none,Psoriasis
3099,vomiting,yellowish skin,abdominal pain,swelling of stomach,distention of abdomen,history of alcohol consumption,fluid overload,none,none,none,none,none,none,none,none,none,none,Alcoholic hepatitis
2484,vomiting,yellowish skin,abdominal pain,swelling of stomach,distention of abdomen,history of alcohol consumption,fluid overload,none,none,none,none,none,none,none,none,none,none,Alcoholic hepatitis
3916,fatigue,yellowish skin,nausea,loss of appetite,yellowing of eyes,family history,none,none,none,none,none,none,none,none,none,none,none,Hepatitis C
957,headache,weakness of one body side,altered sensorium,none,none,none,none,none,none,none,none,none,none,none,none,none,none,Paralysis (brain hemorrhage)
3033,skin rash,high fever,blister,red sore around nose,yellow crust ooze,none,none,none,none,none,none,none,none,none,none,none,none,Impetigo
3016,joint pain,vomiting,fatigue,high fever,yellowish skin,dark urine,nausea,loss of appetite,abdominal pain,yellowing of eyes,acute liver failure,coma,stomach bleeding,none,none,none,none,Hepatitis E
1095,chills,fatigue,high fever,breathlessness,sweating,malaise,phlegm,chest pain,fast heart rate,rusty sputum,none,none,none,none,none,none,none,Pneumonia
4049,fatigue,weight gain,cold hands and feets,mood swings,lethargy,dizziness,puffy face and eyes,enlarged thyroid,brittle nails,swollen extremeties,depression,irritability,abnormal menstruation,none,none,none,none,Hypothyroidism
539,back pain,neck pain,dizziness,loss of balance,none,none,none,none,none,none,none,none,none,none,none,none,none,Cervical spondylosis
3513,constipation,pain during bowel movements,pain in anal region,bloody stool,irritation in anus,none,none,none,none,none,none,none,none,none,none,none,none,Dimorphic hemmorhoids(piles)
4168,chills,fatigue,cough,high fever,breathlessness,sweating,malaise,phlegm,chest pain,fast heart rate,rusty sputum,none,none,none,none,none,none,Pneumonia
2947,vomiting,headache,nausea,spinning movements,loss of balance,unsteadiness,none,none,none,none,none,none,none,none,none,none,none,(vertigo) Paroymsal  Positional Vertigo
2300,chills,vomiting,fatigue,weight loss,cough,high fever,breathlessness,sweating,loss of appetite,mild fever,yellowing of eyes,swelled lymph nodes,malaise,phlegm,chest pain,blood in sputum,none,Tuberculosis
423,continuous sneezing,shivering,watering from eyes,none,none,none,none,none,none,none,none,none,none,none,none,none,none,Allergy
4436,vomiting,sunken eyes,dehydration,diarrhoea,none,none,none,none,none,none,none,none,none,none,none,none,none,Gastroenteritis
1221,skin rash,high fever,blister,red sore around nose,yellow crust ooze,none,none,none,none,none,none,none,none,none,none,none,none,Impetigo
2862,vomiting,fatigue,anxiety,sweating,headache,nausea,blurred and distorted vision,excessive hunger,drying and tingling lips,slurred speech,irritability,palpitations,none,none,none,none,none,Hypoglycemia
2555,vomiting,headache,weakness of one body side,altered sensorium,none,none,none,none,none,none,none,none,none,none,none,none,none,Paralysis (brain hemorrhage)
2007,vomiting,headache,nausea,spinning movements,loss of balance,none,none,none,none,none,none,none,none,none,none,none,none,(vertigo) Paroymsal  Positional Vertigo
3215,skin rash,chills,joint pain,vomiting,fatigue,high fever,headache,nausea,loss of appetite,pain behind the eyes,back pain,malaise,muscle pain,red spots over body,none,none,none,Dengue
1682,itching,skin rash,burning micturition,spotting  urination,none,none,none,none,none,none,none,none,none,none,none,none,none,Drug Reaction
756,joint pain,neck pain,knee pain,hip joint pain,painful walking,none,none,none,none,none,none,none,none,none,none,none,none,Osteoarthristis
752,neck pain,knee pain,hip joint pain,swelling joints,painful walking,none,none,none,none,none,none,none,none,none,none,none,none,Osteoarthristis
3231,vomiting,fatigue,anxiety,sweating,headache,nausea,blurred and distorted vision,excessive hunger,drying and tingling lips,slurred speech,irritability,palpitations,none,none,none,none,none,Hypoglycemia
2526,chills,vomiting,fatigue,weight loss,cough,high fever,breathlessness,sweating,loss of appetite,mild fever,yellowing of eyes,swelled lymph nodes,malaise,phlegm,chest pain,blood in sputum,none,Tuberculosis
1069,vomiting,yellowish skin,abdominal pain,swelling of stomach,distention of abdomen,history of alcohol consumption,fluid overload,none,none,none,none,none,none,none,none,none,none,Alcoholic hepatitis
174,chills,joint pain,vomiting,fatigue,high fever,headache,nausea,loss of appetite,pain behind the eyes,back pain,malaise,muscle pain,red spots over body,none,none,none,none,Dengue
1491,continuous sneezing,chills,fatigue,cough,high fever,headache,swelled lymph nodes,malaise,phlegm,throat irritation,redness of eyes,sinus pressure,runny nose,congestion,chest pain,loss of smell,muscle pain,Common Cold
2849,itching,fatigue,lethargy,yellowish skin,dark urine,loss of appetite,abdominal pain,yellow urine,yellowing of eyes,malaise,receiving blood transfusion,receiving unsterile injections,none,none,none,none,none,Hepatitis B
3115,skin rash,high fever,blister,red sore around nose,yellow crust ooze,none,none,none,none,none,none,none,none,none,none,none,none,Impetigo
4179,burning micturition,bladder discomfort,foul smell of urine,continuous feel of urine,none,none,none,none,none,none,none,none,none,none,none,none,none,Urinary tract infection
3246,fatigue,weight loss,restlessness,lethargy,irregular sugar level,blurred and distorted vision,obesity,excessive hunger,increased appetite,polyuria,none,none,none,none,none,none,none,Diabetes
1550,fatigue,mood swings,weight loss,restlessness,sweating,diarrhoea,fast heart rate,excessive hunger,muscle weakness,irritability,abnormal menstruation,none,none,none,none,none,none,Hyperthyroidism
4793,skin rash,pus filled pimples,blackheads,scurring,none,none,none,none,none,none,none,none,none,none,none,none,none,Acne
1105,constipation,pain during bowel movements,bloody stool,irritation in anus,none,none,none,none,none,none,none,none,none,none,none,none,none,Dimorphic hemmorhoids(piles)
3228,fatigue,cramps,bruising,obesity,swollen legs,swollen blood vessels,prominent veins on calf,none,none,none,none,none,none,none,none,none,none,Varicose veins
1670,itching,vomiting,yellowish skin,nausea,loss of appetite,abdominal pain,yellowing of eyes,none,none,none,none,none,none,none,none,none,none,Chronic cholestasis
4490,fatigue,yellowish skin,nausea,loss of appetite,yellowing of eyes,family history,none,none,none,none,none,none,none,none,none,none,none,Hepatitis C
2913,stomach pain,acidity,ulcers on tongue,vomiting,cough,chest pain,none,none,none,none,none,none,none,none,none,none,none,GERD
4020,stomach pain,acidity,ulcers on tongue,vomiting,cough,chest pain,none,none,none,none,none,none,none,none,none,none,none,GERD
2504,itching,vomiting,yellowish skin,nausea,loss of appetite,abdominal pain,yellowing of eyes,none,none,none,none,none,none,none,none,none,none,Chronic cholestasis
2875,vomiting,indigestion,loss of appetite,abdominal pain,passage of gases,internal itching,none,none,none,none,none,none,none,none,none,none,none,Peptic ulcer diseae
1701,patches in throat,high fever,extra marital contacts,none,none,none,none,none,none,none,none,none,none,none,none,none,none,AIDS
733,fatigue,weight loss,restlessness,sweating,diarrhoea,fast heart rate,excessive hunger,muscle weakness,irritability,abnormal menstruation,none,none,none,none,none,none,none,Hyperthyroidism
3191,joint pain,neck pain,knee pain,hip joint pain,swelling joints,painful walking,none,none,none,none,none,none,none,none,none,none,none,Osteoarthristis
3090,chills,vomiting,high fever,sweating,headache,nausea,diarrhoea,muscle pain,none,none,none,none,none,none,none,none,none,Malaria
1634,skin rash,blister,red sore around nose,yellow crust ooze,none,none,none,none,none,none,none,none,none,none,none,none,none,Impetigo
3630,joint pain,vomiting,fatigue,yellowish skin,dark urine,nausea,loss of appetite,abdominal pain,yellowing of eyes,none,none,none,none,none,none,none,none,Hepatitis D
489,fatigue,weight loss,restlessness,lethargy,irregular sugar level,blurred and distorted vision,obesity,increased appetite,polyuria,none,none,none,none,none,none,none,none,Diabetes
2136,vomiting,sunken eyes,dehydration,diarrhoea,none,none,none,none,none,none,none,none,none,none,none,none,none,Gastroenteritis
2692,chills,fatigue,cough,high fever,breathlessness,sweating,malaise,phlegm,chest pain,fast heart rate,rusty sputum,none,none,none,none,none,none,Pneumonia
2951,skin rash,high fever,blister,red sore around nose,yellow crust ooze,none,none,none,none,none,none,none,none,none,none,none,none,Impetigo
4318,vomiting,headache,weakness of one body side,altered sensorium,none,none,none,none,none,none,none,none,none,none,none,none,none,Paralysis (brain hemorrhage)
1883,vomiting,abdominal pain,swelling of stomach,distention of abdomen,history of alcohol consumption,fluid overload,none,none,none,none,none,none,none,none,none,none,none,Alcoholic hepatitis
3942,muscle wasting,patches in throat,high fever,extra marital contacts,none,none,none,none,none,none,none,none,none,none,none,none,none,AIDS
754,joint pain,neck pain,hip joint pain,swelling joints,painful walking,none,none,none,none,none,none,none,none,none,none,none,none,Osteoarthristis
2635,acidity,indigestion,headache,blurred and distorted vision,excessive hunger,stiff neck,depression,irritability,visual disturbances,none,none,none,none,none,none,none,none,Migraine
1244,continuous sneezing,shivering,chills,none,none,none,none,none,none,none,none,none,none,none,none,none,none,Allergy
1377,itching,vomiting,fatigue,weight loss,high fever,dark urine,abdominal pain,none,none,none,none,none,none,none,none,none,none,Jaundice
52,indigestion,loss of appetite,abdominal pain,passage of gases,internal itching,none,none,none,none,none,none,none,none,none,none,none,none,Peptic ulcer diseae
2441,skin rash,joint pain,skin peeling,silver like dusting,small dents in nails,inflammatory nails,none,none,none,none,none,none,none,none,none,none,none,Psoriasis
3482,burning micturition,bladder discomfort,foul smell of urine,continuous feel of urine,none,none,none,none,none,none,none,none,none,none,none,none,none,Urinary tract infection
1985,joint pain,neck pain,knee pain,swelling joints,painful walking,none,none,none,none,none,none,none,none,none,none,none,none,Osteoarthristis
2305,chills,vomiting,fatigue,cough,high fever,breathlessness,sweating,loss of appetite,mild fever,yellowing of eyes,swelled lymph nodes,malaise,phlegm,chest pain,blood in sputum,none,none,Tuberculosis
853,itching,vomiting,nausea,loss of appetite,abdominal pain,yellowing of eyes,none,none,none,none,none,none,none,none,none,none,none,Chronic cholestasis
1139,fatigue,weight gain,cold hands and feets,mood swings,lethargy,dizziness,enlarged thyroid,brittle nails,swollen extremeties,depression,irritability,abnormal menstruation,none,none,none,none,none,Hypothyroidism
262,chills,fatigue,cough,high fever,headache,swelled lymph nodes,malaise,phlegm,throat irritation,redness of eyes,sinus pressure,runny nose,congestion,chest pain,loss of smell,muscle pain,none,Common Cold
2317,continuous sneezing,chills,fatigue,cough,high fever,swelled lymph nodes,malaise,phlegm,throat irritation,redness of eyes,sinus pressure,runny nose,congestion,chest pain,loss of smell,muscle pain,none,Common Cold
3180,joint pain,vomiting,fatigue,high fever,yellowish skin,dark urine,nausea,loss of appetite,abdominal pain,yellowing of eyes,acute liver failure,coma,stomach bleeding,none,none,none,none,Hepatitis E
1901,continuous sneezing,chills,fatigue,cough,high fever,headache,swelled lymph nodes,malaise,phlegm,throat irritation,redness of eyes,sinus pressure,runny nose,congestion,chest pain,loss of smell,muscle pain,Common Cold
4249,continuous sneezing,chills,fatigue,cough,high fever,headache,swelled lymph nodes,malaise,phlegm,throat irritation,redness of eyes,sinus pressure,runny nose,congestion,chest pain,loss of smell,muscle pain,Common Cold
1219,skin rash,joint pain,skin peeling,silver like dusting,small dents in nails,inflammatory nails,none,none,none,none,none,none,none,none,none,none,none,Psoriasis
918,cough,high fever,breathlessness,family history,mucoid sputum,none,none,none,none,none,none,none,none,none,none,none,none,Bronchial Asthma
3958,joint pain,vomiting,fatigue,yellowish skin,dark urine,nausea,loss of appetite,abdominal pain,yellowing of eyes,none,none,none,none,none,none,none,none,Hepatitis D
2102,indigestion,loss of appetite,abdominal pain,passage of gases,internal itching,none,none,none,none,none,none,none,none,none,none,none,none,Peptic ulcer diseae
3941,vomiting,indigestion,loss of appetite,abdominal pain,passage of gases,internal itching,none,none,none,none,none,none,none,none,none,none,none,Peptic ulcer diseae
750,joint pain,neck pain,knee pain,hip joint pain,swelling joints,painful walking,none,none,none,none,none,none,none,none,none,none,none,Osteoarthristis
1943,fatigue,bruising,obesity,swollen legs,swollen blood vessels,prominent veins on calf,none,none,none,none,none,none,none,none,none,none,none,Varicose veins
1150,vomiting,fatigue,anxiety,sweating,headache,nausea,blurred and distorted vision,excessive hunger,slurred speech,irritability,palpitations,none,none,none,none,none,none,Hypoglycemia
870,vomiting,loss of appetite,abdominal pain,passage of gases,internal itching,none,none,none,none,none,none,none,none,none,none,none,none,Peptic ulcer diseae
4304,skin rash,high fever,blister,red sore around nose,yellow crust ooze,none,none,none,none,none,none,none,none,none,none,none,none,Impetigo
1929,constipation,pain during bowel movements,pain in anal region,bloody stool,irritation in anus,none,none,none,none,none,none,none,none,none,none,none,none,Dimorphic hemmorhoids(piles)
2939,constipation,pain during bowel movements,pain in anal region,bloody stool,irritation in anus,none,none,none,none,none,none,none,none,none,none,none,none,Dimorphic hemmorhoids(piles)
3923,constipation,pain during bowel movements,pain in anal region,bloody stool,irritation in anus,none,none,none,none,none,none,none,none,none,none,none,none,Dimorphic hemmorhoids(piles)
3035,continuous sneezing,shivering,chills,watering from eyes,none,none,none,none,none,none,none,none,none,none,none,none,none,Allergy
2253,itching,lethargy,yellowish skin,dark urine,loss of appetite,abdominal pain,yellow urine,yellowing of eyes,malaise,receiving blood transfusion,receiving unsterile injections,none,none,none,none,none,none,Hepatitis B
2517,itching,skin rash,fatigue,lethargy,high fever,headache,loss of appetite,mild fever,swelled lymph nodes,malaise,red spots over body,none,none,none,none,none,none,Chicken pox
2296,vomiting,yellowish skin,abdominal pain,swelling of stomach,history of alcohol consumption,fluid overload,none,none,none,none,none,none,none,none,none,none,none,Alcoholic hepatitis
581,skin rash,chills,joint pain,vomiting,fatigue,high fever,headache,nausea,loss of appetite,pain behind the eyes,back pain,malaise,red spots over body,none,none,none,none,Dengue
4077,chills,vomiting,fatigue,high fever,headache,nausea,constipation,abdominal pain,diarrhoea,toxic look (typhos),belly pain,none,none,none,none,none,none,Typhoid
2628,itching,skin rash,stomach pain,burning micturition,spotting  urination,none,none,none,none,none,none,none,none,none,none,none,none,Drug Reaction
3150,joint pain,neck pain,knee pain,hip joint pain,swelling joints,painful walking,none,none,none,none,none,none,none,none,none,none,none,Osteoarthristis
2565,joint pain,vomiting,fatigue,high fever,yellowish skin,dark urine,nausea,loss of appetite,abdominal pain,yellowing of eyes,acute liver failure,coma,stomach bleeding,none,none,none,none,Hepatitis E
987,itching,skin rash,fatigue,lethargy,high fever,headache,mild fever,swelled lymph nodes,malaise,red spots over body,none,none,none,none,none,none,none,Chicken pox
2546,itching,skin rash,stomach pain,burning micturition,spotting  urination,none,none,none,none,none,none,none,none,none,none,none,none,Drug Reaction
1652,continuous sneezing,chills,watering from eyes,none,none,none,none,none,none,none,none,none,none,none,none,none,none,Allergy
1648,itching,skin rash,nodal skin eruptions,none,none,none,none,none,none,none,none,none,none,none,none,none,none,Fungal infection
4143,stomach pain,acidity,ulcers on tongue,vomiting,cough,chest pain,none,none,none,none,none,none,none,none,none,none,none,GERD
4798,continuous sneezing,shivering,chills,watering from eyes,none,none,none,none,none,none,none,none,none,none,none,none,none,Allergy
888,muscle wasting,high fever,extra marital contacts,none,none,none,none,none,none,none,none,none,none,none,none,none,none,AIDS
725,fatigue,weight gain,mood swings,lethargy,dizziness,puffy face and eyes,enlarged thyroid,brittle nails,swollen extremeties,depression,irritability,abnormal menstruation,none,none,none,none,none,Hypothyroidism
3639,fatigue,weight gain,cold hands and feets,mood swings,lethargy,dizziness,puffy face and eyes,enlarged thyroid,brittle nails,swollen extremeties,depression,irritability,abnormal menstruation,none,none,none,none,Hypothyroidism
1848,itching,fatigue,lethargy,yellowish skin,dark urine,loss of appetite,yellow urine,yellowing of eyes,malaise,receiving blood transfusion,receiving unsterile injections,none,none,none,none,none,none,Hepatitis B
190,joint pain,vomiting,yellowish skin,dark urine,nausea,loss of appetite,abdominal pain,diarrhoea,mild fever,yellowing of eyes,muscle pain,none,none,none,none,none,none,hepatitis A
4665,fatigue,mood swings,weight loss,restlessness,sweating,diarrhoea,fast heart rate,excessive hunger,muscle weakness,irritability,abnormal menstruation,none,none,none,none,none,none,Hyperthyroidism
2768,fatigue,yellowish skin,nausea,loss of appetite,yellowing of eyes,family history,none,none,none,none,none,none,none,none,none,none,none,Hepatitis C
3668,joint pain,vomiting,yellowish skin,dark urine,nausea,loss of appetite,abdominal pain,diarrhoea,mild fever,yellowing of eyes,muscle pain,none,none,none,none,none,none,hepatitis A
1213,skin rash,skin peeling,silver like dusting,small dents in nails,inflammatory nails,none,none,none,none,none,none,none,none,none,none,none,none,Psoriasis
513,headache,chest pain,loss of balance,lack of concentration,none,none,none,none,none,none,none,none,none,none,none,none,none,Hypertension
645,joint pain,vomiting,high fever,yellowish skin,dark urine,nausea,loss of appetite,abdominal pain,yellowing of eyes,acute liver failure,coma,stomach bleeding,none,none,none,none,none,Hepatitis E
4620,constipation,pain during bowel movements,pain in anal region,bloody stool,irritation in anus,none,none,none,none,none,none,none,none,none,none,none,none,Dimorphic hemmorhoids(piles)
3552,continuous sneezing,chills,fatigue,cough,high fever,headache,swelled lymph nodes,malaise,phlegm,throat irritation,redness of eyes,sinus pressure,runny nose,congestion,chest pain,loss of smell,muscle pain,Common Cold
4563,back pain,weakness in limbs,neck pain,dizziness,loss of balance,none,none,none,none,none,none,none,none,none,none,none,none,Cervical spondylosis
2723,skin rash,chills,joint pain,vomiting,fatigue,high fever,headache,nausea,loss of appetite,pain behind the eyes,back pain,malaise,muscle pain,red spots over body,none,none,none,Dengue
213,fatigue,nausea,loss of appetite,yellowing of eyes,family history,none,none,none,none,none,none,none,none,none,none,none,none,Hepatitis C
3102,chills,fatigue,cough,high fever,breathlessness,sweating,malaise,phlegm,chest pain,fast heart rate,rusty sputum,none,none,none,none,none,none,Pneumonia
1814,chills,joint pain,vomiting,fatigue,high fever,headache,nausea,loss of appetite,pain behind the eyes,back pain,malaise,muscle pain,red spots over body,none,none,none,none,Dengue
4403,itching,skin rash,fatigue,lethargy,high fever,headache,loss of appetite,mild fever,swelled lymph nodes,malaise,red spots over body,none,none,none,none,none,none,Chicken pox
2234,chills,vomiting,fatigue,high fever,headache,nausea,constipation,abdominal pain,toxic look (typhos),belly pain,none,none,none,none,none,none,none,Typhoid
3508,joint pain,vomiting,fatigue,high fever,yellowish skin,dark urine,nausea,loss of appetite,abdominal pain,yellowing of eyes,acute liver failure,coma,stomach bleeding,none,none,none,none,Hepatitis E
2306,chills,vomiting,fatigue,weight loss,high fever,breathlessness,sweating,loss of appetite,mild fever,yellowing of eyes,swelled lymph nodes,malaise,phlegm,chest pain,blood in sputum,none,none,Tuberculosis
4360,itching,vomiting,fatigue,weight loss,high fever,yellowish skin,dark urine,abdominal pain,none,none,none,none,none,none,none,none,none,Jaundice
4239,itching,skin rash,fatigue,lethargy,high fever,headache,loss of appetite,mild fever,swelled lymph nodes,malaise,red spots over body,none,none,none,none,none,none,Chicken pox
273,fatigue,cough,high fever,breathlessness,sweating,malaise,phlegm,chest pain,fast heart rate,rusty sputum,none,none,none,none,none,none,none,Pneumonia
2633,fatigue,cough,high fever,breathlessness,family history,mucoid sputum,none,none,none,none,none,none,none,none,none,none,none,Bronchial Asthma
1690,vomiting,loss of appetite,abdominal pain,passage of gases,internal itching,none,none,none,none,none,none,none,none,none,none,none,none,Peptic ulcer diseae
609,joint pain,vomiting,yellowish skin,dark urine,nausea,loss of appetite,abdominal pain,mild fever,yellowing of eyes,muscle pain,none,none,none,none,none,none,none,hepatitis A
3935,skin rash,high fever,blister,red sore around nose,yellow crust ooze,none,none,none,none,none,none,none,none,none,none,none,none,Impetigo
1721,vomiting,sunken eyes,dehydration,diarrhoea,none,none,none,none,none,none,none,none,none,none,none,none,none,Gastroenteritis
463,vomiting,loss of appetite,abdominal pain,passage of gases,internal itching,none,none,none,none,none,none,none,none,none,none,none,none,Peptic ulcer diseae
4336,fatigue,weight gain,cold hands and feets,mood swings,lethargy,dizziness,puffy face and eyes,enlarged thyroid,brittle nails,swollen extremeties,depression,irritability,abnormal menstruation,none,none,none,none,Hypothyroidism
2679,itching,vomiting,fatigue,weight loss,high fever,yellowish skin,dark urine,abdominal pain,none,none,none,none,none,none,none,none,none,Jaundice
2016,skin rash,pus filled pimples,blackheads,scurring,none,none,none,none,none,none,none,none,none,none,none,none,none,Acne
3731,itching,skin rash,nodal skin eruptions,dischromic  patches,none,none,none,none,none,none,none,none,none,none,none,none,none,Fungal infection
2232,chills,vomiting,fatigue,high fever,headache,nausea,abdominal pain,diarrhoea,toxic look (typhos),belly pain,none,none,none,none,none,none,none,Typhoid
1426,joint pain,vomiting,yellowish skin,dark urine,loss of appetite,abdominal pain,diarrhoea,mild fever,yellowing of eyes,muscle pain,none,none,none,none,none,none,none,hepatitis A
757,joint pain,neck pain,knee pain,hip joint pain,swelling joints,none,none,none,none,none,none,none,none,none,none,none,none,Osteoarthristis
4001,vomiting,yellowish skin,abdominal pain,swelling of stomach,distention of abdomen,history of alcohol consumption,fluid overload,none,none,none,none,none,none,none,none,none,none,Alcoholic hepatitis
1088,continuous sneezing,chills,fatigue,cough,high fever,headache,malaise,phlegm,throat irritation,redness of eyes,sinus pressure,runny nose,congestion,chest pain,loss of smell,muscle pain,none,Common Cold
3184,chills,fatigue,cough,high fever,breathlessness,sweating,malaise,phlegm,chest pain,fast heart rate,rusty sputum,none,none,none,none,none,none,Pneumonia
619,itching,fatigue,lethargy,yellowish skin,dark urine,loss of appetite,abdominal pain,yellowing of eyes,malaise,receiving blood transfusion,receiving unsterile injections,none,none,none,none,none,none,Hepatitis B
2812,vomiting,yellowish skin,abdominal pain,swelling of stomach,distention of abdomen,history of alcohol consumption,fluid overload,none,none,none,none,none,none,none,none,none,none,Alcoholic hepatitis
1881,vomiting,yellowish skin,abdominal pain,swelling of stomach,distention of abdomen,history of alcohol consumption,fluid overload,none,none,none,none,none,none,none,none,none,none,Alcoholic hepatitis
3960,vomiting,yellowish skin,abdominal pain,swelling of stomach,distention of abdomen,history of alcohol consumption,fluid overload,none,none,none,none,none,none,none,none,none,none,Alcoholic hepatitis
3816,itching,vomiting,yellowish skin,nausea,loss of appetite,abdominal pain,yellowing of eyes,none,none,none,none,none,none,none,none,none,none,Chronic cholestasis
1997,muscle weakness,stiff neck,swelling joints,movement stiffness,none,none,none,none,none,none,none,none,none,none,none,none,none,Arthritis
3369,fatigue,weight loss,restlessness,lethargy,irregular sugar level,blurred and distorted vision,obesity,excessive hunger,increased appetite,polyuria,none,none,none,none,none,none,none,Diabetes
1556,fatigue,mood swings,weight loss,restlessness,diarrhoea,fast heart rate,excessive hunger,muscle weakness,irritability,abnormal menstruation,none,none,none,none,none,none,none,Hyperthyroidism
2613,fatigue,cramps,bruising,obesity,swollen legs,swollen blood vessels,prominent veins on calf,none,none,none,none,none,none,none,none,none,none,Varicose veins
472,muscle wasting,high fever,extra marital contacts,none,none,none,none,none,none,none,none,none,none,none,none,none,none,AIDS
4732,skin rash,chills,joint pain,vomiting,fatigue,high fever,headache,nausea,loss of appetite,pain behind the eyes,back pain,malaise,muscle pain,red spots over body,none,none,none,Dengue
2180,vomiting,headache,weakness of one body side,altered sensorium,none,none,none,none,none,none,none,none,none,none,none,none,none,Paralysis (brain hemorrhage)
2731,chills,vomiting,fatigue,weight loss,cough,high fever,breathlessness,sweating,loss of appetite,mild fever,yellowing of eyes,swelled lymph nodes,malaise,phlegm,chest pain,blood in sputum,none,Tuberculosis
38,itching,vomiting,yellowish skin,nausea,loss of appetite,abdominal pain,yellowing of eyes,none,none,none,none,none,none,none,none,none,none,Chronic cholestasis
1208,bladder discomfort,foul smell of urine,continuous feel of urine,none,none,none,none,none,none,none,none,none,none,none,none,none,none,Urinary tract infection
2869,skin rash,high fever,blister,red sore around nose,yellow crust ooze,none,none,none,none,none,none,none,none,none,none,none,none,Impetigo
2406,muscle weakness,stiff neck,swelling joints,movement stiffness,painful walking,none,none,none,none,none,none,none,none,none,none,none,none,Arthritis
2575,vomiting,fatigue,anxiety,sweating,headache,nausea,blurred and distorted vision,excessive hunger,drying and tingling lips,slurred speech,irritability,palpitations,none,none,none,none,none,Hypoglycemia
616,itching,fatigue,lethargy,yellowish skin,loss of appetite,abdominal pain,yellow urine,yellowing of eyes,malaise,receiving blood transfusion,receiving unsterile injections,none,none,none,none,none,none,Hepatitis B
2584,continuous sneezing,shivering,chills,watering from eyes,none,none,none,none,none,none,none,none,none,none,none,none,none,Allergy
90,fatigue,cough,high fever,breathlessness,family history,mucoid sputum,none,none,none,none,none,none,none,none,none,none,none,Bronchial Asthma
2481,fatigue,yellowish skin,nausea,loss of appetite,yellowing of eyes,family history,none,none,none,none,none,none,none,none,none,none,none,Hepatitis C
131,vomiting,headache,weakness of one body side,altered sensorium,none,none,none,none,none,none,none,none,none,none,none,none,none,Paralysis (brain hemorrhage)
492,sunken eyes,dehydration,diarrhoea,none,none,none,none,none,none,none,none,none,none,none,none,none,none,Gastroenteritis
452,itching,skin rash,burning micturition,spotting  urination,none,none,none,none,none,none,none,none,none,none,none,none,none,Drug Reaction
2992,skin rash,high fever,blister,red sore around nose,yellow crust ooze,none,none,none,none,none,none,none,none,none,none,none,none,Impetigo
3350,vomiting,breathlessness,sweating,chest pain,none,none,none,none,none,none,none,none,none,none,none,none,none,Heart attack
424,continuous sneezing,shivering,chills,none,none,none,none,none,none,none,none,none,none,none,none,none,none,Allergy
1272,itching,skin rash,burning micturition,spotting  urination,none,none,none,none,none,none,none,none,none,none,none,none,none,Drug Reaction
4783,chills,fatigue,cough,high fever,breathlessness,sweating,malaise,phlegm,chest pain,fast heart rate,rusty sputum,none,none,none,none,none,none,Pneumonia
4039,fatigue,yellowish skin,nausea,loss of appetite,yellowing of eyes,family history,none,none,none,none,none,none,none,none,none,none,none,Hepatitis C
2262,yellowish skin,nausea,loss of appetite,yellowing of eyes,family history,none,none,none,none,none,none,none,none,none,none,none,none,Hepatitis C
4170,vomiting,breathlessness,sweating,chest pain,none,none,none,none,none,none,none,none,none,none,none,none,none,Heart attack
3394,fatigue,mood swings,weight loss,restlessness,sweating,diarrhoea,fast heart rate,excessive hunger,muscle weakness,irritability,abnormal menstruation,none,none,none,none,none,none,Hyperthyroidism
3693,itching,vomiting,yellowish skin,nausea,loss of appetite,abdominal pain,yellowing of eyes,none,none,none,none,none,none,none,none,none,none,Chronic cholestasis
4353,fatigue,weight loss,restlessness,lethargy,irregular sugar level,blurred and distorted vision,obesity,excessive hunger,increased appetite,polyuria,none,none,none,none,none,none,none,Diabetes
3739,vomiting,sunken eyes,dehydration,diarrhoea,none,none,none,none,none,none,none,none,none,none,none,none,none,Gastroenteritis
3316,vomiting,headache,nausea,spinning movements,loss of balance,unsteadiness,none,none,none,none,none,none,none,none,none,none,none,(vertigo) Paroymsal  Positional Vertigo
241,vomiting,yellowish skin,abdominal pain,swelling of stomach,distention of abdomen,history of alcohol consumption,fluid overload,none,none,none,none,none,none,none,none,none,none,Alcoholic hepatitis
1630,skin rash,high fever,blister,red sore around nose,yellow crust ooze,none,none,none,none,none,none,none,none,none,none,none,none,Impetigo
584,chills,joint pain,vomiting,fatigue,high fever,headache,nausea,loss of appetite,pain behind the eyes,back pain,malaise,muscle pain,red spots over body,none,none,none,none,Dengue
3747,itching,skin rash,fatigue,lethargy,high fever,headache,loss of appetite,mild fever,swelled lymph nodes,malaise,red spots over body,none,none,none,none,none,none,Chicken pox
4151,headache,chest pain,dizziness,loss of balance,lack of concentration,none,none,none,none,none,none,none,none,none,none,none,none,Hypertension
371,skin rash,pus filled pimples,blackheads,scurring,none,none,none,none,none,none,none,none,none,none,none,none,none,Acne
3355,joint pain,neck pain,knee pain,hip joint pain,swelling joints,painful walking,none,none,none,none,none,none,none,none,none,none,none,Osteoarthristis
1994,muscle weakness,stiff neck,movement stiffness,painful walking,none,none,none,none,none,none,none,none,none,none,none,none,none,Arthritis
4174,vomiting,fatigue,anxiety,sweating,headache,nausea,blurred and distorted vision,excessive hunger,drying and tingling lips,slurred speech,irritability,palpitations,none,none,none,none,none,Hypoglycemia
1027,itching,fatigue,lethargy,yellowish skin,dark urine,abdominal pain,yellow urine,yellowing of eyes,malaise,receiving blood transfusion,receiving unsterile injections,none,none,none,none,none,none,Hepatitis B
3048,itching,vomiting,fatigue,weight loss,high fever,yellowish skin,dark urine,abdominal pain,none,none,none,none,none,none,none,none,none,Jaundice
3733,stomach pain,acidity,ulcers on tongue,vomiting,cough,chest pain,none,none,none,none,none,none,none,none,none,none,none,GERD
464,vomiting,indigestion,abdominal pain,passage of gases,internal itching,none,none,none,none,none,none,none,none,none,none,none,none,Peptic ulcer diseae
1660,stomach pain,acidity,ulcers on tongue,vomiting,cough,chest pain,none,none,none,none,none,none,none,none,none,none,none,GERD
901,vomiting,sunken eyes,dehydration,diarrhoea,none,none,none,none,none,none,none,none,none,none,none,none,none,Gastroenteritis
257,chills,vomiting,fatigue,weight loss,cough,breathlessness,sweating,loss of appetite,mild fever,yellowing of eyes,swelled lymph nodes,malaise,phlegm,chest pain,blood in sputum,none,none,Tuberculosis
2890,itching,fatigue,lethargy,yellowish skin,dark urine,loss of appetite,abdominal pain,yellow urine,yellowing of eyes,malaise,receiving blood transfusion,receiving unsterile injections,none,none,none,none,none,Hepatitis B
182,chills,vomiting,fatigue,high fever,headache,nausea,abdominal pain,diarrhoea,toxic look (typhos),belly pain,none,none,none,none,none,none,none,Typhoid
3978,continuous sneezing,shivering,chills,watering from eyes,none,none,none,none,none,none,none,none,none,none,none,none,none,Allergy
1298,muscle wasting,high fever,extra marital contacts,none,none,none,none,none,none,none,none,none,none,none,none,none,none,AIDS
4874,vomiting,headache,nausea,spinning movements,loss of balance,unsteadiness,none,none,none,none,none,none,none,none,none,none,none,(vertigo) Paroymsal  Positional Vertigo
3943,fatigue,weight loss,restlessness,lethargy,irregular sugar level,blurred and distorted vision,obesity,excessive hunger,increased appetite,polyuria,none,none,none,none,none,none,none,Diabetes
3454,headache,chest pain,dizziness,loss of balance,lack of concentration,none,none,none,none,none,none,none,none,none,none,none,none,Hypertension
826,itching,nodal skin eruptions,dischromic  patches,none,none,none,none,none,none,none,none,none,none,none,none,none,none,Fungal infection
506,fatigue,cough,high fever,breathlessness,family history,none,none,none,none,none,none,none,none,none,none,none,none,Bronchial Asthma
2185,vomiting,headache,weakness of one body side,none,none,none,none,none,none,none,none,none,none,none,none,none,none,Paralysis (brain hemorrhage)
3377,chills,vomiting,high fever,sweating,headache,nausea,diarrhoea,muscle pain,none,none,none,none,none,none,none,none,none,Malaria
4106,muscle wasting,patches in throat,high fever,extra marital contacts,none,none,none,none,none,none,none,none,none,none,none,none,none,AIDS
7,itching,skin rash,dischromic  patches,none,none,none,none,none,none,none,none,none,none,none,none,none,none,Fungal infection
4844,muscle wasting,patches in throat,high fever,extra marital contacts,none,none,none,none,none,none,none,none,none,none,none,none,none,AIDS
4067,vomiting,sunken eyes,dehydration,diarrhoea,none,none,none,none,none,none,none,none,none,none,none,none,none,Gastroenteritis
4825,constipation,pain during bowel movements,pain in anal region,bloody stool,irritation in anus,none,none,none,none,none,none,none,none,none,none,none,none,Dimorphic hemmorhoids(piles)
3204,muscle wasting,patches in throat,high fever,extra marital contacts,none,none,none,none,none,none,none,none,none,none,none,none,none,AIDS
558,itching,vomiting,fatigue,weight loss,high fever,yellowish skin,abdominal pain,none,none,none,none,none,none,none,none,none,none,Jaundice
711,fatigue,cramps,bruising,obesity,swollen legs,swollen blood vessels,prominent veins on calf,none,none,none,none,none,none,none,none,none,none,Varicose veins
302,cramps,bruising,obesity,swollen legs,swollen blood vessels,prominent veins on calf,none,none,none,none,none,none,none,none,none,none,none,Varicose veins
1440,fatigue,yellowish skin,nausea,loss of appetite,family history,none,none,none,none,none,none,none,none,none,none,none,none,Hepatitis C
2938,chills,fatigue,cough,high fever,breathlessness,sweating,malaise,phlegm,chest pain,fast heart rate,rusty sputum,none,none,none,none,none,none,Pneumonia
3248,fatigue,cough,high fever,breathlessness,family history,mucoid sputum,none,none,none,none,none,none,none,none,none,none,none,Bronchial Asthma
1345,acidity,indigestion,headache,blurred and distorted vision,stiff neck,depression,irritability,visual disturbances,none,none,none,none,none,none,none,none,none,Migraine
4683,fatigue,cough,high fever,breathlessness,family history,mucoid sputum,none,none,none,none,none,none,none,none,none,none,none,Bronchial Asthma
1838,joint pain,vomiting,yellowish skin,dark urine,nausea,loss of appetite,diarrhoea,mild fever,yellowing of eyes,muscle pain,none,none,none,none,none,none,none,hepatitis A
1183,vomiting,nausea,spinning movements,loss of balance,unsteadiness,none,none,none,none,none,none,none,none,none,none,none,none,(vertigo) Paroymsal  Positional Vertigo
3537,acidity,indigestion,headache,blurred and distorted vision,excessive hunger,stiff neck,depression,irritability,visual disturbances,none,none,none,none,none,none,none,none,Migraine
3474,fatigue,cramps,bruising,obesity,swollen legs,swollen blood vessels,prominent veins on calf,none,none,none,none,none,none,none,none,none,none,Varicose veins
3201,itching,vomiting,yellowish skin,nausea,loss of appetite,abdominal pain,yellowing of eyes,none,none,none,none,none,none,none,none,none,none,Chronic cholestasis
2032,joint pain,skin peeling,silver like dusting,small dents in nails,inflammatory nails,none,none,none,none,none,none,none,none,none,none,none,none,Psoriasis
557,itching,vomiting,fatigue,weight loss,high fever,dark urine,abdominal pain,none,none,none,none,none,none,none,none,none,none,Jaundice
3120,itching,skin rash,stomach pain,burning micturition,spotting  urination,none,none,none,none,none,none,none,none,none,none,none,none,Drug Reaction
1631,skin rash,high fever,blister,red sore around nose,yellow crust ooze,none,none,none,none,none,none,none,none,none,none,none,none,Impetigo
574,itching,skin rash,fatigue,high fever,headache,loss of appetite,mild fever,swelled lymph nodes,malaise,red spots over body,none,none,none,none,none,none,none,Chicken pox
1343,acidity,indigestion,blurred and distorted vision,excessive hunger,stiff neck,depression,irritability,visual disturbances,none,none,none,none,none,none,none,none,none,Migraine
3640,fatigue,mood swings,weight loss,restlessness,sweating,diarrhoea,fast heart rate,excessive hunger,muscle weakness,irritability,abnormal menstruation,none,none,none,none,none,none,Hyperthyroidism
1401,skin rash,chills,joint pain,vomiting,fatigue,high fever,headache,nausea,loss of appetite,pain behind the eyes,back pain,malaise,red spots over body,none,none,none,none,Dengue
882,muscle wasting,high fever,extra marital contacts,none,none,none,none,none,none,none,none,none,none,none,none,none,none,AIDS
2724,chills,vomiting,fatigue,high fever,headache,nausea,constipation,abdominal pain,diarrhoea,toxic look (typhos),belly pain,none,none,none,none,none,none,Typhoid
736,fatigue,mood swings,weight loss,restlessness,diarrhoea,fast heart rate,excessive hunger,muscle weakness,irritability,abnormal menstruation,none,none,none,none,none,none,none,Hyperthyroidism
3202,itching,skin rash,stomach pain,burning micturition,spotting  urination,none,none,none,none,none,none,none,none,none,none,none,none,Drug Reaction
3898,itching,vomiting,yellowish skin,nausea,loss of appetite,abdominal pain,yellowing of eyes,none,none,none,none,none,none,none,none,none,none,Chronic cholestasis
483,fatigue,restlessness,lethargy,irregular sugar level,blurred and distorted vision,obesity,excessive hunger,increased appetite,polyuria,none,none,none,none,none,none,none,none,Diabetes
2754,fatigue,weight loss,restlessness,lethargy,irregular sugar level,blurred and distorted vision,obesity,excessive hunger,increased appetite,polyuria,none,none,none,none,none,none,none,Diabetes
1347,acidity,indigestion,headache,blurred and distorted vision,excessive hunger,stiff neck,irritability,visual disturbances,none,none,none,none,none,none,none,none,none,Migraine
1264,itching,vomiting,yellowish skin,loss of appetite,abdominal pain,yellowing of eyes,none,none,none,none,none,none,none,none,none,none,none,Chronic cholestasis
1201,burning micturition,bladder discomfort,foul smell of urine,continuous feel of urine,none,none,none,none,none,none,none,none,none,none,none,none,none,Urinary tract infection
106,headache,chest pain,dizziness,loss of balance,lack of concentration,none,none,none,none,none,none,none,none,none,none,none,none,Hypertension
2218,itching,skin rash,fatigue,lethargy,high fever,headache,loss of appetite,swelled lymph nodes,malaise,red spots over body,none,none,none,none,none,none,none,Chicken pox
825,skin rash,nodal skin eruptions,dischromic  patches,none,none,none,none,none,none,none,none,none,none,none,none,none,none,Fungal infection
3802,fatigue,cramps,bruising,obesity,swollen legs,swollen blood vessels,prominent veins on calf,none,none,none,none,none,none,none,none,none,none,Varicose veins
1830,joint pain,vomiting,yellowish skin,dark urine,nausea,loss of appetite,abdominal pain,diarrhoea,mild fever,yellowing of eyes,muscle pain,none,none,none,none,none,none,hepatitis A
3453,fatigue,cough,high fever,breathlessness,family history,mucoid sputum,none,none,none,none,none,none,none,none,none,none,none,Bronchial Asthma
3209,acidity,indigestion,headache,blurred and distorted vision,excessive hunger,stiff neck,depression,irritability,visual disturbances,none,none,none,none,none,none,none,none,Migraine
2375,fatigue,mood swings,weight loss,sweating,diarrhoea,fast heart rate,excessive hunger,muscle weakness,irritability,abnormal menstruation,none,none,none,none,none,none,none,Hyperthyroidism
2852,joint pain,vomiting,fatigue,high fever,yellowish skin,dark urine,nausea,loss of appetite,abdominal pain,yellowing of eyes,acute liver failure,coma,stomach bleeding,none,none,none,none,Hepatitis E
2824,vomiting,headache,nausea,spinning movements,loss of balance,unsteadiness,none,none,none,none,none,none,none,none,none,none,none,(vertigo) Paroymsal  Positional Vertigo
630,joint pain,vomiting,fatigue,yellowish skin,dark urine,nausea,loss of appetite,abdominal pain,yellowing of eyes,none,none,none,none,none,none,none,none,Hepatitis D
1109,constipation,pain during bowel movements,pain in anal region,bloody stool,irritation in anus,none,none,none,none,none,none,none,none,none,none,none,none,Dimorphic hemmorhoids(piles)
1728,vomiting,dehydration,diarrhoea,none,none,none,none,none,none,none,none,none,none,none,none,none,none,Gastroenteritis
2350,fatigue,cramps,bruising,obesity,swollen legs,swollen blood vessels,prominent veins on calf,none,none,none,none,none,none,none,none,none,none,Varicose veins
4311,muscle wasting,patches in throat,high fever,extra marital contacts,none,none,none,none,none,none,none,none,none,none,none,none,none,AIDS
1758,acidity,indigestion,headache,blurred and distorted vision,excessive hunger,stiff neck,depression,visual disturbances,none,none,none,none,none,none,none,none,none,Migraine
1840,itching,fatigue,lethargy,yellowish skin,dark urine,loss of appetite,abdominal pain,yellow urine,yellowing of eyes,malaise,receiving blood transfusion,receiving unsterile injections,none,none,none,none,none,Hepatitis B
2011,skin rash,pus filled pimples,blackheads,scurring,none,none,none,none,none,none,none,none,none,none,none,none,none,Acne
313,weight gain,cold hands and feets,mood swings,lethargy,dizziness,puffy face and eyes,enlarged thyroid,brittle nails,swollen extremeties,depression,irritability,abnormal menstruation,none,none,none,none,none,Hypothyroidism
4680,muscle wasting,patches in throat,high fever,extra marital contacts,none,none,none,none,none,none,none,none,none,none,none,none,none,AIDS
249,vomiting,yellowish skin,abdominal pain,swelling of stomach,distention of abdomen,history of alcohol consumption,fluid overload,none,none,none,none,none,none,none,none,none,none,Alcoholic hepatitis
3319,skin rash,joint pain,skin peeling,silver like dusting,small dents in nails,inflammatory nails,none,none,none,none,none,none,none,none,none,none,none,Psoriasis
1344,acidity,indigestion,headache,excessive hunger,stiff neck,depression,irritability,visual disturbances,none,none,none,none,none,none,none,none,none,Migraine
419,itching,skin rash,nodal skin eruptions,dischromic  patches,none,none,none,none,none,none,none,none,none,none,none,none,none,Fungal infection
2990,burning micturition,bladder discomfort,foul smell of urine,continuous feel of urine,none,none,none,none,none,none,none,none,none,none,none,none,none,Urinary tract infection
1799,chills,vomiting,high fever,sweating,headache,nausea,muscle pain,none,none,none,none,none,none,none,none,none,none,Malaria
2529,constipation,pain during bowel movements,pain in anal region,bloody stool,irritation in anus,none,none,none,none,none,none,none,none,none,none,none,none,Dimorphic hemmorhoids(piles)
2513,back pain,weakness in limbs,neck pain,dizziness,loss of balance,none,none,none,none,none,none,none,none,none,none,none,none,Cervical spondylosis
1143,fatigue,weight loss,restlessness,sweating,diarrhoea,fast heart rate,excessive hunger,muscle weakness,irritability,abnormal menstruation,none,none,none,none,none,none,none,Hyperthyroidism
3775,itching,vomiting,yellowish skin,nausea,loss of appetite,abdominal pain,yellowing of eyes,none,none,none,none,none,none,none,none,none,none,Chronic cholestasis
1754,acidity,indigestion,headache,excessive hunger,stiff neck,depression,irritability,visual disturbances,none,none,none,none,none,none,none,none,none,Migraine
1172,stiff neck,swelling joints,movement stiffness,painful walking,none,none,none,none,none,none,none,none,none,none,none,none,none,Arthritis
4427,skin rash,high fever,blister,red sore around nose,yellow crust ooze,none,none,none,none,none,none,none,none,none,none,none,none,Impetigo
3122,muscle wasting,patches in throat,high fever,extra marital contacts,none,none,none,none,none,none,none,none,none,none,none,none,none,AIDS
3378,itching,skin rash,fatigue,lethargy,high fever,headache,loss of appetite,mild fever,swelled lymph nodes,malaise,red spots over body,none,none,none,none,none,none,Chicken pox
3756,chills,vomiting,fatigue,weight loss,cough,high fever,breathlessness,sweating,loss of appetite,mild fever,yellowing of eyes,swelled lymph nodes,malaise,phlegm,chest pain,blood in sputum,none,Tuberculosis
992,skin rash,chills,joint pain,vomiting,fatigue,high fever,headache,nausea,loss of appetite,pain behind the eyes,back pain,malaise,muscle pain,none,none,none,none,Dengue
1988,joint pain,neck pain,knee pain,hip joint pain,swelling joints,painful walking,none,none,none,none,none,none,none,none,none,none,none,Osteoarthristis
2438,bladder discomfort,foul smell of urine,continuous feel of urine,none,none,none,none,none,none,none,none,none,none,none,none,none,none,Urinary tract infection
892,weight loss,restlessness,lethargy,irregular sugar level,blurred and distorted vision,obesity,excessive hunger,increased appetite,polyuria,none,none,none,none,none,none,none,none,Diabetes
3467,joint pain,vomiting,fatigue,high fever,yellowish skin,dark urine,nausea,loss of appetite,abdominal pain,yellowing of eyes,acute liver failure,coma,stomach bleeding,none,none,none,none,Hepatitis E
3463,joint pain,vomiting,yellowish skin,dark urine,nausea,loss of appetite,abdominal pain,diarrhoea,mild fever,yellowing of eyes,muscle pain,none,none,none,none,none,none,hepatitis A
3243,itching,skin rash,stomach pain,burning micturition,spotting  urination,none,none,none,none,none,none,none,none,none,none,none,none,Drug Reaction
3192,muscle weakness,stiff neck,swelling joints,movement stiffness,painful walking,none,none,none,none,none,none,none,none,none,none,none,none,Arthritis
1668,stomach pain,acidity,vomiting,cough,chest pain,none,none,none,none,none,none,none,none,none,none,none,none,GERD
759,joint pain,neck pain,knee pain,hip joint pain,swelling joints,painful walking,none,none,none,none,none,none,none,none,none,none,none,Osteoarthristis
4253,fatigue,cramps,bruising,obesity,swollen legs,swollen blood vessels,prominent veins on calf,none,none,none,none,none,none,none,none,none,none,Varicose veins
2639,chills,vomiting,high fever,sweating,headache,nausea,diarrhoea,muscle pain,none,none,none,none,none,none,none,none,none,Malaria
3576,fatigue,cough,high fever,breathlessness,family history,mucoid sputum,none,none,none,none,none,none,none,none,none,none,none,Bronchial Asthma
1849,itching,fatigue,lethargy,yellowish skin,dark urine,loss of appetite,abdominal pain,yellowing of eyes,malaise,receiving blood transfusion,receiving unsterile injections,none,none,none,none,none,none,Hepatitis B
1375,itching,vomiting,fatigue,high fever,yellowish skin,dark urine,abdominal pain,none,none,none,none,none,none,none,none,none,none,Jaundice
2879,fatigue,cough,high fever,breathlessness,family history,mucoid sputum,none,none,none,none,none,none,none,none,none,none,none,Bronchial Asthma
1192,pus filled pimples,blackheads,scurring,none,none,none,none,none,none,none,none,none,none,none,none,none,none,Acne
589,skin rash,chills,joint pain,vomiting,fatigue,headache,nausea,loss of appetite,pain behind the eyes,back pain,malaise,muscle pain,red spots over body,none,none,none,none,Dengue
2483,joint pain,vomiting,fatigue,high fever,yellowish skin,dark urine,nausea,loss of appetite,abdominal pain,yellowing of eyes,acute liver failure,coma,stomach bleeding,none,none,none,none,Hepatitis E
1180,vomiting,headache,nausea,spinning movements,loss of balance,unsteadiness,none,none,none,none,none,none,none,none,none,none,none,(vertigo) Paroymsal  Positional Vertigo
3543,skin rash,chills,joint pain,vomiting,fatigue,high fever,headache,nausea,loss of appetite,pain behind the eyes,back pain,malaise,muscle pain,red spots over body,none,none,none,Dengue
2442,joint pain,skin peeling,silver like dusting,small dents in nails,inflammatory nails,none,none,none,none,none,none,none,none,none,none,none,none,Psoriasis
3587,itching,fatigue,lethargy,yellowish skin,dark urine,loss of appetite,abdominal pain,yellow urine,yellowing of eyes,malaise,receiving blood transfusion,receiving unsterile injections,none,none,none,none,none,Hepatitis B
2292,yellowish skin,abdominal pain,swelling of stomach,distention of abdomen,history of alcohol consumption,fluid overload,none,none,none,none,none,none,none,none,none,none,none,Alcoholic hepatitis
4250,chills,fatigue,cough,high fever,breathlessness,sweating,malaise,phlegm,chest pain,fast heart rate,rusty sputum,none,none,none,none,none,none,Pneumonia
421,shivering,chills,watering from eyes,none,none,none,none,none,none,none,none,none,none,none,none,none,none,Allergy
4290,continuous sneezing,chills,fatigue,cough,high fever,headache,swelled lymph nodes,malaise,phlegm,throat irritation,redness of eyes,sinus pressure,runny nose,congestion,chest pain,loss of smell,muscle pain,Common Cold
3716,continuous sneezing,chills,fatigue,cough,high fever,headache,swelled lymph nodes,malaise,phlegm,throat irritation,redness of eyes,sinus pressure,runny nose,congestion,chest pain,loss of smell,muscle pain,Common Cold
2789,continuous sneezing,shivering,chills,watering from eyes,none,none,none,none,none,none,none,none,none,none,none,none,none,Allergy
642,joint pain,vomiting,fatigue,high fever,yellowish skin,dark urine,nausea,loss of appetite,abdominal pain,yellowing of eyes,acute liver failure,coma,stomach bleeding,none,none,none,none,Hepatitis E
3564,burning micturition,bladder discomfort,foul smell of urine,continuous feel of urine,none,none,none,none,none,none,none,none,none,none,none,none,none,Urinary tract infection
2960,vomiting,sunken eyes,dehydration,diarrhoea,none,none,none,none,none,none,none,none,none,none,none,none,none,Gastroenteritis
2657,vomiting,fatigue,anxiety,sweating,headache,nausea,blurred and distorted vision,excessive hunger,drying and tingling lips,slurred speech,irritability,palpitations,none,none,none,none,none,Hypoglycemia
2066,continuous sneezing,chills,watering from eyes,none,none,none,none,none,none,none,none,none,none,none,none,none,none,Allergy
571,skin rash,fatigue,lethargy,high fever,headache,loss of appetite,mild fever,swelled lymph nodes,malaise,red spots over body,none,none,none,none,none,none,none,Chicken pox
4236,vomiting,headache,weakness of one body side,altered sensorium,none,none,none,none,none,none,none,none,none,none,none,none,none,Paralysis (brain hemorrhage)
1553,fatigue,weight loss,restlessness,sweating,diarrhoea,fast heart rate,excessive hunger,muscle weakness,irritability,abnormal menstruation,none,none,none,none,none,none,none,Hyperthyroidism
1678,itching,vomiting,yellowish skin,nausea,loss of appetite,abdominal pain,yellowing of eyes,none,none,none,none,none,none,none,none,none,none,Chronic cholestasis
4823,continuous sneezing,chills,fatigue,cough,high fever,headache,swelled lymph nodes,malaise,phlegm,throat irritation,redness of eyes,sinus pressure,runny nose,congestion,chest pain,loss of smell,muscle pain,Common Cold
563,vomiting,high fever,sweating,headache,nausea,diarrhoea,muscle pain,none,none,none,none,none,none,none,none,none,none,Malaria
3405,stomach pain,acidity,ulcers on tongue,vomiting,cough,chest pain,none,none,none,none,none,none,none,none,none,none,none,GERD
4196,itching,vomiting,fatigue,weight loss,high fever,yellowish skin,dark urine,abdominal pain,none,none,none,none,none,none,none,none,none,Jaundice
3539,vomiting,headache,weakness of one body side,altered sensorium,none,none,none,none,none,none,none,none,none,none,none,none,none,Paralysis (brain hemorrhage)
2983,fatigue,weight gain,cold hands and feets,mood swings,lethargy,dizziness,puffy face and eyes,enlarged thyroid,brittle nails,swollen extremeties,depression,irritability,abnormal menstruation,none,none,none,none,Hypothyroidism
1257,stomach pain,ulcers on tongue,vomiting,cough,chest pain,none,none,none,none,none,none,none,none,none,none,none,none,GERD
1502,chills,fatigue,cough,high fever,breathlessness,sweating,malaise,phlegm,chest pain,fast heart rate,rusty sputum,none,none,none,none,none,none,Pneumonia
1777,headache,weakness of one body side,altered sensorium,none,none,none,none,none,none,none,none,none,none,none,none,none,none,Paralysis (brain hemorrhage)
4422,muscle weakness,stiff neck,swelling joints,movement stiffness,painful walking,none,none,none,none,none,none,none,none,none,none,none,none,Arthritis
3005,back pain,weakness in limbs,neck pain,dizziness,loss of balance,none,none,none,none,none,none,none,none,none,none,none,none,Cervical spondylosis
4860,joint pain,vomiting,fatigue,yellowish skin,dark urine,nausea,loss of appetite,abdominal pain,yellowing of eyes,none,none,none,none,none,none,none,none,Hepatitis D
4240,skin rash,chills,joint pain,vomiting,fatigue,high fever,headache,nausea,loss of appetite,pain behind the eyes,back pain,malaise,muscle pain,red spots over body,none,none,none,Dengue
1708,muscle wasting,high fever,extra marital contacts,none,none,none,none,none,none,none,none,none,none,none,none,none,none,AIDS
595,chills,vomiting,fatigue,high fever,headache,nausea,constipation,abdominal pain,diarrhoea,belly pain,none,none,none,none,none,none,none,Typhoid
4505,vomiting,headache,nausea,spinning movements,loss of balance,unsteadiness,none,none,none,none,none,none,none,none,none,none,none,(vertigo) Paroymsal  Positional Vertigo
896,fatigue,weight loss,restlessness,lethargy,blurred and distorted vision,obesity,excessive hunger,increased appetite,polyuria,none,none,none,none,none,none,none,none,Diabetes
4435,fatigue,weight loss,restlessness,lethargy,irregular sugar level,blurred and distorted vision,obesity,excessive hunger,increased appetite,polyuria,none,none,none,none,none,none,none,Diabetes
1663,stomach pain,acidity,ulcers on tongue,cough,chest pain,none,none,none,none,none,none,none,none,none,none,none,none,GERD
2038,skin rash,joint pain,skin peeling,silver like dusting,small dents in nails,inflammatory nails,none,none,none,none,none,none,none,none,none,none,none,Psoriasis
1205,burning micturition,bladder discomfort,foul smell of urine,none,none,none,none,none,none,none,none,none,none,none,none,none,none,Urinary tract infection
3748,skin rash,chills,joint pain,vomiting,fatigue,high fever,headache,nausea,loss of appetite,pain behind the eyes,back pain,malaise,muscle pain,red spots over body,none,none,none,Dengue
1826,chills,vomiting,fatigue,high fever,headache,nausea,constipation,abdominal pain,diarrhoea,toxic look (typhos),none,none,none,none,none,none,none,Typhoid
2924,vomiting,headache,weakness of one body side,altered sensorium,none,none,none,none,none,none,none,none,none,none,none,none,none,Paralysis (brain hemorrhage)
162,itching,fatigue,lethargy,high fever,headache,loss of appetite,mild fever,swelled lymph nodes,malaise,red spots over body,none,none,none,none,none,none,none,Chicken pox
3168,acidity,indigestion,headache,blurred and distorted vision,excessive hunger,stiff neck,depression,irritability,visual disturbances,none,none,none,none,none,none,none,none,Migraine
3059,chills,vomiting,fatigue,weight loss,cough,high fever,breathlessness,sweating,loss of appetite,mild fever,yellowing of eyes,swelled lymph nodes,malaise,phlegm,chest pain,blood in sputum,none,Tuberculosis
3849,vomiting,headache,nausea,spinning movements,loss of balance,unsteadiness,none,none,none,none,none,none,none,none,none,none,none,(vertigo) Paroymsal  Positional Vertigo
868,itching,skin rash,stomach pain,spotting  urination,none,none,none,none,none,none,none,none,none,none,none,none,none,Drug Reaction
3682,vomiting,fatigue,anxiety,sweating,headache,nausea,blurred and distorted vision,excessive hunger,drying and tingling lips,slurred speech,irritability,palpitations,none,none,none,none,none,Hypoglycemia
1808,itching,skin rash,fatigue,lethargy,high fever,headache,loss of appetite,swelled lymph nodes,malaise,red spots over body,none,none,none,none,none,none,none,Chicken pox
4548,burning micturition,bladder discomfort,foul smell of urine,continuous feel of urine,none,none,none,none,none,none,none,none,none,none,none,none,none,Urinary tract infection
4570,joint pain,vomiting,yellowish skin,dark urine,nausea,loss of appetite,abdominal pain,diarrhoea,mild fever,yellowing of eyes,muscle pain,none,none,none,none,none,none,hepatitis A
647,joint pain,vomiting,fatigue,high fever,dark urine,nausea,loss of appetite,abdominal pain,yellowing of eyes,acute liver failure,coma,stomach bleeding,none,none,none,none,none,Hepatitis E
716,fatigue,cramps,bruising,obesity,swollen blood vessels,prominent veins on calf,none,none,none,none,none,none,none,none,none,none,none,Varicose veins
179,skin rash,chills,joint pain,vomiting,fatigue,headache,nausea,loss of appetite,pain behind the eyes,back pain,malaise,muscle pain,red spots over body,none,none,none,none,Dengue
1846,itching,fatigue,lethargy,yellowish skin,loss of appetite,abdominal pain,yellow urine,yellowing of eyes,malaise,receiving blood transfusion,receiving unsterile injections,none,none,none,none,none,none,Hepatitis B
350,muscle weakness,stiff neck,swelling joints,movement stiffness,painful walking,none,none,none,none,none,none,none,none,none,none,none,none,Arthritis
1575,joint pain,neck pain,knee pain,swelling joints,painful walking,none,none,none,none,none,none,none,none,none,none,none,none,Osteoarthristis
3237,skin rash,joint pain,skin peeling,silver like dusting,small dents in nails,inflammatory nails,none,none,none,none,none,none,none,none,none,none,none,Psoriasis
639,joint pain,vomiting,fatigue,yellowish skin,dark urine,nausea,loss of appetite,abdominal pain,none,none,none,none,none,none,none,none,none,Hepatitis D
3621,vomiting,headache,weakness of one body side,altered sensorium,none,none,none,none,none,none,none,none,none,none,none,none,none,Paralysis (brain hemorrhage)
1122,cramps,bruising,obesity,swollen legs,swollen blood vessels,prominent veins on calf,none,none,none,none,none,none,none,none,none,none,none,Varicose veins
4653,itching,fatigue,lethargy,yellowish skin,dark urine,loss of appetite,abdominal pain,yellow urine,yellowing of eyes,malaise,receiving blood transfusion,receiving unsterile injections,none,none,none,none,none,Hepatitis B
818,skin rash,high fever,blister,red sore around nose,yellow crust ooze,none,none,none,none,none,none,none,none,none,none,none,none,Impetigo
2984,fatigue,mood swings,weight loss,restlessness,sweating,diarrhoea,fast heart rate,excessive hunger,muscle weakness,irritability,abnormal menstruation,none,none,none,none,none,none,Hyperthyroidism
3992,chills,vomiting,high fever,sweating,headache,nausea,diarrhoea,muscle pain,none,none,none,none,none,none,none,none,none,Malaria
4004,chills,fatigue,cough,high fever,breathlessness,sweating,malaise,phlegm,chest pain,fast heart rate,rusty sputum,none,none,none,none,none,none,Pneumonia
2502,continuous sneezing,shivering,chills,watering from eyes,none,none,none,none,none,none,none,none,none,none,none,none,none,Allergy
4649,itching,skin rash,fatigue,lethargy,high fever,headache,loss of appetite,mild fever,swelled lymph nodes,malaise,red spots over body,none,none,none,none,none,none,Chicken pox
2518,skin rash,chills,joint pain,vomiting,fatigue,high fever,headache,nausea,loss of appetite,pain behind the eyes,back pain,malaise,muscle pain,red spots over body,none,none,none,Dengue
4516,muscle wasting,patches in throat,high fever,extra marital contacts,none,none,none,none,none,none,none,none,none,none,none,none,none,AIDS
2882,back pain,weakness in limbs,neck pain,dizziness,loss of balance,none,none,none,none,none,none,none,none,none,none,none,none,Cervical spondylosis
786,skin rash,pus filled pimples,blackheads,scurring,none,none,none,none,none,none,none,none,none,none,none,none,none,Acne
3772,itching,skin rash,nodal skin eruptions,dischromic  patches,none,none,none,none,none,none,none,none,none,none,none,none,none,Fungal infection
1329,fatigue,high fever,breathlessness,family history,mucoid sputum,none,none,none,none,none,none,none,none,none,none,none,none,Bronchial Asthma
546,vomiting,headache,weakness of one body side,altered sensorium,none,none,none,none,none,none,none,none,none,none,none,none,none,Paralysis (brain hemorrhage)
320,fatigue,mood swings,weight loss,restlessness,sweating,diarrhoea,fast heart rate,excessive hunger,muscle weakness,irritability,abnormal menstruation,none,none,none,none,none,none,Hyperthyroidism
1270,itching,skin rash,stomach pain,burning micturition,spotting  urination,none,none,none,none,none,none,none,none,none,none,none,none,Drug Reaction
4027,fatigue,cough,high fever,breathlessness,family history,mucoid sputum,none,none,none,none,none,none,none,none,none,none,none,Bronchial Asthma
3347,continuous sneezing,chills,fatigue,cough,high fever,headache,swelled lymph nodes,malaise,phlegm,throat irritation,redness of eyes,sinus pressure,runny nose,congestion,chest pain,loss of smell,muscle pain,Common Cold
3819,muscle wasting,patches in throat,high fever,extra marital contacts,none,none,none,none,none,none,none,none,none,none,none,none,none,AIDS
4158,skin rash,chills,joint pain,vomiting,fatigue,high fever,headache,nausea,loss of appetite,pain behind the eyes,back pain,malaise,muscle pain,red spots over body,none,none,none,Dengue
3220,joint pain,vomiting,fatigue,yellowish skin,dark urine,nausea,loss of appetite,abdominal pain,yellowing of eyes,none,none,none,none,none,none,none,none,Hepatitis D
3535,fatigue,cough,high fever,breathlessness,family history,mucoid sputum,none,none,none,none,none,none,none,none,none,none,none,Bronchial Asthma
2833,itching,skin rash,stomach pain,burning micturition,spotting  urination,none,none,none,none,none,none,none,none,none,none,none,none,Drug Reaction
3398,vomiting,headache,nausea,spinning movements,loss of balance,unsteadiness,none,none,none,none,none,none,none,none,none,none,none,(vertigo) Paroymsal  Positional Vertigo
569,chills,vomiting,high fever,sweating,headache,nausea,muscle pain,none,none,none,none,none,none,none,none,none,none,Malaria
98,cough,high fever,breathlessness,family history,mucoid sputum,none,none,none,none,none,none,none,none,none,none,none,none,Bronchial Asthma
1165,joint pain,neck pain,knee pain,swelling joints,painful walking,none,none,none,none,none,none,none,none,none,none,none,none,Osteoarthristis
665,chills,vomiting,fatigue,cough,high fever,breathlessness,sweating,loss of appetite,mild fever,yellowing of eyes,swelled lymph nodes,malaise,phlegm,chest pain,blood in sputum,none,none,Tuberculosis
4419,fatigue,mood swings,weight loss,restlessness,sweating,diarrhoea,fast heart rate,excessive hunger,muscle weakness,irritability,abnormal menstruation,none,none,none,none,none,none,Hyperthyroidism
2256,itching,fatigue,lethargy,yellowish skin,loss of appetite,abdominal pain,yellow urine,yellowing of eyes,malaise,receiving blood transfusion,receiving unsterile injections,none,none,none,none,none,none,Hepatitis B
1896,chills,vomiting,fatigue,weight loss,high fever,breathlessness,sweating,loss of appetite,mild fever,yellowing of eyes,swelled lymph nodes,malaise,phlegm,chest pain,blood in sputum,none,none,Tuberculosis
2567,chills,vomiting,fatigue,weight loss,cough,high fever,breathlessness,sweating,loss of appetite,mild fever,yellowing of eyes,swelled lymph nodes,malaise,phlegm,chest pain,blood in sputum,none,Tuberculosis
455,skin rash,stomach pain,burning micturition,spotting  urination,none,none,none,none,none,none,none,none,none,none,none,none,none,Drug Reaction
1036,fatigue,yellowish skin,nausea,loss of appetite,family history,none,none,none,none,none,none,none,none,none,none,none,none,Hepatitis C
4074,chills,vomiting,high fever,sweating,headache,nausea,diarrhoea,muscle pain,none,none,none,none,none,none,none,none,none,Malaria
2455,skin rash,high fever,red sore around nose,yellow crust ooze,none,none,none,none,none,none,none,none,none,none,none,none,none,Impetigo
834,continuous sneezing,shivering,chills,none,none,none,none,none,none,none,none,none,none,none,none,none,none,Allergy
290,vomiting,breathlessness,sweating,chest pain,none,none,none,none,none,none,none,none,none,none,none,none,none,Heart attack
3504,joint pain,vomiting,yellowish skin,dark urine,nausea,loss of appetite,abdominal pain,diarrhoea,mild fever,yellowing of eyes,muscle pain,none,none,none,none,none,none,hepatitis A
3043,fatigue,cough,high fever,breathlessness,family history,mucoid sputum,none,none,none,none,none,none,none,none,none,none,none,Bronchial Asthma
3857,itching,vomiting,yellowish skin,nausea,loss of appetite,abdominal pain,yellowing of eyes,none,none,none,none,none,none,none,none,none,none,Chronic cholestasis
1713,fatigue,restlessness,lethargy,irregular sugar level,blurred and distorted vision,obesity,excessive hunger,increased appetite,polyuria,none,none,none,none,none,none,none,none,Diabetes
4663,fatigue,cramps,bruising,obesity,swollen legs,swollen blood vessels,prominent veins on calf,none,none,none,none,none,none,none,none,none,none,Varicose veins
3583,itching,skin rash,fatigue,lethargy,high fever,headache,loss of appetite,mild fever,swelled lymph nodes,malaise,red spots over body,none,none,none,none,none,none,Chicken pox
1120,fatigue,cramps,bruising,obesity,swollen legs,swollen blood vessels,prominent veins on calf,none,none,none,none,none,none,none,none,none,none,Varicose veins
2825,skin rash,pus filled pimples,blackheads,scurring,none,none,none,none,none,none,none,none,none,none,none,none,none,Acne
0,itching,skin rash,nodal skin eruptions,dischromic  patches,none,none,none,none,none,none,none,none,none,none,none,none,none,Fungal infection
622,yellowish skin,nausea,loss of appetite,yellowing of eyes,family history,none,none,none,none,none,none,none,none,none,none,none,none,Hepatitis C
2045,skin rash,high fever,red sore around nose,yellow crust ooze,none,none,none,none,none,none,none,none,none,none,none,none,none,Impetigo
866,itching,stomach pain,burning micturition,spotting  urination,none,none,none,none,none,none,none,none,none,none,none,none,none,Drug Reaction
4089,fatigue,cramps,bruising,obesity,swollen legs,swollen blood vessels,prominent veins on calf,none,none,none,none,none,none,none,none,none,none,Varicose veins
4333,constipation,pain during bowel movements,pain in anal region,bloody stool,irritation in anus,none,none,none,none,none,none,none,none,none,none,none,none,Dimorphic hemmorhoids(piles)
3563,skin rash,pus filled pimples,blackheads,scurring,none,none,none,none,none,none,none,none,none,none,none,none,none,Acne
83,vomiting,dehydration,diarrhoea,none,none,none,none,none,none,none,none,none,none,none,none,none,none,Gastroenteritis
2386,vomiting,fatigue,anxiety,headache,nausea,blurred and distorted vision,excessive hunger,drying and tingling lips,slurred speech,irritability,palpitations,none,none,none,none,none,none,Hypoglycemia
3986,fatigue,cough,high fever,breathlessness,family history,mucoid sputum,none,none,none,none,none,none,none,none,none,none,none,Bronchial Asthma
994,chills,joint pain,vomiting,fatigue,high fever,headache,nausea,loss of appetite,pain behind the eyes,back pain,malaise,muscle pain,red spots over body,none,none,none,none,Dengue
3408,vomiting,indigestion,loss of appetite,abdominal pain,passage of gases,internal itching,none,none,none,none,none,none,none,none,none,none,none,Peptic ulcer diseae
2124,fatigue,weight loss,lethargy,irregular sugar level,blurred and distorted vision,obesity,excessive hunger,increased appetite,polyuria,none,none,none,none,none,none,none,none,Diabetes
1523,vomiting,sweating,chest pain,none,none,none,none,none,none,none,none,none,none,none,none,none,none,Heart attack
2834,vomiting,indigestion,loss of appetite,abdominal pain,passage of gases,internal itching,none,none,none,none,none,none,none,none,none,none,none,Peptic ulcer diseae
1410,chills,vomiting,fatigue,high fever,nausea,constipation,abdominal pain,diarrhoea,toxic look (typhos),belly pain,none,none,none,none,none,none,none,Typhoid
2443,skin rash,skin peeling,silver like dusting,small dents in nails,inflammatory nails,none,none,none,none,none,none,none,none,none,none,none,none,Psoriasis
2389,vomiting,fatigue,anxiety,sweating,headache,nausea,excessive hunger,drying and tingling lips,slurred speech,irritability,palpitations,none,none,none,none,none,none,Hypoglycemia
4201,joint pain,vomiting,yellowish skin,dark urine,nausea,loss of appetite,abdominal pain,diarrhoea,mild fever,yellowing of eyes,muscle pain,none,none,none,none,none,none,hepatitis A
3297,skin rash,chills,joint pain,vomiting,fatigue,high fever,headache,nausea,loss of appetite,pain behind the eyes,back pain,malaise,muscle pain,red spots over body,none,none,none,Dengue
2134,vomiting,sunken eyes,diarrhoea,none,none,none,none,none,none,none,none,none,none,none,none,none,none,Gastroenteritis
2919,vomiting,sunken eyes,dehydration,diarrhoea,none,none,none,none,none,none,none,none,none,none,none,none,none,Gastroenteritis
1559,fatigue,mood swings,weight loss,restlessness,sweating,diarrhoea,fast heart rate,muscle weakness,irritability,abnormal menstruation,none,none,none,none,none,none,none,Hyperthyroidism
1311,vomiting,sunken eyes,dehydration,diarrhoea,none,none,none,none,none,none,none,none,none,none,none,none,none,Gastroenteritis
4800,itching,vomiting,yellowish skin,nausea,loss of appetite,abdominal pain,yellowing of eyes,none,none,none,none,none,none,none,none,none,none,Chronic cholestasis
3910,chills,vomiting,high fever,sweating,headache,nausea,diarrhoea,muscle pain,none,none,none,none,none,none,none,none,none,Malaria
4205,joint pain,vomiting,fatigue,high fever,yellowish skin,dark urine,nausea,loss of appetite,abdominal pain,yellowing of eyes,acute liver failure,coma,stomach bleeding,none,none,none,none,Hepatitis E
2149,fatigue,high fever,breathlessness,family history,mucoid sputum,none,none,none,none,none,none,none,none,none,none,none,none,Bronchial Asthma
553,itching,fatigue,weight loss,high fever,yellowish skin,dark urine,abdominal pain,none,none,none,none,none,none,none,none,none,none,Jaundice
1070,chills,vomiting,fatigue,weight loss,cough,high fever,breathlessness,sweating,loss of appetite,mild fever,yellowing of eyes,swelled lymph nodes,malaise,phlegm,chest pain,blood in sputum,none,Tuberculosis
4526,itching,skin rash,fatigue,lethargy,high fever,headache,loss of appetite,mild fever,swelled lymph nodes,malaise,red spots over body,none,none,none,none,none,none,Chicken pox
1194,skin rash,pus filled pimples,scurring,none,none,none,none,none,none,none,none,none,none,none,none,none,none,Acne
591,chills,vomiting,fatigue,high fever,headache,constipation,abdominal pain,diarrhoea,toxic look (typhos),belly pain,none,none,none,none,none,none,none,Typhoid
390,skin rash,joint pain,skin peeling,silver like dusting,small dents in nails,inflammatory nails,none,none,none,none,none,none,none,none,none,none,none,Psoriasis
10,continuous sneezing,shivering,chills,watering from eyes,none,none,none,none,none,none,none,none,none,none,none,none,none,Allergy
3074,skin rash,high fever,blister,red sore around nose,yellow crust ooze,none,none,none,none,none,none,none,none,none,none,none,none,Impetigo
376,skin rash,pus filled pimples,blackheads,scurring,none,none,none,none,none,none,none,none,none,none,none,none,none,Acne
543,vomiting,weakness of one body side,altered sensorium,none,none,none,none,none,none,none,none,none,none,none,none,none,none,Paralysis (brain hemorrhage)
4091,fatigue,mood swings,weight loss,restlessness,sweating,diarrhoea,fast heart rate,excessive hunger,muscle weakness,irritability,abnormal menstruation,none,none,none,none,none,none,Hyperthyroidism
2955,itching,vomiting,yellowish skin,nausea,loss of appetite,abdominal pain,yellowing of eyes,none,none,none,none,none,none,none,none,none,none,Chronic cholestasis
3258,joint pain,vomiting,yellowish skin,dark urine,nausea,loss of appetite,abdominal pain,diarrhoea,mild fever,yellowing of eyes,muscle pain,none,none,none,none,none,none,hepatitis A
2557,chills,vomiting,high fever,sweating,headache,nausea,diarrhoea,muscle pain,none,none,none,none,none,none,none,none,none,Malaria
912,fatigue,high fever,breathlessness,family history,mucoid sputum,none,none,none,none,none,none,none,none,none,none,none,none,Bronchial Asthma
833,continuous sneezing,shivering,watering from eyes,none,none,none,none,none,none,none,none,none,none,none,none,none,none,Allergy
1827,chills,vomiting,fatigue,high fever,headache,nausea,constipation,abdominal pain,diarrhoea,toxic look (typhos),belly pain,none,none,none,none,none,none,Typhoid
1431,itching,fatigue,lethargy,yellowish skin,dark urine,loss of appetite,abdominal pain,yellow urine,yellowing of eyes,malaise,receiving blood transfusion,receiving unsterile injections,none,none,none,none,none,Hepatitis B
1008,chills,vomiting,fatigue,high fever,headache,nausea,constipation,abdominal pain,diarrhoea,toxic look (typhos),belly pain,none,none,none,none,none,none,Typhoid
976,chills,vomiting,high fever,headache,nausea,diarrhoea,muscle pain,none,none,none,none,none,none,none,none,none,none,Malaria
3352,fatigue,weight gain,cold hands and feets,mood swings,lethargy,dizziness,puffy face and eyes,enlarged thyroid,brittle nails,swollen extremeties,depression,irritability,abnormal menstruation,none,none,none,none,Hypothyroidism
3971,muscle weakness,stiff neck,swelling joints,movement stiffness,painful walking,none,none,none,none,none,none,none,none,none,none,none,none,Arthritis
2318,continuous sneezing,chills,fatigue,cough,high fever,headache,malaise,phlegm,throat irritation,redness of eyes,sinus pressure,runny nose,congestion,chest pain,loss of smell,muscle pain,none,Common Cold
2142,fatigue,high fever,breathlessness,family history,mucoid sputum,none,none,none,none,none,none,none,none,none,none,none,none,Bronchial Asthma
2908,burning micturition,bladder discomfort,foul smell of urine,continuous feel of urine,none,none,none,none,none,none,none,none,none,none,none,none,none,Urinary tract infection
242,yellowish skin,abdominal pain,swelling of stomach,distention of abdomen,history of alcohol consumption,fluid overload,none,none,none,none,none,none,none,none,none,none,none,Alcoholic hepatitis
2671,muscle wasting,patches in throat,high fever,extra marital contacts,none,none,none,none,none,none,none,none,none,none,none,none,none,AIDS
1806,itching,skin rash,fatigue,lethargy,high fever,loss of appetite,mild fever,swelled lymph nodes,malaise,red spots over body,none,none,none,none,none,none,none,Chicken pox
497,sunken eyes,dehydration,diarrhoea,none,none,none,none,none,none,none,none,none,none,none,none,none,none,Gastroenteritis
282,constipation,pain during bowel movements,pain in anal region,bloody stool,irritation in anus,none,none,none,none,none,none,none,none,none,none,none,none,Dimorphic hemmorhoids(piles)
3636,constipation,pain during bowel movements,pain in anal region,bloody stool,irritation in anus,none,none,none,none,none,none,none,none,none,none,none,none,Dimorphic hemmorhoids(piles)
3968,fatigue,mood swings,weight loss,restlessness,sweating,diarrhoea,fast heart rate,excessive hunger,muscle weakness,irritability,abnormal menstruation,none,none,none,none,none,none,Hyperthyroidism
4684,headache,chest pain,dizziness,loss of balance,lack of concentration,none,none,none,none,none,none,none,none,none,none,none,none,Hypertension
3585,chills,vomiting,fatigue,high fever,headache,nausea,constipation,abdominal pain,diarrhoea,toxic look (typhos),belly pain,none,none,none,none,none,none,Typhoid
496,vomiting,sunken eyes,dehydration,diarrhoea,none,none,none,none,none,none,none,none,none,none,none,none,none,Gastroenteritis
2745,skin rash,joint pain,skin peeling,silver like dusting,small dents in nails,inflammatory nails,none,none,none,none,none,none,none,none,none,none,none,Psoriasis
169,itching,skin rash,fatigue,lethargy,high fever,headache,loss of appetite,mild fever,malaise,red spots over body,none,none,none,none,none,none,none,Chicken pox
1797,chills,vomiting,high fever,sweating,nausea,diarrhoea,muscle pain,none,none,none,none,none,none,none,none,none,none,Malaria
2874,itching,skin rash,stomach pain,burning micturition,spotting  urination,none,none,none,none,none,none,none,none,none,none,none,none,Drug Reaction
1078,chills,vomiting,fatigue,weight loss,cough,high fever,sweating,loss of appetite,mild fever,yellowing of eyes,swelled lymph nodes,malaise,phlegm,chest pain,blood in sputum,none,none,Tuberculosis
2691,continuous sneezing,chills,fatigue,cough,high fever,headache,swelled lymph nodes,malaise,phlegm,throat irritation,redness of eyes,sinus pressure,runny nose,congestion,chest pain,loss of smell,muscle pain,Common Cold
2091,itching,stomach pain,burning micturition,spotting  urination,none,none,none,none,none,none,none,none,none,none,none,none,none,Drug Reaction
4805,vomiting,sunken eyes,dehydration,diarrhoea,none,none,none,none,none,none,none,none,none,none,none,none,none,Gastroenteritis
1453,joint pain,vomiting,yellowish skin,dark urine,nausea,loss of appetite,abdominal pain,yellowing of eyes,none,none,none,none,none,none,none,none,none,Hepatitis D
3937,continuous sneezing,shivering,chills,watering from eyes,none,none,none,none,none,none,none,none,none,none,none,none,none,Allergy
2867,burning micturition,bladder discomfort,foul smell of urine,continuous feel of urine,none,none,none,none,none,none,none,none,none,none,none,none,none,Urinary tract infection
2995,stomach pain,acidity,ulcers on tongue,vomiting,cough,chest pain,none,none,none,none,none,none,none,none,none,none,none,GERD
3106,fatigue,weight gain,cold hands and feets,mood swings,lethargy,dizziness,puffy face and eyes,enlarged thyroid,brittle nails,swollen extremeties,depression,irritability,abnormal menstruation,none,none,none,none,Hypothyroidism
1642,itching,nodal skin eruptions,dischromic  patches,none,none,none,none,none,none,none,none,none,none,none,none,none,none,Fungal infection
4776,itching,fatigue,lethargy,yellowish skin,dark urine,loss of appetite,abdominal pain,yellow urine,yellowing of eyes,malaise,receiving blood transfusion,receiving unsterile injections,none,none,none,none,none,Hepatitis B
4605,vomiting,headache,weakness of one body side,altered sensorium,none,none,none,none,none,none,none,none,none,none,none,none,none,Paralysis (brain hemorrhage)
2160,acidity,indigestion,headache,blurred and distorted vision,excessive hunger,stiff neck,depression,irritability,visual disturbances,none,none,none,none,none,none,none,none,Migraine
3920,chills,vomiting,fatigue,weight loss,cough,high fever,breathlessness,sweating,loss of appetite,mild fever,yellowing of eyes,swelled lymph nodes,malaise,phlegm,chest pain,blood in sputum,none,Tuberculosis
3712,joint pain,vomiting,fatigue,yellowish skin,dark urine,nausea,loss of appetite,abdominal pain,yellowing of eyes,none,none,none,none,none,none,none,none,Hepatitis D
2594,acidity,indigestion,headache,blurred and distorted vision,excessive hunger,stiff neck,depression,irritability,visual disturbances,none,none,none,none,none,none,none,none,Migraine
4261,burning micturition,bladder discomfort,foul smell of urine,continuous feel of urine,none,none,none,none,none,none,none,none,none,none,none,none,none,Urinary tract infection
3494,fatigue,cough,high fever,breathlessness,family history,mucoid sputum,none,none,none,none,none,none,none,none,none,none,none,Bronchial Asthma
4257,joint pain,neck pain,knee pain,hip joint pain,swelling joints,painful walking,none,none,none,none,none,none,none,none,none,none,none,Osteoarthristis
1691,vomiting,indigestion,abdominal pain,passage of gases,internal itching,none,none,none,none,none,none,none,none,none,none,none,none,Peptic ulcer diseae
820,itching,skin rash,nodal skin eruptions,dischromic  patches,none,none,none,none,none,none,none,none,none,none,none,none,none,Fungal infection
153,vomiting,high fever,sweating,headache,nausea,diarrhoea,muscle pain,none,none,none,none,none,none,none,none,none,none,Malaria
386,burning micturition,bladder discomfort,foul smell of urine,continuous feel of urine,none,none,none,none,none,none,none,none,none,none,none,none,none,Urinary tract infection
2409,muscle weakness,stiff neck,swelling joints,movement stiffness,painful walking,none,none,none,none,none,none,none,none,none,none,none,none,Arthritis
3082,fatigue,weight loss,restlessness,lethargy,irregular sugar level,blurred and distorted vision,obesity,excessive hunger,increased appetite,polyuria,none,none,none,none,none,none,none,Diabetes
710,fatigue,cramps,bruising,obesity,swollen legs,swollen blood vessels,prominent veins on calf,none,none,none,none,none,none,none,none,none,none,Varicose veins
841,stomach pain,ulcers on tongue,vomiting,cough,chest pain,none,none,none,none,none,none,none,none,none,none,none,none,GERD
3366,itching,skin rash,stomach pain,burning micturition,spotting  urination,none,none,none,none,none,none,none,none,none,none,none,none,Drug Reaction
4219,skin rash,pus filled pimples,blackheads,scurring,none,none,none,none,none,none,none,none,none,none,none,none,none,Acne
2660,vomiting,headache,nausea,spinning movements,loss of balance,unsteadiness,none,none,none,none,none,none,none,none,none,none,none,(vertigo) Paroymsal  Positional Vertigo
1583,muscle weakness,swelling joints,movement stiffness,painful walking,none,none,none,none,none,none,none,none,none,none,none,none,none,Arthritis
1646,itching,nodal skin eruptions,dischromic  patches,none,none,none,none,none,none,none,none,none,none,none,none,none,none,Fungal infection
2925,itching,vomiting,fatigue,weight loss,high fever,yellowish skin,dark urine,abdominal pain,none,none,none,none,none,none,none,none,none,Jaundice
1011,joint pain,vomiting,yellowish skin,dark urine,nausea,loss of appetite,abdominal pain,diarrhoea,mild fever,yellowing of eyes,muscle pain,none,none,none,none,none,none,hepatitis A
2211,skin rash,fatigue,lethargy,high fever,headache,loss of appetite,mild fever,swelled lymph nodes,malaise,red spots over body,none,none,none,none,none,none,none,Chicken pox
1385,chills,vomiting,sweating,headache,nausea,diarrhoea,muscle pain,none,none,none,none,none,none,none,none,none,none,Malaria
2959,fatigue,weight loss,restlessness,lethargy,irregular sugar level,blurred and distorted vision,obesity,excessive hunger,increased appetite,polyuria,none,none,none,none,none,none,none,Diabetes
2988,vomiting,headache,nausea,spinning movements,loss of balance,unsteadiness,none,none,none,none,none,none,none,none,none,none,none,(vertigo) Paroymsal  Positional Vertigo
1229,skin rash,blister,red sore around nose,yellow crust ooze,none,none,none,none,none,none,none,none,none,none,none,none,none,Impetigo
339,vomiting,fatigue,anxiety,sweating,headache,nausea,excessive hunger,drying and tingling lips,slurred speech,irritability,palpitations,none,none,none,none,none,none,Hypoglycemia
4888,fatigue,cough,high fever,breathlessness,family history,mucoid sputum,none,none,none,none,none,none,none,none,none,none,none,Bronchial Asthma
2693,constipation,pain during bowel movements,pain in anal region,bloody stool,irritation in anus,none,none,none,none,none,none,none,none,none,none,none,none,Dimorphic hemmorhoids(piles)
171,skin rash,chills,joint pain,vomiting,fatigue,high fever,headache,nausea,loss of appetite,pain behind the eyes,back pain,malaise,red spots over body,none,none,none,none,Dengue
597,chills,vomiting,fatigue,high fever,headache,nausea,constipation,abdominal pain,diarrhoea,toxic look (typhos),belly pain,none,none,none,none,none,none,Typhoid
2863,joint pain,neck pain,knee pain,hip joint pain,swelling joints,painful walking,none,none,none,none,none,none,none,none,none,none,none,Osteoarthristis
3034,itching,skin rash,nodal skin eruptions,dischromic  patches,none,none,none,none,none,none,none,none,none,none,none,none,none,Fungal infection
1858,fatigue,yellowish skin,nausea,loss of appetite,yellowing of eyes,family history,none,none,none,none,none,none,none,none,none,none,none,Hepatitis C
13,continuous sneezing,shivering,watering from eyes,none,none,none,none,none,none,none,none,none,none,none,none,none,none,Allergy
3105,fatigue,cramps,bruising,obesity,swollen legs,swollen blood vessels,prominent veins on calf,none,none,none,none,none,none,none,none,none,none,Varicose veins
1951,fatigue,weight gain,cold hands and feets,mood swings,lethargy,dizziness,puffy face and eyes,enlarged thyroid,brittle nails,swollen extremeties,depression,irritability,abnormal menstruation,none,none,none,none,Hypothyroidism
926,headache,chest pain,dizziness,loss of balance,lack of concentration,none,none,none,none,none,none,none,none,none,none,none,none,Hypertension
4661,constipation,pain during bowel movements,pain in anal region,bloody stool,irritation in anus,none,none,none,none,none,none,none,none,none,none,none,none,Dimorphic hemmorhoids(piles)
3071,skin rash,pus filled pimples,blackheads,scurring,none,none,none,none,none,none,none,none,none,none,none,none,none,Acne
4270,muscle wasting,patches in throat,high fever,extra marital contacts,none,none,none,none,none,none,none,none,none,none,none,none,none,AIDS
2848,joint pain,vomiting,yellowish skin,dark urine,nausea,loss of appetite,abdominal pain,diarrhoea,mild fever,yellowing of eyes,muscle pain,none,none,none,none,none,none,hepatitis A
2794,muscle wasting,patches in throat,high fever,extra marital contacts,none,none,none,none,none,none,none,none,none,none,none,none,none,AIDS
3117,continuous sneezing,shivering,chills,watering from eyes,none,none,none,none,none,none,none,none,none,none,none,none,none,Allergy
251,chills,vomiting,fatigue,weight loss,cough,high fever,breathlessness,sweating,loss of appetite,mild fever,yellowing of eyes,swelled lymph nodes,malaise,phlegm,chest pain,blood in sputum,none,Tuberculosis
1658,continuous sneezing,shivering,chills,none,none,none,none,none,none,none,none,none,none,none,none,none,none,Allergy
4621,vomiting,breathlessness,sweating,chest pain,none,none,none,none,none,none,none,none,none,none,none,none,none,Heart attack
1934,vomiting,breathlessness,chest pain,none,none,none,none,none,none,none,none,none,none,none,none,none,none,Heart attack
457,itching,skin rash,burning micturition,spotting  urination,none,none,none,none,none,none,none,none,none,none,none,none,none,Drug Reaction
1193,skin rash,blackheads,scurring,none,none,none,none,none,none,none,none,none,none,none,none,none,none,Acne
2987,muscle weakness,stiff neck,swelling joints,movement stiffness,painful walking,none,none,none,none,none,none,none,none,none,none,none,none,Arthritis
30,itching,vomiting,yellowish skin,nausea,loss of appetite,abdominal pain,yellowing of eyes,none,none,none,none,none,none,none,none,none,none,Chronic cholestasis
2806,chills,vomiting,fatigue,high fever,headache,nausea,constipation,abdominal pain,diarrhoea,toxic look (typhos),belly pain,none,none,none,none,none,none,Typhoid
1481,chills,vomiting,fatigue,weight loss,cough,high fever,breathlessness,sweating,loss of appetite,mild fever,yellowing of eyes,swelled lymph nodes,malaise,phlegm,chest pain,blood in sputum,none,Tuberculosis
502,fatigue,high fever,breathlessness,family history,mucoid sputum,none,none,none,none,none,none,none,none,none,none,none,none,Bronchial Asthma
269,continuous sneezing,chills,fatigue,cough,high fever,headache,swelled lymph nodes,phlegm,throat irritation,redness of eyes,sinus pressure,runny nose,congestion,chest pain,loss of smell,muscle pain,none,Common Cold
1895,chills,vomiting,fatigue,cough,high fever,breathlessness,sweating,loss of appetite,mild fever,yellowing of eyes,swelled lymph nodes,malaise,phlegm,chest pain,blood in sputum,none,none,Tuberculosis
828,itching,skin rash,nodal skin eruptions,none,none,none,none,none,none,none,none,none,none,none,none,none,none,Fungal infection
1100,constipation,pain during bowel movements,pain in anal region,bloody stool,irritation in anus,none,none,none,none,none,none,none,none,none,none,none,none,Dimorphic hemmorhoids(piles)
2423,skin rash,blackheads,scurring,none,none,none,none,none,none,none,none,none,none,none,none,none,none,Acne
1397,itching,skin rash,fatigue,lethargy,high fever,headache,mild fever,swelled lymph nodes,malaise,red spots over body,none,none,none,none,none,none,none,Chicken pox
2897,chills,fatigue,cough,high fever,breathlessness,sweating,malaise,phlegm,chest pain,fast heart rate,rusty sputum,none,none,none,none,none,none,Pneumonia
4193,acidity,indigestion,headache,blurred and distorted vision,excessive hunger,stiff neck,depression,irritability,visual disturbances,none,none,none,none,none,none,none,none,Migraine
2573,fatigue,weight gain,cold hands and feets,mood swings,lethargy,dizziness,puffy face and eyes,enlarged thyroid,brittle nails,swollen extremeties,depression,irritability,abnormal menstruation,none,none,none,none,Hypothyroidism
624,fatigue,yellowish skin,loss of appetite,yellowing of eyes,family history,none,none,none,none,none,none,none,none,none,none,none,none,Hepatitis C
1314,vomiting,sunken eyes,diarrhoea,none,none,none,none,none,none,none,none,none,none,none,none,none,none,Gastroenteritis
1510,constipation,pain during bowel movements,pain in anal region,bloody stool,irritation in anus,none,none,none,none,none,none,none,none,none,none,none,none,Dimorphic hemmorhoids(piles)
4771,chills,vomiting,high fever,sweating,headache,nausea,diarrhoea,muscle pain,none,none,none,none,none,none,none,none,none,Malaria
1153,fatigue,anxiety,sweating,headache,nausea,blurred and distorted vision,excessive hunger,drying and tingling lips,slurred speech,irritability,palpitations,none,none,none,none,none,none,Hypoglycemia
2609,continuous sneezing,chills,fatigue,cough,high fever,headache,swelled lymph nodes,malaise,phlegm,throat irritation,redness of eyes,sinus pressure,runny nose,congestion,chest pain,loss of smell,muscle pain,Common Cold
4429,continuous sneezing,shivering,chills,watering from eyes,none,none,none,none,none,none,none,none,none,none,none,none,none,Allergy
3761,fatigue,cramps,bruising,obesity,swollen legs,swollen blood vessels,prominent veins on calf,none,none,none,none,none,none,none,none,none,none,Varicose veins
4471,stomach pain,acidity,ulcers on tongue,vomiting,cough,chest pain,none,none,none,none,none,none,none,none,none,none,none,GERD
2131,vomiting,sunken eyes,dehydration,diarrhoea,none,none,none,none,none,none,none,none,none,none,none,none,none,Gastroenteritis
3123,fatigue,weight loss,restlessness,lethargy,irregular sugar level,blurred and distorted vision,obesity,excessive hunger,increased appetite,polyuria,none,none,none,none,none,none,none,Diabetes
4520,headache,chest pain,dizziness,loss of balance,lack of concentration,none,none,none,none,none,none,none,none,none,none,none,none,Hypertension
4176,muscle weakness,stiff neck,swelling joints,movement stiffness,painful walking,none,none,none,none,none,none,none,none,none,none,none,none,Arthritis
3918,joint pain,vomiting,fatigue,high fever,yellowish skin,dark urine,nausea,loss of appetite,abdominal pain,yellowing of eyes,acute liver failure,coma,stomach bleeding,none,none,none,none,Hepatitis E
4414,chills,fatigue,cough,high fever,breathlessness,sweating,malaise,phlegm,chest pain,fast heart rate,rusty sputum,none,none,none,none,none,none,Pneumonia
2209,chills,vomiting,high fever,sweating,headache,nausea,muscle pain,none,none,none,none,none,none,none,none,none,none,Malaria
2320,chills,fatigue,cough,high fever,breathlessness,sweating,malaise,chest pain,fast heart rate,rusty sputum,none,none,none,none,none,none,none,Pneumonia
3459,chills,vomiting,high fever,sweating,headache,nausea,diarrhoea,muscle pain,none,none,none,none,none,none,none,none,none,Malaria
3060,continuous sneezing,chills,fatigue,cough,high fever,headache,swelled lymph nodes,malaise,phlegm,throat irritation,redness of eyes,sinus pressure,runny nose,congestion,chest pain,loss of smell,muscle pain,Common Cold
3914,joint pain,vomiting,yellowish skin,dark urine,nausea,loss of appetite,abdominal pain,diarrhoea,mild fever,yellowing of eyes,muscle pain,none,none,none,none,none,none,hepatitis A
1574,joint pain,neck pain,hip joint pain,swelling joints,painful walking,none,none,none,none,none,none,none,none,none,none,none,none,Osteoarthristis
33,itching,vomiting,nausea,loss of appetite,abdominal pain,yellowing of eyes,none,none,none,none,none,none,none,none,none,none,none,Chronic cholestasis
429,continuous sneezing,shivering,chills,watering from eyes,none,none,none,none,none,none,none,none,none,none,none,none,none,Allergy
3656,fatigue,weight loss,restlessness,lethargy,irregular sugar level,blurred and distorted vision,obesity,excessive hunger,increased appetite,polyuria,none,none,none,none,none,none,none,Diabetes
3695,vomiting,indigestion,loss of appetite,abdominal pain,passage of gases,internal itching,none,none,none,none,none,none,none,none,none,none,none,Peptic ulcer diseae
1581,muscle weakness,stiff neck,swelling joints,movement stiffness,painful walking,none,none,none,none,none,none,none,none,none,none,none,none,Arthritis
4368,joint pain,vomiting,fatigue,yellowish skin,dark urine,nausea,loss of appetite,abdominal pain,yellowing of eyes,none,none,none,none,none,none,none,none,Hepatitis D
3278,skin rash,joint pain,skin peeling,silver like dusting,small dents in nails,inflammatory nails,none,none,none,none,none,none,none,none,none,none,none,Psoriasis
2773,continuous sneezing,chills,fatigue,cough,high fever,headache,swelled lymph nodes,malaise,phlegm,throat irritation,redness of eyes,sinus pressure,runny nose,congestion,chest pain,loss of smell,muscle pain,Common Cold
1090,chills,fatigue,cough,high fever,breathlessness,sweating,malaise,chest pain,fast heart rate,rusty sputum,none,none,none,none,none,none,none,Pneumonia
942,weakness in limbs,neck pain,dizziness,loss of balance,none,none,none,none,none,none,none,none,none,none,none,none,none,Cervical spondylosis
906,vomiting,sunken eyes,dehydration,diarrhoea,none,none,none,none,none,none,none,none,none,none,none,none,none,Gastroenteritis
3207,fatigue,cough,high fever,breathlessness,family history,mucoid sputum,none,none,none,none,none,none,none,none,none,none,none,Bronchial Asthma
3798,continuous sneezing,chills,fatigue,cough,high fever,headache,swelled lymph nodes,malaise,phlegm,throat irritation,redness of eyes,sinus pressure,runny nose,congestion,chest pain,loss of smell,muscle pain,Common Cold
4713,skin rash,joint pain,skin peeling,silver like dusting,small dents in nails,inflammatory nails,none,none,none,none,none,none,none,none,none,none,none,Psoriasis
4531,fatigue,yellowish skin,nausea,loss of appetite,yellowing of eyes,family history,none,none,none,none,none,none,none,none,none,none,none,Hepatitis C
3409,muscle wasting,patches in throat,high fever,extra marital contacts,none,none,none,none,none,none,none,none,none,none,none,none,none,AIDS
2937,continuous sneezing,chills,fatigue,cough,high fever,headache,swelled lymph nodes,malaise,phlegm,throat irritation,redness of eyes,sinus pressure,runny nose,congestion,chest pain,loss of smell,muscle pain,Common Cold
2665,itching,skin rash,nodal skin eruptions,dischromic  patches,none,none,none,none,none,none,none,none,none,none,none,none,none,Fungal infection
2250,itching,fatigue,lethargy,yellowish skin,dark urine,loss of appetite,abdominal pain,yellow urine,yellowing of eyes,malaise,receiving blood transfusion,receiving unsterile injections,none,none,none,none,none,Hepatitis B
3320,skin rash,high fever,blister,red sore around nose,yellow crust ooze,none,none,none,none,none,none,none,none,none,none,none,none,Impetigo
1307,fatigue,weight loss,restlessness,lethargy,irregular sugar level,obesity,excessive hunger,increased appetite,polyuria,none,none,none,none,none,none,none,none,Diabetes
625,fatigue,yellowish skin,nausea,yellowing of eyes,family history,none,none,none,none,none,none,none,none,none,none,none,none,Hepatitis C
4794,burning micturition,bladder discomfort,foul smell of urine,continuous feel of urine,none,none,none,none,none,none,none,none,none,none,none,none,none,Urinary tract infection
1973,fatigue,anxiety,sweating,headache,nausea,blurred and distorted vision,excessive hunger,drying and tingling lips,slurred speech,irritability,palpitations,none,none,none,none,none,none,Hypoglycemia
1508,chills,fatigue,cough,high fever,breathlessness,malaise,phlegm,chest pain,fast heart rate,rusty sputum,none,none,none,none,none,none,none,Pneumonia
3435,fatigue,mood swings,weight loss,restlessness,sweating,diarrhoea,fast heart rate,excessive hunger,muscle weakness,irritability,abnormal menstruation,none,none,none,none,none,none,Hyperthyroidism
1798,chills,vomiting,high fever,sweating,headache,diarrhoea,muscle pain,none,none,none,none,none,none,none,none,none,none,Malaria
4718,itching,vomiting,yellowish skin,nausea,loss of appetite,abdominal pain,yellowing of eyes,none,none,none,none,none,none,none,none,none,none,Chronic cholestasis
4013,vomiting,headache,nausea,spinning movements,loss of balance,unsteadiness,none,none,none,none,none,none,none,none,none,none,none,(vertigo) Paroymsal  Positional Vertigo
2275,joint pain,vomiting,fatigue,yellowish skin,nausea,loss of appetite,abdominal pain,yellowing of eyes,none,none,none,none,none,none,none,none,none,Hepatitis D
1458,joint pain,vomiting,fatigue,yellowish skin,dark urine,nausea,loss of appetite,yellowing of eyes,none,none,none,none,none,none,none,none,none,Hepatitis D
4870,fatigue,mood swings,weight loss,restlessness,sweating,diarrhoea,fast heart rate,excessive hunger,muscle weakness,irritability,abnormal menstruation,none,none,none,none,none,none,Hyperthyroidism
4454,continuous sneezing,chills,fatigue,cough,high fever,headache,swelled lymph nodes,malaise,phlegm,throat irritation,redness of eyes,sinus pressure,runny nose,congestion,chest pain,loss of smell,muscle pain,Common Cold
1936,vomiting,breathlessness,sweating,chest pain,none,none,none,none,none,none,none,none,none,none,none,none,none,Heart attack
972,chills,vomiting,high fever,sweating,headache,nausea,diarrhoea,muscle pain,none,none,none,none,none,none,none,none,none,Malaria
1750,acidity,indigestion,headache,blurred and distorted vision,excessive hunger,stiff neck,depression,irritability,visual disturbances,none,none,none,none,none,none,none,none,Migraine
3617,fatigue,cough,high fever,breathlessness,family history,mucoid sputum,none,none,none,none,none,none,none,none,none,none,none,Bronchial Asthma
3177,itching,fatigue,lethargy,yellowish skin,dark urine,loss of appetite,abdominal pain,yellow urine,yellowing of eyes,malaise,receiving blood transfusion,receiving unsterile injections,none,none,none,none,none,Hepatitis B
1102,constipation,pain during bowel movements,pain in anal region,bloody stool,irritation in anus,none,none,none,none,none,none,none,none,none,none,none,none,Dimorphic hemmorhoids(piles)
4779,joint pain,vomiting,fatigue,high fever,yellowish skin,dark urine,nausea,loss of appetite,abdominal pain,yellowing of eyes,acute liver failure,coma,stomach bleeding,none,none,none,none,Hepatitis E
1659,continuous sneezing,shivering,chills,watering from eyes,none,none,none,none,none,none,none,none,none,none,none,none,none,Allergy
2461,continuous sneezing,shivering,chills,watering from eyes,none,none,none,none,none,none,none,none,none,none,none,none,none,Allergy
4252,vomiting,breathlessness,sweating,chest pain,none,none,none,none,none,none,none,none,none,none,none,none,none,Heart attack
512,headache,dizziness,loss of balance,lack of concentration,none,none,none,none,none,none,none,none,none,none,none,none,none,Hypertension
2694,vomiting,breathlessness,sweating,chest pain,none,none,none,none,none,none,none,none,none,none,none,none,none,Heart attack
1278,itching,skin rash,stomach pain,spotting  urination,none,none,none,none,none,none,none,none,none,none,none,none,none,Drug Reaction
215,fatigue,yellowish skin,nausea,yellowing of eyes,family history,none,none,none,none,none,none,none,none,none,none,none,none,Hepatitis C
3527,continuous sneezing,shivering,chills,watering from eyes,none,none,none,none,none,none,none,none,none,none,none,none,none,Allergy
4078,joint pain,vomiting,yellowish skin,dark urine,nausea,loss of appetite,abdominal pain,diarrhoea,mild fever,yellowing of eyes,muscle pain,none,none,none,none,none,none,hepatitis A
1755,acidity,indigestion,headache,blurred and distorted vision,stiff neck,depression,irritability,visual disturbances,none,none,none,none,none,none,none,none,none,Migraine
3384,joint pain,vomiting,fatigue,yellowish skin,dark urine,nausea,loss of appetite,abdominal pain,yellowing of eyes,none,none,none,none,none,none,none,none,Hepatitis D
4101,continuous sneezing,shivering,chills,watering from eyes,none,none,none,none,none,none,none,none,none,none,none,none,none,Allergy
2871,continuous sneezing,shivering,chills,watering from eyes,none,none,none,none,none,none,none,none,none,none,none,none,none,Allergy
1206,burning micturition,bladder discomfort,foul smell of urine,continuous feel of urine,none,none,none,none,none,none,none,none,none,none,none,none,none,Urinary tract infection
3674,chills,vomiting,fatigue,weight loss,cough,high fever,breathlessness,sweating,loss of appetite,mild fever,yellowing of eyes,swelled lymph nodes,malaise,phlegm,chest pain,blood in sputum,none,Tuberculosis
4379,vomiting,fatigue,anxiety,sweating,headache,nausea,blurred and distorted vision,excessive hunger,drying and tingling lips,slurred speech,irritability,palpitations,none,none,none,none,none,Hypoglycemia
620,fatigue,yellowish skin,nausea,loss of appetite,family history,none,none,none,none,none,none,none,none,none,none,none,none,Hepatitis C
500,fatigue,cough,high fever,breathlessness,family history,mucoid sputum,none,none,none,none,none,none,none,none,none,none,none,Bronchial Asthma
1283,vomiting,loss of appetite,abdominal pain,passage of gases,internal itching,none,none,none,none,none,none,none,none,none,none,none,none,Peptic ulcer diseae
2197,itching,vomiting,fatigue,weight loss,high fever,dark urine,abdominal pain,none,none,none,none,none,none,none,none,none,none,Jaundice
607,joint pain,vomiting,yellowish skin,dark urine,nausea,abdominal pain,diarrhoea,mild fever,yellowing of eyes,muscle pain,none,none,none,none,none,none,none,hepatitis A
1871,joint pain,vomiting,fatigue,high fever,yellowish skin,dark urine,nausea,loss of appetite,abdominal pain,yellowing of eyes,acute liver failure,coma,stomach bleeding,none,none,none,none,Hepatitis E
2881,acidity,indigestion,headache,blurred and distorted vision,excessive hunger,stiff neck,depression,irritability,visual disturbances,none,none,none,none,none,none,none,none,Migraine
3541,chills,vomiting,high fever,sweating,headache,nausea,diarrhoea,muscle pain,none,none,none,none,none,none,none,none,none,Malaria
1598,vomiting,headache,nausea,spinning movements,loss of balance,unsteadiness,none,none,none,none,none,none,none,none,none,none,none,(vertigo) Paroymsal  Positional Vertigo
2624,itching,skin rash,nodal skin eruptions,dischromic  patches,none,none,none,none,none,none,none,none,none,none,none,none,none,Fungal infection
2610,chills,fatigue,cough,high fever,breathlessness,sweating,malaise,phlegm,chest pain,fast heart rate,rusty sputum,none,none,none,none,none,none,Pneumonia
4293,vomiting,breathlessness,sweating,chest pain,none,none,none,none,none,none,none,none,none,none,none,none,none,Heart attack
4090,fatigue,weight gain,cold hands and feets,mood swings,lethargy,dizziness,puffy face and eyes,enlarged thyroid,brittle nails,swollen extremeties,depression,irritability,abnormal menstruation,none,none,none,none,Hypothyroidism
4469,itching,skin rash,nodal skin eruptions,dischromic  patches,none,none,none,none,none,none,none,none,none,none,none,none,none,Fungal infection
1096,chills,fatigue,cough,breathlessness,sweating,malaise,phlegm,chest pain,fast heart rate,rusty sputum,none,none,none,none,none,none,none,Pneumonia
3614,muscle wasting,patches in throat,high fever,extra marital contacts,none,none,none,none,none,none,none,none,none,none,none,none,none,AIDS
2146,fatigue,cough,high fever,breathlessness,family history,none,none,none,none,none,none,none,none,none,none,none,none,Bronchial Asthma
4173,fatigue,mood swings,weight loss,restlessness,sweating,diarrhoea,fast heart rate,excessive hunger,muscle weakness,irritability,abnormal menstruation,none,none,none,none,none,none,Hyperthyroidism
2845,itching,skin rash,fatigue,lethargy,high fever,headache,loss of appetite,mild fever,swelled lymph nodes,malaise,red spots over body,none,none,none,none,none,none,Chicken pox
1861,vomiting,fatigue,yellowish skin,dark urine,nausea,loss of appetite,abdominal pain,yellowing of eyes,none,none,none,none,none,none,none,none,none,Hepatitis D
1623,skin rash,skin peeling,silver like dusting,small dents in nails,inflammatory nails,none,none,none,none,none,none,none,none,none,none,none,none,Psoriasis
1603,skin rash,blackheads,scurring,none,none,none,none,none,none,none,none,none,none,none,none,none,none,Acne
3980,itching,vomiting,yellowish skin,nausea,loss of appetite,abdominal pain,yellowing of eyes,none,none,none,none,none,none,none,none,none,none,Chronic cholestasis
4610,chills,vomiting,fatigue,high fever,headache,nausea,constipation,abdominal pain,diarrhoea,toxic look (typhos),belly pain,none,none,none,none,none,none,Typhoid
3690,itching,skin rash,nodal skin eruptions,dischromic  patches,none,none,none,none,none,none,none,none,none,none,none,none,none,Fungal infection
2433,burning micturition,foul smell of urine,continuous feel of urine,none,none,none,none,none,none,none,none,none,none,none,none,none,none,Urinary tract infection
3279,skin rash,high fever,blister,red sore around nose,yellow crust ooze,none,none,none,none,none,none,none,none,none,none,none,none,Impetigo
2055,skin rash,nodal skin eruptions,dischromic  patches,none,none,none,none,none,none,none,none,none,none,none,none,none,none,Fungal infection
1784,itching,vomiting,weight loss,high fever,yellowish skin,dark urine,abdominal pain,none,none,none,none,none,none,none,none,none,none,Jaundice
4797,itching,skin rash,nodal skin eruptions,dischromic  patches,none,none,none,none,none,none,none,none,none,none,none,none,none,Fungal infection
1181,vomiting,headache,nausea,spinning movements,loss of balance,unsteadiness,none,none,none,none,none,none,none,none,none,none,none,(vertigo) Paroymsal  Positional Vertigo
3244,vomiting,indigestion,loss of appetite,abdominal pain,passage of gases,internal itching,none,none,none,none,none,none,none,none,none,none,none,Peptic ulcer diseae
4213,fatigue,weight gain,cold hands and feets,mood swings,lethargy,dizziness,puffy face and eyes,enlarged thyroid,brittle nails,swollen extremeties,depression,irritability,abnormal menstruation,none,none,none,none,Hypothyroidism
4869,fatigue,weight gain,cold hands and feets,mood swings,lethargy,dizziness,puffy face and eyes,enlarged thyroid,brittle nails,swollen extremeties,depression,irritability,abnormal menstruation,none,none,none,none,Hypothyroidism
3658,fatigue,cough,high fever,breathlessness,family history,mucoid sputum,none,none,none,none,none,none,none,none,none,none,none,Bronchial Asthma
2805,skin rash,chills,joint pain,vomiting,fatigue,high fever,headache,nausea,loss of appetite,pain behind the eyes,back pain,malaise,muscle pain,red spots over body,none,none,none,Dengue
2429,skin rash,blackheads,scurring,none,none,none,none,none,none,none,none,none,none,none,none,none,none,Acne
1361,vomiting,headache,weakness of one body side,altered sensorium,none,none,none,none,none,none,none,none,none,none,none,none,none,Paralysis (brain hemorrhage)
3604,skin rash,pus filled pimples,blackheads,scurring,none,none,none,none,none,none,none,none,none,none,none,none,none,Acne
1525,vomiting,breathlessness,sweating,none,none,none,none,none,none,none,none,none,none,none,none,none,none,Heart attack
1689,itching,skin rash,stomach pain,burning micturition,none,none,none,none,none,none,none,none,none,none,none,none,none,Drug Reaction
4571,itching,fatigue,lethargy,yellowish skin,dark urine,loss of appetite,abdominal pain,yellow urine,yellowing of eyes,malaise,receiving blood transfusion,receiving unsterile injections,none,none,none,none,none,Hepatitis B
4726,acidity,indigestion,headache,blurred and distorted vision,excessive hunger,stiff neck,depression,irritability,visual disturbances,none,none,none,none,none,none,none,none,Migraine
3542,itching,skin rash,fatigue,lethargy,high fever,headache,loss of appetite,mild fever,swelled lymph nodes,malaise,red spots over body,none,none,none,none,none,none,Chicken pox
1365,vomiting,headache,weakness of one body side,none,none,none,none,none,none,none,none,none,none,none,none,none,none,Paralysis (brain hemorrhage)
4055,skin rash,pus filled pimples,blackheads,scurring,none,none,none,none,none,none,none,none,none,none,none,none,none,Acne
3446,stomach pain,acidity,ulcers on tongue,vomiting,cough,chest pain,none,none,none,none,none,none,none,none,none,none,none,GERD
3050,itching,skin rash,fatigue,lethargy,high fever,headache,loss of appetite,mild fever,swelled lymph nodes,malaise,red spots over body,none,none,none,none,none,none,Chicken pox
4738,joint pain,vomiting,fatigue,high fever,yellowish skin,dark urine,nausea,loss of appetite,abdominal pain,yellowing of eyes,acute liver failure,coma,stomach bleeding,none,none,none,none,Hepatitis E
3498,vomiting,headache,weakness of one body side,altered sensorium,none,none,none,none,none,none,none,none,none,none,none,none,none,Paralysis (brain hemorrhage)
2638,itching,vomiting,fatigue,weight loss,high fever,yellowish skin,dark urine,abdominal pain,none,none,none,none,none,none,none,none,none,Jaundice
3483,skin rash,joint pain,skin peeling,silver like dusting,small dents in nails,inflammatory nails,none,none,none,none,none,none,none,none,none,none,none,Psoriasis
4104,itching,skin rash,stomach pain,burning micturition,spotting  urination,none,none,none,none,none,none,none,none,none,none,none,none,Drug Reaction
2962,headache,chest pain,dizziness,loss of balance,lack of concentration,none,none,none,none,none,none,none,none,none,none,none,none,Hypertension
4761,vomiting,indigestion,loss of appetite,abdominal pain,passage of gases,internal itching,none,none,none,none,none,none,none,none,none,none,none,Peptic ulcer diseae
4651,chills,vomiting,fatigue,high fever,headache,nausea,constipation,abdominal pain,diarrhoea,toxic look (typhos),belly pain,none,none,none,none,none,none,Typhoid
689,chills,fatigue,cough,high fever,breathlessness,sweating,phlegm,chest pain,fast heart rate,rusty sputum,none,none,none,none,none,none,none,Pneumonia
952,headache,weakness of one body side,altered sensorium,none,none,none,none,none,none,none,none,none,none,none,none,none,none,Paralysis (brain hemorrhage)
2398,joint pain,neck pain,knee pain,hip joint pain,swelling joints,painful walking,none,none,none,none,none,none,none,none,none,none,none,Osteoarthristis
2368,fatigue,weight gain,cold hands and feets,mood swings,lethargy,puffy face and eyes,enlarged thyroid,brittle nails,swollen extremeties,depression,irritability,abnormal menstruation,none,none,none,none,none,Hypothyroidism
3178,fatigue,yellowish skin,nausea,loss of appetite,yellowing of eyes,family history,none,none,none,none,none,none,none,none,none,none,none,Hepatitis C
375,skin rash,pus filled pimples,blackheads,none,none,none,none,none,none,none,none,none,none,none,none,none,none,Acne
2778,fatigue,weight gain,cold hands and feets,mood swings,lethargy,dizziness,puffy face and eyes,enlarged thyroid,brittle nails,swollen extremeties,depression,irritability,abnormal menstruation,none,none,none,none,Hypothyroidism
210,fatigue,yellowish skin,nausea,loss of appetite,family history,none,none,none,none,none,none,none,none,none,none,none,none,Hepatitis C
3362,itching,skin rash,nodal skin eruptions,dischromic  patches,none,none,none,none,none,none,none,none,none,none,none,none,none,Fungal infection
4474,vomiting,indigestion,loss of appetite,abdominal pain,passage of gases,internal itching,none,none,none,none,none,none,none,none,none,none,none,Peptic ulcer diseae
1906,continuous sneezing,chills,fatigue,cough,headache,swelled lymph nodes,malaise,phlegm,throat irritation,redness of eyes,sinus pressure,runny nose,congestion,chest pain,loss of smell,muscle pain,none,Common Cold
3965,vomiting,breathlessness,sweating,chest pain,none,none,none,none,none,none,none,none,none,none,none,none,none,Heart attack
1770,vomiting,headache,weakness of one body side,altered sensorium,none,none,none,none,none,none,none,none,none,none,none,none,none,Paralysis (brain hemorrhage)
3566,skin rash,high fever,blister,red sore around nose,yellow crust ooze,none,none,none,none,none,none,none,none,none,none,none,none,Impetigo
4667,joint pain,neck pain,knee pain,hip joint pain,swelling joints,painful walking,none,none,none,none,none,none,none,none,none,none,none,Osteoarthristis
2295,vomiting,yellowish skin,abdominal pain,distention of abdomen,history of alcohol consumption,fluid overload,none,none,none,none,none,none,none,none,none,none,none,Alcoholic hepatitis
2048,skin rash,high fever,blister,red sore around nose,yellow crust ooze,none,none,none,none,none,none,none,none,none,none,none,none,Impetigo
3800,constipation,pain during bowel movements,pain in anal region,bloody stool,irritation in anus,none,none,none,none,none,none,none,none,none,none,none,none,Dimorphic hemmorhoids(piles)
1082,chills,fatigue,cough,high fever,headache,swelled lymph nodes,malaise,phlegm,throat irritation,redness of eyes,sinus pressure,runny nose,congestion,chest pain,loss of smell,muscle pain,none,Common Cold
1330,headache,chest pain,dizziness,loss of balance,lack of concentration,none,none,none,none,none,none,none,none,none,none,none,none,Hypertension
4710,vomiting,headache,nausea,spinning movements,loss of balance,unsteadiness,none,none,none,none,none,none,none,none,none,none,none,(vertigo) Paroymsal  Positional Vertigo
2982,fatigue,cramps,bruising,obesity,swollen legs,swollen blood vessels,prominent veins on calf,none,none,none,none,none,none,none,none,none,none,Varicose veins
644,joint pain,fatigue,high fever,yellowish skin,dark urine,nausea,loss of appetite,abdominal pain,yellowing of eyes,acute liver failure,coma,stomach bleeding,none,none,none,none,none,Hepatitis E
2999,muscle wasting,patches in throat,high fever,extra marital contacts,none,none,none,none,none,none,none,none,none,none,none,none,none,AIDS
1521,vomiting,breathlessness,sweating,chest pain,none,none,none,none,none,none,none,none,none,none,none,none,none,Heart attack
4397,headache,chest pain,dizziness,loss of balance,lack of concentration,none,none,none,none,none,none,none,none,none,none,none,none,Hypertension
629,fatigue,yellowish skin,nausea,loss of appetite,yellowing of eyes,family history,none,none,none,none,none,none,none,none,none,none,none,Hepatitis C
944,back pain,weakness in limbs,dizziness,loss of balance,none,none,none,none,none,none,none,none,none,none,none,none,none,Cervical spondylosis
891,fatigue,weight loss,restlessness,lethargy,irregular sugar level,blurred and distorted vision,obesity,excessive hunger,increased appetite,polyuria,none,none,none,none,none,none,none,Diabetes
358,muscle weakness,stiff neck,swelling joints,movement stiffness,painful walking,none,none,none,none,none,none,none,none,none,none,none,none,Arthritis
2512,acidity,indigestion,headache,blurred and distorted vision,excessive hunger,stiff neck,depression,irritability,visual disturbances,none,none,none,none,none,none,none,none,Migraine
3826,vomiting,headache,weakness of one body side,altered sensorium,none,none,none,none,none,none,none,none,none,none,none,none,none,Paralysis (brain hemorrhage)
3710,itching,fatigue,lethargy,yellowish skin,dark urine,loss of appetite,abdominal pain,yellow urine,yellowing of eyes,malaise,receiving blood transfusion,receiving unsterile injections,none,none,none,none,none,Hepatitis B
4644,acidity,indigestion,headache,blurred and distorted vision,excessive hunger,stiff neck,depression,irritability,visual disturbances,none,none,none,none,none,none,none,none,Migraine
384,burning micturition,bladder discomfort,continuous feel of urine,none,none,none,none,none,none,none,none,none,none,none,none,none,none,Urinary tract infection
2402,stiff neck,swelling joints,movement stiffness,painful walking,none,none,none,none,none,none,none,none,none,none,none,none,none,Arthritis
4607,chills,vomiting,high fever,sweating,headache,nausea,diarrhoea,muscle pain,none,none,none,none,none,none,none,none,none,Malaria
96,fatigue,cough,high fever,breathlessness,family history,none,none,none,none,none,none,none,none,none,none,none,none,Bronchial Asthma
2447,skin rash,joint pain,skin peeling,silver like dusting,small dents in nails,none,none,none,none,none,none,none,none,none,none,none,none,Psoriasis
4639,muscle wasting,patches in throat,high fever,extra marital contacts,none,none,none,none,none,none,none,none,none,none,none,none,none,AIDS
601,joint pain,vomiting,yellowish skin,dark urine,nausea,loss of appetite,abdominal pain,diarrhoea,mild fever,yellowing of eyes,muscle pain,none,none,none,none,none,none,hepatitis A
1639,skin rash,blister,red sore around nose,yellow crust ooze,none,none,none,none,none,none,none,none,none,none,none,none,none,Impetigo
3554,constipation,pain during bowel movements,pain in anal region,bloody stool,irritation in anus,none,none,none,none,none,none,none,none,none,none,none,none,Dimorphic hemmorhoids(piles)
3969,vomiting,fatigue,anxiety,sweating,headache,nausea,blurred and distorted vision,excessive hunger,drying and tingling lips,slurred speech,irritability,palpitations,none,none,none,none,none,Hypoglycemia
807,skin rash,joint pain,skin peeling,silver like dusting,small dents in nails,none,none,none,none,none,none,none,none,none,none,none,none,Psoriasis
1945,fatigue,cramps,bruising,swollen legs,swollen blood vessels,prominent veins on calf,none,none,none,none,none,none,none,none,none,none,none,Varicose veins
3253,itching,vomiting,fatigue,weight loss,high fever,yellowish skin,dark urine,abdominal pain,none,none,none,none,none,none,none,none,none,Jaundice
1434,itching,fatigue,yellowish skin,dark urine,loss of appetite,abdominal pain,yellow urine,yellowing of eyes,malaise,receiving blood transfusion,receiving unsterile injections,none,none,none,none,none,none,Hepatitis B
3064,fatigue,cramps,bruising,obesity,swollen legs,swollen blood vessels,prominent veins on calf,none,none,none,none,none,none,none,none,none,none,Varicose veins
1687,itching,skin rash,burning micturition,spotting  urination,none,none,none,none,none,none,none,none,none,none,none,none,none,Drug Reaction
2569,chills,fatigue,cough,high fever,breathlessness,sweating,malaise,phlegm,chest pain,fast heart rate,rusty sputum,none,none,none,none,none,none,Pneumonia
453,itching,skin rash,stomach pain,spotting  urination,none,none,none,none,none,none,none,none,none,none,none,none,none,Drug Reaction
2231,chills,vomiting,fatigue,high fever,headache,constipation,abdominal pain,diarrhoea,toxic look (typhos),belly pain,none,none,none,none,none,none,none,Typhoid
2034,skin rash,joint pain,silver like dusting,small dents in nails,inflammatory nails,none,none,none,none,none,none,none,none,none,none,none,none,Psoriasis
4051,vomiting,fatigue,anxiety,sweating,headache,nausea,blurred and distorted vision,excessive hunger,drying and tingling lips,slurred speech,irritability,palpitations,none,none,none,none,none,Hypoglycemia
4754,skin rash,joint pain,skin peeling,silver like dusting,small dents in nails,inflammatory nails,none,none,none,none,none,none,none,none,none,none,none,Psoriasis
1253,stomach pain,acidity,ulcers on tongue,cough,chest pain,none,none,none,none,none,none,none,none,none,none,none,none,GERD
2190,itching,vomiting,fatigue,weight loss,high fever,yellowish skin,dark urine,abdominal pain,none,none,none,none,none,none,none,none,none,Jaundice
74,fatigue,weight loss,lethargy,irregular sugar level,blurred and distorted vision,obesity,excessive hunger,increased appetite,polyuria,none,none,none,none,none,none,none,none,Diabetes
1956,fatigue,weight gain,cold hands and feets,lethargy,dizziness,puffy face and eyes,enlarged thyroid,brittle nails,swollen extremeties,depression,irritability,abnormal menstruation,none,none,none,none,none,Hypothyroidism
1683,itching,skin rash,stomach pain,spotting  urination,none,none,none,none,none,none,none,none,none,none,none,none,none,Drug Reaction
2346,vomiting,breathlessness,sweating,chest pain,none,none,none,none,none,none,none,none,none,none,none,none,none,Heart attack
1804,itching,skin rash,fatigue,high fever,headache,loss of appetite,mild fever,swelled lymph nodes,malaise,red spots over body,none,none,none,none,none,none,none,Chicken pox
2101,vomiting,indigestion,abdominal pain,passage of gases,internal itching,none,none,none,none,none,none,none,none,none,none,none,none,Peptic ulcer diseae
3356,muscle weakness,stiff neck,swelling joints,movement stiffness,painful walking,none,none,none,none,none,none,none,none,none,none,none,none,Arthritis
1225,skin rash,high fever,red sore around nose,yellow crust ooze,none,none,none,none,none,none,none,none,none,none,none,none,none,Impetigo
1471,vomiting,yellowish skin,abdominal pain,swelling of stomach,distention of abdomen,history of alcohol consumption,fluid overload,none,none,none,none,none,none,none,none,none,none,Alcoholic hepatitis
3402,skin rash,high fever,blister,red sore around nose,yellow crust ooze,none,none,none,none,none,none,none,none,none,none,none,none,Impetigo
4259,vomiting,headache,nausea,spinning movements,loss of balance,unsteadiness,none,none,none,none,none,none,none,none,none,none,none,(vertigo) Paroymsal  Positional Vertigo
4782,continuous sneezing,chills,fatigue,cough,high fever,headache,swelled lymph nodes,malaise,phlegm,throat irritation,redness of eyes,sinus pressure,runny nose,congestion,chest pain,loss of smell,muscle pain,Common Cold
3434,fatigue,weight gain,cold hands and feets,mood swings,lethargy,dizziness,puffy face and eyes,enlarged thyroid,brittle nails,swollen extremeties,depression,irritability,abnormal menstruation,none,none,none,none,Hypothyroidism
2049,skin rash,blister,red sore around nose,yellow crust ooze,none,none,none,none,none,none,none,none,none,none,none,none,none,Impetigo
3850,skin rash,pus filled pimples,blackheads,scurring,none,none,none,none,none,none,none,none,none,none,none,none,none,Acne
4734,joint pain,vomiting,yellowish skin,dark urine,nausea,loss of appetite,abdominal pain,diarrhoea,mild fever,yellowing of eyes,muscle pain,none,none,none,none,none,none,hepatitis A
3917,joint pain,vomiting,fatigue,yellowish skin,dark urine,nausea,loss of appetite,abdominal pain,yellowing of eyes,none,none,none,none,none,none,none,none,Hepatitis D
520,acidity,indigestion,headache,blurred and distorted vision,excessive hunger,stiff neck,depression,irritability,visual disturbances,none,none,none,none,none,none,none,none,Migraine
2566,vomiting,yellowish skin,abdominal pain,swelling of stomach,distention of abdomen,history of alcohol consumption,fluid overload,none,none,none,none,none,none,none,none,none,none,Alcoholic hepatitis
610,itching,fatigue,lethargy,yellowish skin,dark urine,loss of appetite,abdominal pain,yellow urine,yellowing of eyes,malaise,receiving blood transfusion,receiving unsterile injections,none,none,none,none,none,Hepatitis B
2115,muscle wasting,patches in throat,high fever,extra marital contacts,none,none,none,none,none,none,none,none,none,none,none,none,none,AIDS
612,fatigue,lethargy,yellowish skin,dark urine,loss of appetite,abdominal pain,yellow urine,yellowing of eyes,malaise,receiving blood transfusion,receiving unsterile injections,none,none,none,none,none,none,Hepatitis B
4515,vomiting,indigestion,loss of appetite,abdominal pain,passage of gases,internal itching,none,none,none,none,none,none,none,none,none,none,none,Peptic ulcer diseae
808,skin rash,joint pain,skin peeling,silver like dusting,small dents in nails,inflammatory nails,none,none,none,none,none,none,none,none,none,none,none,Psoriasis
4895,itching,skin rash,fatigue,lethargy,high fever,headache,loss of appetite,mild fever,swelled lymph nodes,malaise,red spots over body,none,none,none,none,none,none,Chicken pox
2170,back pain,weakness in limbs,neck pain,dizziness,loss of balance,none,none,none,none,none,none,none,none,none,none,none,none,Cervical spondylosis
4391,itching,skin rash,stomach pain,burning micturition,spotting  urination,none,none,none,none,none,none,none,none,none,none,none,none,Drug Reaction
2067,continuous sneezing,shivering,watering from eyes,none,none,none,none,none,none,none,none,none,none,none,none,none,none,Allergy
4402,chills,vomiting,high fever,sweating,headache,nausea,diarrhoea,muscle pain,none,none,none,none,none,none,none,none,none,Malaria
2501,itching,skin rash,nodal skin eruptions,dischromic  patches,none,none,none,none,none,none,none,none,none,none,none,none,none,Fungal infection
2885,chills,vomiting,high fever,sweating,headache,nausea,diarrhoea,muscle pain,none,none,none,none,none,none,none,none,none,Malaria
286,constipation,pain during bowel movements,pain in anal region,irritation in anus,none,none,none,none,none,none,none,none,none,none,none,none,none,Dimorphic hemmorhoids(piles)
2294,vomiting,yellowish skin,swelling of stomach,distention of abdomen,history of alcohol consumption,fluid overload,none,none,none,none,none,none,none,none,none,none,none,Alcoholic hepatitis
2841,back pain,weakness in limbs,neck pain,dizziness,loss of balance,none,none,none,none,none,none,none,none,none,none,none,none,Cervical spondylosis
1339,headache,chest pain,loss of balance,lack of concentration,none,none,none,none,none,none,none,none,none,none,none,none,none,Hypertension
2381,vomiting,fatigue,anxiety,sweating,headache,nausea,blurred and distorted vision,excessive hunger,drying and tingling lips,slurred speech,irritability,palpitations,none,none,none,none,none,Hypoglycemia
1457,joint pain,vomiting,fatigue,yellowish skin,dark urine,nausea,abdominal pain,yellowing of eyes,none,none,none,none,none,none,none,none,none,Hepatitis D
4088,vomiting,breathlessness,sweating,chest pain,none,none,none,none,none,none,none,none,none,none,none,none,none,Heart attack
2499,skin rash,joint pain,skin peeling,silver like dusting,small dents in nails,inflammatory nails,none,none,none,none,none,none,none,none,none,none,none,Psoriasis
801,skin rash,joint pain,skin peeling,silver like dusting,small dents in nails,inflammatory nails,none,none,none,none,none,none,none,none,none,none,none,Psoriasis
633,joint pain,vomiting,yellowish skin,dark urine,nausea,loss of appetite,abdominal pain,yellowing of eyes,none,none,none,none,none,none,none,none,none,Hepatitis D
4813,itching,skin rash,fatigue,lethargy,high fever,headache,loss of appetite,mild fever,swelled lymph nodes,malaise,red spots over body,none,none,none,none,none,none,Chicken pox
1217,skin rash,joint pain,skin peeling,silver like dusting,small dents in nails,none,none,none,none,none,none,none,none,none,none,none,none,Psoriasis
503,fatigue,cough,breathlessness,family history,mucoid sputum,none,none,none,none,none,none,none,none,none,none,none,none,Bronchial Asthma
1062,yellowish skin,abdominal pain,swelling of stomach,distention of abdomen,history of alcohol consumption,fluid overload,none,none,none,none,none,none,none,none,none,none,none,Alcoholic hepatitis
4320,chills,vomiting,high fever,sweating,headache,nausea,diarrhoea,muscle pain,none,none,none,none,none,none,none,none,none,Malaria
3415,back pain,weakness in limbs,neck pain,dizziness,loss of balance,none,none,none,none,none,none,none,none,none,none,none,none,Cervical spondylosis
2950,skin rash,joint pain,skin peeling,silver like dusting,small dents in nails,inflammatory nails,none,none,none,none,none,none,none,none,none,none,none,Psoriasis
27,stomach pain,ulcers on tongue,vomiting,cough,chest pain,none,none,none,none,none,none,none,none,none,none,none,none,GERD
1828,chills,vomiting,fatigue,high fever,headache,nausea,constipation,abdominal pain,diarrhoea,toxic look (typhos),belly pain,none,none,none,none,none,none,Typhoid
2740,joint pain,neck pain,knee pain,hip joint pain,swelling joints,painful walking,none,none,none,none,none,none,none,none,none,none,none,Osteoarthristis
1833,joint pain,yellowish skin,dark urine,nausea,loss of appetite,abdominal pain,diarrhoea,mild fever,yellowing of eyes,muscle pain,none,none,none,none,none,none,none,hepatitis A
4757,continuous sneezing,shivering,chills,watering from eyes,none,none,none,none,none,none,none,none,none,none,none,none,none,Allergy
2730,vomiting,yellowish skin,abdominal pain,swelling of stomach,distention of abdomen,history of alcohol consumption,fluid overload,none,none,none,none,none,none,none,none,none,none,Alcoholic hepatitis
411,skin rash,nodal skin eruptions,dischromic  patches,none,none,none,none,none,none,none,none,none,none,none,none,none,none,Fungal infection
2722,itching,skin rash,fatigue,lethargy,high fever,headache,loss of appetite,mild fever,swelled lymph nodes,malaise,red spots over body,none,none,none,none,none,none,Chicken pox
576,itching,skin rash,fatigue,lethargy,high fever,loss of appetite,mild fever,swelled lymph nodes,malaise,red spots over body,none,none,none,none,none,none,none,Chicken pox
347,joint pain,neck pain,knee pain,hip joint pain,swelling joints,none,none,none,none,none,none,none,none,none,none,none,none,Osteoarthristis
649,joint pain,vomiting,fatigue,high fever,yellowish skin,dark urine,loss of appetite,abdominal pain,yellowing of eyes,acute liver failure,coma,stomach bleeding,none,none,none,none,none,Hepatitis E
4827,fatigue,cramps,bruising,obesity,swollen legs,swollen blood vessels,prominent veins on calf,none,none,none,none,none,none,none,none,none,none,Varicose veins
219,fatigue,yellowish skin,nausea,loss of appetite,yellowing of eyes,family history,none,none,none,none,none,none,none,none,none,none,none,Hepatitis C
1319,vomiting,sunken eyes,diarrhoea,none,none,none,none,none,none,none,none,none,none,none,none,none,none,Gastroenteritis
396,skin rash,joint pain,skin peeling,silver like dusting,inflammatory nails,none,none,none,none,none,none,none,none,none,none,none,none,Psoriasis
4634,continuous sneezing,shivering,chills,watering from eyes,none,none,none,none,none,none,none,none,none,none,none,none,none,Allergy
2191,itching,vomiting,fatigue,weight loss,high fever,yellowish skin,dark urine,abdominal pain,none,none,none,none,none,none,none,none,none,Jaundice
2200,chills,vomiting,high fever,sweating,headache,nausea,muscle pain,none,none,none,none,none,none,none,none,none,none,Malaria
2446,skin rash,joint pain,skin peeling,silver like dusting,inflammatory nails,none,none,none,none,none,none,none,none,none,none,none,none,Psoriasis
4529,joint pain,vomiting,yellowish skin,dark urine,nausea,loss of appetite,abdominal pain,diarrhoea,mild fever,yellowing of eyes,muscle pain,none,none,none,none,none,none,hepatitis A
1856,fatigue,yellowish skin,nausea,loss of appetite,family history,none,none,none,none,none,none,none,none,none,none,none,none,Hepatitis C
1484,chills,vomiting,weight loss,cough,high fever,breathlessness,sweating,loss of appetite,mild fever,yellowing of eyes,swelled lymph nodes,malaise,phlegm,chest pain,blood in sputum,none,none,Tuberculosis
1514,constipation,pain in anal region,bloody stool,irritation in anus,none,none,none,none,none,none,none,none,none,none,none,none,none,Dimorphic hemmorhoids(piles)
4508,skin rash,joint pain,skin peeling,silver like dusting,small dents in nails,inflammatory nails,none,none,none,none,none,none,none,none,none,none,none,Psoriasis
3883,vomiting,breathlessness,sweating,chest pain,none,none,none,none,none,none,none,none,none,none,none,none,none,Heart attack
4689,chills,vomiting,high fever,sweating,headache,nausea,diarrhoea,muscle pain,none,none,none,none,none,none,none,none,none,Malaria
2469,fatigue,cough,high fever,breathlessness,family history,mucoid sputum,none,none,none,none,none,none,none,none,none,none,none,Bronchial Asthma
4636,itching,vomiting,yellowish skin,nausea,loss of appetite,abdominal pain,yellowing of eyes,none,none,none,none,none,none,none,none,none,none,Chronic cholestasis
1255,stomach pain,acidity,ulcers on tongue,vomiting,cough,none,none,none,none,none,none,none,none,none,none,none,none,GERD
4616,vomiting,yellowish skin,abdominal pain,swelling of stomach,distention of abdomen,history of alcohol consumption,fluid overload,none,none,none,none,none,none,none,none,none,none,Alcoholic hepatitis
4203,fatigue,yellowish skin,nausea,loss of appetite,yellowing of eyes,family history,none,none,none,none,none,none,none,none,none,none,none,Hepatitis C
4283,joint pain,vomiting,yellowish skin,dark urine,nausea,loss of appetite,abdominal pain,diarrhoea,mild fever,yellowing of eyes,muscle pain,none,none,none,none,none,none,hepatitis A
2444,skin rash,joint pain,silver like dusting,small dents in nails,inflammatory nails,none,none,none,none,none,none,none,none,none,none,none,none,Psoriasis
3076,continuous sneezing,shivering,chills,watering from eyes,none,none,none,none,none,none,none,none,none,none,none,none,none,Allergy
1893,chills,fatigue,weight loss,cough,high fever,breathlessness,sweating,loss of appetite,mild fever,yellowing of eyes,swelled lymph nodes,malaise,phlegm,chest pain,blood in sputum,none,none,Tuberculosis
2208,chills,vomiting,high fever,sweating,headache,diarrhoea,muscle pain,none,none,none,none,none,none,none,none,none,none,Malaria
4899,itching,fatigue,lethargy,yellowish skin,dark urine,loss of appetite,abdominal pain,yellow urine,yellowing of eyes,malaise,receiving blood transfusion,receiving unsterile injections,none,none,none,none,none,Hepatitis B
2726,itching,fatigue,lethargy,yellowish skin,dark urine,loss of appetite,abdominal pain,yellow urine,yellowing of eyes,malaise,receiving blood transfusion,receiving unsterile injections,none,none,none,none,none,Hepatitis B
2544,stomach pain,acidity,ulcers on tongue,vomiting,cough,chest pain,none,none,none,none,none,none,none,none,none,none,none,GERD
3928,vomiting,fatigue,anxiety,sweating,headache,nausea,blurred and distorted vision,excessive hunger,drying and tingling lips,slurred speech,irritability,palpitations,none,none,none,none,none,Hypoglycemia
2709,itching,vomiting,yellowish skin,nausea,loss of appetite,abdominal pain,yellowing of eyes,none,none,none,none,none,none,none,none,none,none,Chronic cholestasis
2654,fatigue,cramps,bruising,obesity,swollen legs,swollen blood vessels,prominent veins on calf,none,none,none,none,none,none,none,none,none,none,Varicose veins
4919,skin rash,high fever,blister,red sore around nose,yellow crust ooze,none,none,none,none,none,none,none,none,none,none,none,none,Impetigo
2018,skin rash,pus filled pimples,scurring,none,none,none,none,none,none,none,none,none,none,none,none,none,none,Acne
2314,continuous sneezing,chills,cough,high fever,headache,swelled lymph nodes,malaise,phlegm,throat irritation,redness of eyes,sinus pressure,runny nose,congestion,chest pain,loss of smell,muscle pain,none,Common Cold
1723,vomiting,dehydration,diarrhoea,none,none,none,none,none,none,none,none,none,none,none,none,none,none,Gastroenteritis
1310,vomiting,sunken eyes,dehydration,diarrhoea,none,none,none,none,none,none,none,none,none,none,none,none,none,Gastroenteritis
981,skin rash,fatigue,lethargy,high fever,headache,loss of appetite,mild fever,swelled lymph nodes,malaise,red spots over body,none,none,none,none,none,none,none,Chicken pox
2783,vomiting,headache,nausea,spinning movements,loss of balance,unsteadiness,none,none,none,none,none,none,none,none,none,none,none,(vertigo) Paroymsal  Positional Vertigo
4567,itching,skin rash,fatigue,lethargy,high fever,headache,loss of appetite,mild fever,swelled lymph nodes,malaise,red spots over body,none,none,none,none,none,none,Chicken pox
4589,burning micturition,bladder discomfort,foul smell of urine,continuous feel of urine,none,none,none,none,none,none,none,none,none,none,none,none,none,Urinary tract infection
1983,joint pain,knee pain,hip joint pain,swelling joints,painful walking,none,none,none,none,none,none,none,none,none,none,none,none,Osteoarthristis
876,vomiting,indigestion,loss of appetite,abdominal pain,internal itching,none,none,none,none,none,none,none,none,none,none,none,none,Peptic ulcer diseae
394,skin rash,joint pain,silver like dusting,small dents in nails,inflammatory nails,none,none,none,none,none,none,none,none,none,none,none,none,Psoriasis
4145,itching,skin rash,stomach pain,burning micturition,spotting  urination,none,none,none,none,none,none,none,none,none,none,none,none,Drug Reaction
4222,skin rash,high fever,blister,red sore around nose,yellow crust ooze,none,none,none,none,none,none,none,none,none,none,none,none,Impetigo
147,itching,vomiting,fatigue,weight loss,high fever,dark urine,abdominal pain,none,none,none,none,none,none,none,none,none,none,Jaundice
2220,skin rash,chills,joint pain,vomiting,fatigue,high fever,headache,nausea,loss of appetite,pain behind the eyes,back pain,muscle pain,red spots over body,none,none,none,none,Dengue
1348,acidity,indigestion,headache,blurred and distorted vision,excessive hunger,stiff neck,depression,visual disturbances,none,none,none,none,none,none,none,none,none,Migraine
3295,chills,vomiting,high fever,sweating,headache,nausea,diarrhoea,muscle pain,none,none,none,none,none,none,none,none,none,Malaria
3153,skin rash,pus filled pimples,blackheads,scurring,none,none,none,none,none,none,none,none,none,none,none,none,none,Acne
2340,vomiting,breathlessness,sweating,chest pain,none,none,none,none,none,none,none,none,none,none,none,none,none,Heart attack
252,vomiting,fatigue,weight loss,cough,high fever,breathlessness,sweating,loss of appetite,mild fever,yellowing of eyes,swelled lymph nodes,malaise,phlegm,chest pain,blood in sputum,none,none,Tuberculosis
4817,itching,fatigue,lethargy,yellowish skin,dark urine,loss of appetite,abdominal pain,yellow urine,yellowing of eyes,malaise,receiving blood transfusion,receiving unsterile injections,none,none,none,none,none,Hepatitis B
4750,muscle weakness,stiff neck,swelling joints,movement stiffness,painful walking,none,none,none,none,none,none,none,none,none,none,none,none,Arthritis
809,skin rash,joint pain,skin peeling,silver like dusting,small dents in nails,inflammatory nails,none,none,none,none,none,none,none,none,none,none,none,Psoriasis
2161,indigestion,headache,blurred and distorted vision,excessive hunger,stiff neck,depression,irritability,visual disturbances,none,none,none,none,none,none,none,none,none,Migraine
1616,burning micturition,bladder discomfort,foul smell of urine,continuous feel of urine,none,none,none,none,none,none,none,none,none,none,none,none,none,Urinary tract infection
3814,continuous sneezing,shivering,chills,watering from eyes,none,none,none,none,none,none,none,none,none,none,none,none,none,Allergy
3023,fatigue,cramps,bruising,obesity,swollen legs,swollen blood vessels,prominent veins on calf,none,none,none,none,none,none,none,none,none,none,Varicose veins
4851,vomiting,headache,weakness of one body side,altered sensorium,none,none,none,none,none,none,none,none,none,none,none,none,none,Paralysis (brain hemorrhage)
1656,continuous sneezing,chills,watering from eyes,none,none,none,none,none,none,none,none,none,none,none,none,none,none,Allergy
4194,back pain,weakness in limbs,neck pain,dizziness,loss of balance,none,none,none,none,none,none,none,none,none,none,none,none,Cervical spondylosis
4615,joint pain,vomiting,fatigue,high fever,yellowish skin,dark urine,nausea,loss of appetite,abdominal pain,yellowing of eyes,acute liver failure,coma,stomach bleeding,none,none,none,none,Hepatitis E
4780,vomiting,yellowish skin,abdominal pain,swelling of stomach,distention of abdomen,history of alcohol consumption,fluid overload,none,none,none,none,none,none,none,none,none,none,Alcoholic hepatitis
383,burning micturition,foul smell of urine,continuous feel of urine,none,none,none,none,none,none,none,none,none,none,none,none,none,none,Urinary tract infection
3821,vomiting,sunken eyes,dehydration,diarrhoea,none,none,none,none,none,none,none,none,none,none,none,none,none,Gastroenteritis
237,joint pain,vomiting,fatigue,high fever,dark urine,nausea,loss of appetite,abdominal pain,yellowing of eyes,acute liver failure,coma,stomach bleeding,none,none,none,none,none,Hepatitis E
1868,joint pain,vomiting,fatigue,yellowish skin,dark urine,nausea,loss of appetite,yellowing of eyes,none,none,none,none,none,none,none,none,none,Hepatitis D
4365,joint pain,vomiting,yellowish skin,dark urine,nausea,loss of appetite,abdominal pain,diarrhoea,mild fever,yellowing of eyes,muscle pain,none,none,none,none,none,none,hepatitis A
1250,stomach pain,acidity,ulcers on tongue,vomiting,cough,chest pain,none,none,none,none,none,none,none,none,none,none,none,GERD
3245,muscle wasting,patches in throat,high fever,extra marital contacts,none,none,none,none,none,none,none,none,none,none,none,none,none,AIDS
1356,back pain,weakness in limbs,neck pain,dizziness,none,none,none,none,none,none,none,none,none,none,none,none,none,Cervical spondylosis
2986,joint pain,neck pain,knee pain,hip joint pain,swelling joints,painful walking,none,none,none,none,none,none,none,none,none,none,none,Osteoarthristis
879,vomiting,indigestion,loss of appetite,abdominal pain,passage of gases,internal itching,none,none,none,none,none,none,none,none,none,none,none,Peptic ulcer diseae
766,muscle weakness,stiff neck,swelling joints,movement stiffness,painful walking,none,none,none,none,none,none,none,none,none,none,none,none,Arthritis
802,joint pain,skin peeling,silver like dusting,small dents in nails,inflammatory nails,none,none,none,none,none,none,none,none,none,none,none,none,Psoriasis
4898,joint pain,vomiting,yellowish skin,dark urine,nausea,loss of appetite,abdominal pain,diarrhoea,mild fever,yellowing of eyes,muscle pain,none,none,none,none,none,none,hepatitis A
2243,joint pain,yellowish skin,dark urine,nausea,loss of appetite,abdominal pain,diarrhoea,mild fever,yellowing of eyes,muscle pain,none,none,none,none,none,none,none,hepatitis A
4699,chills,vomiting,fatigue,weight loss,cough,high fever,breathlessness,sweating,loss of appetite,mild fever,yellowing of eyes,swelled lymph nodes,malaise,phlegm,chest pain,blood in sputum,none,Tuberculosis
1013,joint pain,yellowish skin,dark urine,nausea,loss of appetite,abdominal pain,diarrhoea,mild fever,yellowing of eyes,muscle pain,none,none,none,none,none,none,none,hepatitis A
3188,fatigue,weight gain,cold hands and feets,mood swings,lethargy,dizziness,puffy face and eyes,enlarged thyroid,brittle nails,swollen extremeties,depression,irritability,abnormal menstruation,none,none,none,none,Hypothyroidism
438,stomach pain,acidity,vomiting,cough,chest pain,none,none,none,none,none,none,none,none,none,none,none,none,GERD
8,itching,skin rash,nodal skin eruptions,none,none,none,none,none,none,none,none,none,none,none,none,none,none,Fungal infection
2656,fatigue,mood swings,weight loss,restlessness,sweating,diarrhoea,fast heart rate,excessive hunger,muscle weakness,irritability,abnormal menstruation,none,none,none,none,none,none,Hyperthyroidism
3911,itching,skin rash,fatigue,lethargy,high fever,headache,loss of appetite,mild fever,swelled lymph nodes,malaise,red spots over body,none,none,none,none,none,none,Chicken pox
920,headache,chest pain,dizziness,loss of balance,lack of concentration,none,none,none,none,none,none,none,none,none,none,none,none,Hypertension
3026,vomiting,fatigue,anxiety,sweating,headache,nausea,blurred and distorted vision,excessive hunger,drying and tingling lips,slurred speech,irritability,palpitations,none,none,none,none,none,Hypoglycemia
395,skin rash,joint pain,skin peeling,small dents in nails,inflammatory nails,none,none,none,none,none,none,none,none,none,none,none,none,Psoriasis
3699,fatigue,cough,high fever,breathlessness,family history,mucoid sputum,none,none,none,none,none,none,none,none,none,none,none,Bronchial Asthma
3546,itching,fatigue,lethargy,yellowish skin,dark urine,loss of appetite,abdominal pain,yellow urine,yellowing of eyes,malaise,receiving blood transfusion,receiving unsterile injections,none,none,none,none,none,Hepatitis B
1753,acidity,indigestion,blurred and distorted vision,excessive hunger,stiff neck,depression,irritability,visual disturbances,none,none,none,none,none,none,none,none,none,Migraine
1279,itching,skin rash,stomach pain,burning micturition,none,none,none,none,none,none,none,none,none,none,none,none,none,Drug Reaction
4291,chills,fatigue,cough,high fever,breathlessness,sweating,malaise,phlegm,chest pain,fast heart rate,rusty sputum,none,none,none,none,none,none,Pneumonia
3889,muscle weakness,stiff neck,swelling joints,movement stiffness,painful walking,none,none,none,none,none,none,none,none,none,none,none,none,Arthritis
2456,skin rash,high fever,blister,yellow crust ooze,none,none,none,none,none,none,none,none,none,none,none,none,none,Impetigo
4670,skin rash,pus filled pimples,blackheads,scurring,none,none,none,none,none,none,none,none,none,none,none,none,none,Acne
852,itching,yellowish skin,nausea,loss of appetite,abdominal pain,yellowing of eyes,none,none,none,none,none,none,none,none,none,none,none,Chronic cholestasis
3131,chills,vomiting,high fever,sweating,headache,nausea,diarrhoea,muscle pain,none,none,none,none,none,none,none,none,none,Malaria
4828,fatigue,weight gain,cold hands and feets,mood swings,lethargy,dizziness,puffy face and eyes,enlarged thyroid,brittle nails,swollen extremeties,depression,irritability,abnormal menstruation,none,none,none,none,Hypothyroidism
4675,continuous sneezing,shivering,chills,watering from eyes,none,none,none,none,none,none,none,none,none,none,none,none,none,Allergy
2070,stomach pain,acidity,ulcers on tongue,vomiting,cough,chest pain,none,none,none,none,none,none,none,none,none,none,none,GERD
2887,skin rash,chills,joint pain,vomiting,fatigue,high fever,headache,nausea,loss of appetite,pain behind the eyes,back pain,malaise,muscle pain,red spots over body,none,none,none,Dengue
1530,fatigue,cramps,bruising,obesity,swollen legs,swollen blood vessels,prominent veins on calf,none,none,none,none,none,none,none,none,none,none,Varicose veins
815,skin rash,high fever,red sore around nose,yellow crust ooze,none,none,none,none,none,none,none,none,none,none,none,none,none,Impetigo
4307,stomach pain,acidity,ulcers on tongue,vomiting,cough,chest pain,none,none,none,none,none,none,none,none,none,none,none,GERD
745,vomiting,fatigue,sweating,headache,nausea,blurred and distorted vision,excessive hunger,drying and tingling lips,slurred speech,irritability,palpitations,none,none,none,none,none,none,Hypoglycemia
176,skin rash,chills,vomiting,fatigue,high fever,headache,nausea,loss of appetite,pain behind the eyes,back pain,malaise,muscle pain,red spots over body,none,none,none,none,Dengue
172,skin rash,chills,joint pain,vomiting,fatigue,high fever,headache,nausea,loss of appetite,pain behind the eyes,back pain,malaise,muscle pain,none,none,none,none,Dengue
4431,itching,vomiting,yellowish skin,nausea,loss of appetite,abdominal pain,yellowing of eyes,none,none,none,none,none,none,none,none,none,none,Chronic cholestasis
4231,vomiting,sunken eyes,dehydration,diarrhoea,none,none,none,none,none,none,none,none,none,none,none,none,none,Gastroenteritis
3003,headache,chest pain,dizziness,loss of balance,lack of concentration,none,none,none,none,none,none,none,none,none,none,none,none,Hypertension
1040,joint pain,vomiting,fatigue,yellowish skin,dark urine,nausea,loss of appetite,abdominal pain,yellowing of eyes,none,none,none,none,none,none,none,none,Hepatitis D
1256,acidity,ulcers on tongue,vomiting,cough,chest pain,none,none,none,none,none,none,none,none,none,none,none,none,GERD
1794,chills,high fever,sweating,headache,nausea,diarrhoea,muscle pain,none,none,none,none,none,none,none,none,none,none,Malaria
886,muscle wasting,patches in throat,high fever,extra marital contacts,none,none,none,none,none,none,none,none,none,none,none,none,none,AIDS
4770,itching,vomiting,fatigue,weight loss,high fever,yellowish skin,dark urine,abdominal pain,none,none,none,none,none,none,none,none,none,Jaundice
3221,joint pain,vomiting,fatigue,high fever,yellowish skin,dark urine,nausea,loss of appetite,abdominal pain,yellowing of eyes,acute liver failure,coma,stomach bleeding,none,none,none,none,Hepatitis E
2168,acidity,indigestion,headache,blurred and distorted vision,excessive hunger,stiff neck,depression,visual disturbances,none,none,none,none,none,none,none,none,none,Migraine
3054,itching,fatigue,lethargy,yellowish skin,dark urine,loss of appetite,abdominal pain,yellow urine,yellowing of eyes,malaise,receiving blood transfusion,receiving unsterile injections,none,none,none,none,none,Hepatitis B
84,vomiting,sunken eyes,diarrhoea,none,none,none,none,none,none,none,none,none,none,none,none,none,none,Gastroenteritis
3528,stomach pain,acidity,ulcers on tongue,vomiting,cough,chest pain,none,none,none,none,none,none,none,none,none,none,none,GERD
615,itching,fatigue,lethargy,dark urine,loss of appetite,abdominal pain,yellow urine,yellowing of eyes,malaise,receiving blood transfusion,receiving unsterile injections,none,none,none,none,none,none,Hepatitis B
3796,vomiting,yellowish skin,abdominal pain,swelling of stomach,distention of abdomen,history of alcohol consumption,fluid overload,none,none,none,none,none,none,none,none,none,none,Alcoholic hepatitis
3151,muscle weakness,stiff neck,swelling joints,movement stiffness,painful walking,none,none,none,none,none,none,none,none,none,none,none,none,Arthritis
4640,fatigue,weight loss,restlessness,lethargy,irregular sugar level,blurred and distorted vision,obesity,excessive hunger,increased appetite,polyuria,none,none,none,none,none,none,none,Diabetes
2098,itching,skin rash,stomach pain,spotting  urination,none,none,none,none,none,none,none,none,none,none,none,none,none,Drug Reaction
3091,itching,skin rash,fatigue,lethargy,high fever,headache,loss of appetite,mild fever,swelled lymph nodes,malaise,red spots over body,none,none,none,none,none,none,Chicken pox
3624,itching,skin rash,fatigue,lethargy,high fever,headache,loss of appetite,mild fever,swelled lymph nodes,malaise,red spots over body,none,none,none,none,none,none,Chicken pox
586,skin rash,chills,vomiting,fatigue,high fever,headache,nausea,loss of appetite,pain behind the eyes,back pain,malaise,muscle pain,red spots over body,none,none,none,none,Dengue
3530,itching,skin rash,stomach pain,burning micturition,spotting  urination,none,none,none,none,none,none,none,none,none,none,none,none,Drug Reaction
4242,joint pain,vomiting,yellowish skin,dark urine,nausea,loss of appetite,abdominal pain,diarrhoea,mild fever,yellowing of eyes,muscle pain,none,none,none,none,none,none,hepatitis A
2449,skin rash,joint pain,skin peeling,silver like dusting,small dents in nails,inflammatory nails,none,none,none,none,none,none,none,none,none,none,none,Psoriasis
3162,vomiting,indigestion,loss of appetite,abdominal pain,passage of gases,internal itching,none,none,none,none,none,none,none,none,none,none,none,Peptic ulcer diseae
854,itching,vomiting,yellowish skin,loss of appetite,abdominal pain,yellowing of eyes,none,none,none,none,none,none,none,none,none,none,none,Chronic cholestasis
1445,fatigue,yellowish skin,nausea,yellowing of eyes,family history,none,none,none,none,none,none,none,none,none,none,none,none,Hepatitis C
1597,vomiting,headache,nausea,spinning movements,loss of balance,none,none,none,none,none,none,none,none,none,none,none,none,(vertigo) Paroymsal  Positional Vertigo
2177,back pain,weakness in limbs,neck pain,dizziness,loss of balance,none,none,none,none,none,none,none,none,none,none,none,none,Cervical spondylosis
684,chills,cough,high fever,breathlessness,sweating,malaise,phlegm,chest pain,fast heart rate,rusty sputum,none,none,none,none,none,none,none,Pneumonia
542,headache,weakness of one body side,altered sensorium,none,none,none,none,none,none,none,none,none,none,none,none,none,none,Paralysis (brain hemorrhage)
2063,continuous sneezing,shivering,watering from eyes,none,none,none,none,none,none,none,none,none,none,none,none,none,none,Allergy
4268,itching,skin rash,stomach pain,burning micturition,spotting  urination,none,none,none,none,none,none,none,none,none,none,none,none,Drug Reaction
4195,vomiting,headache,weakness of one body side,altered sensorium,none,none,none,none,none,none,none,none,none,none,none,none,none,Paralysis (brain hemorrhage)
4866,constipation,pain during bowel movements,pain in anal region,bloody stool,irritation in anus,none,none,none,none,none,none,none,none,none,none,none,none,Dimorphic hemmorhoids(piles)
1277,itching,skin rash,burning micturition,spotting  urination,none,none,none,none,none,none,none,none,none,none,none,none,none,Drug Reaction
3691,continuous sneezing,shivering,chills,watering from eyes,none,none,none,none,none,none,none,none,none,none,none,none,none,Allergy
3643,muscle weakness,stiff neck,swelling joints,movement stiffness,painful walking,none,none,none,none,none,none,none,none,none,none,none,none,Arthritis
3138,joint pain,vomiting,fatigue,yellowish skin,dark urine,nausea,loss of appetite,abdominal pain,yellowing of eyes,none,none,none,none,none,none,none,none,Hepatitis D
3669,itching,fatigue,lethargy,yellowish skin,dark urine,loss of appetite,abdominal pain,yellow urine,yellowing of eyes,malaise,receiving blood transfusion,receiving unsterile injections,none,none,none,none,none,Hepatitis B
4803,muscle wasting,patches in throat,high fever,extra marital contacts,none,none,none,none,none,none,none,none,none,none,none,none,none,AIDS
764,muscle weakness,stiff neck,movement stiffness,painful walking,none,none,none,none,none,none,none,none,none,none,none,none,none,Arthritis
863,itching,skin rash,stomach pain,spotting  urination,none,none,none,none,none,none,none,none,none,none,none,none,none,Drug Reaction
4496,chills,fatigue,cough,high fever,breathlessness,sweating,malaise,phlegm,chest pain,fast heart rate,rusty sputum,none,none,none,none,none,none,Pneumonia
2560,chills,vomiting,fatigue,high fever,headache,nausea,constipation,abdominal pain,diarrhoea,toxic look (typhos),belly pain,none,none,none,none,none,none,Typhoid
155,chills,vomiting,sweating,headache,nausea,diarrhoea,muscle pain,none,none,none,none,none,none,none,none,none,none,Malaria
494,vomiting,sunken eyes,diarrhoea,none,none,none,none,none,none,none,none,none,none,none,none,none,none,Gastroenteritis
3964,constipation,pain during bowel movements,pain in anal region,bloody stool,irritation in anus,none,none,none,none,none,none,none,none,none,none,none,none,Dimorphic hemmorhoids(piles)
3109,joint pain,neck pain,knee pain,hip joint pain,swelling joints,painful walking,none,none,none,none,none,none,none,none,none,none,none,Osteoarthristis
3449,vomiting,indigestion,loss of appetite,abdominal pain,passage of gases,internal itching,none,none,none,none,none,none,none,none,none,none,none,Peptic ulcer diseae
1712,weight loss,restlessness,lethargy,irregular sugar level,blurred and distorted vision,obesity,excessive hunger,increased appetite,polyuria,none,none,none,none,none,none,none,none,Diabetes
4868,fatigue,cramps,bruising,obesity,swollen legs,swollen blood vessels,prominent veins on calf,none,none,none,none,none,none,none,none,none,none,Varicose veins
4096,skin rash,pus filled pimples,blackheads,scurring,none,none,none,none,none,none,none,none,none,none,none,none,none,Acne
1938,vomiting,sweating,chest pain,none,none,none,none,none,none,none,none,none,none,none,none,none,none,Heart attack
2798,headache,chest pain,dizziness,loss of balance,lack of concentration,none,none,none,none,none,none,none,none,none,none,none,none,Hypertension
4808,acidity,indigestion,headache,blurred and distorted vision,excessive hunger,stiff neck,depression,irritability,visual disturbances,none,none,none,none,none,none,none,none,Migraine
2474,itching,vomiting,fatigue,weight loss,high fever,yellowish skin,dark urine,abdominal pain,none,none,none,none,none,none,none,none,none,Jaundice
743,fatigue,anxiety,sweating,headache,nausea,blurred and distorted vision,excessive hunger,drying and tingling lips,slurred speech,irritability,palpitations,none,none,none,none,none,none,Hypoglycemia
1028,itching,fatigue,lethargy,yellowish skin,dark urine,loss of appetite,yellow urine,yellowing of eyes,malaise,receiving blood transfusion,receiving unsterile injections,none,none,none,none,none,none,Hepatitis B
1449,fatigue,yellowish skin,nausea,loss of appetite,yellowing of eyes,family history,none,none,none,none,none,none,none,none,none,none,none,Hepatitis C
1909,continuous sneezing,chills,fatigue,cough,high fever,headache,swelled lymph nodes,phlegm,throat irritation,redness of eyes,sinus pressure,runny nose,congestion,chest pain,loss of smell,muscle pain,none,Common Cold
1671,vomiting,yellowish skin,nausea,loss of appetite,abdominal pain,yellowing of eyes,none,none,none,none,none,none,none,none,none,none,none,Chronic cholestasis
3581,itching,vomiting,fatigue,weight loss,high fever,yellowish skin,dark urine,abdominal pain,none,none,none,none,none,none,none,none,none,Jaundice
1425,joint pain,vomiting,yellowish skin,nausea,loss of appetite,abdominal pain,diarrhoea,mild fever,yellowing of eyes,muscle pain,none,none,none,none,none,none,none,hepatitis A
1795,chills,vomiting,sweating,headache,nausea,diarrhoea,muscle pain,none,none,none,none,none,none,none,none,none,none,Malaria
3557,fatigue,weight gain,cold hands and feets,mood swings,lethargy,dizziness,puffy face and eyes,enlarged thyroid,brittle nails,swollen extremeties,depression,irritability,abnormal menstruation,none,none,none,none,Hypothyroidism
1902,chills,fatigue,cough,high fever,headache,swelled lymph nodes,malaise,phlegm,throat irritation,redness of eyes,sinus pressure,runny nose,congestion,chest pain,loss of smell,muscle pain,none,Common Cold
2277,joint pain,vomiting,fatigue,yellowish skin,dark urine,nausea,abdominal pain,yellowing of eyes,none,none,none,none,none,none,none,none,none,Hepatitis D
1044,joint pain,vomiting,fatigue,dark urine,nausea,loss of appetite,abdominal pain,yellowing of eyes,none,none,none,none,none,none,none,none,none,Hepatitis D
1231,skin rash,nodal skin eruptions,dischromic  patches,none,none,none,none,none,none,none,none,none,none,none,none,none,none,Fungal infection
3626,chills,vomiting,fatigue,high fever,headache,nausea,constipation,abdominal pain,diarrhoea,toxic look (typhos),belly pain,none,none,none,none,none,none,Typhoid
1015,joint pain,vomiting,yellowish skin,nausea,loss of appetite,abdominal pain,diarrhoea,mild fever,yellowing of eyes,muscle pain,none,none,none,none,none,none,none,hepatitis A
2287,joint pain,vomiting,fatigue,high fever,dark urine,nausea,loss of appetite,abdominal pain,yellowing of eyes,acute liver failure,coma,stomach bleeding,none,none,none,none,none,Hepatitis E
2430,burning micturition,bladder discomfort,foul smell of urine,continuous feel of urine,none,none,none,none,none,none,none,none,none,none,none,none,none,Urinary tract infection
4064,vomiting,indigestion,loss of appetite,abdominal pain,passage of gases,internal itching,none,none,none,none,none,none,none,none,none,none,none,Peptic ulcer diseae
1017,joint pain,vomiting,yellowish skin,dark urine,nausea,abdominal pain,diarrhoea,mild fever,yellowing of eyes,muscle pain,none,none,none,none,none,none,none,hepatitis A
831,shivering,chills,watering from eyes,none,none,none,none,none,none,none,none,none,none,none,none,none,none,Allergy
4254,fatigue,weight gain,cold hands and feets,mood swings,lethargy,dizziness,puffy face and eyes,enlarged thyroid,brittle nails,swollen extremeties,depression,irritability,abnormal menstruation,none,none,none,none,Hypothyroidism
525,acidity,indigestion,headache,blurred and distorted vision,stiff neck,depression,irritability,visual disturbances,none,none,none,none,none,none,none,none,none,Migraine
771,vomiting,headache,nausea,spinning movements,loss of balance,unsteadiness,none,none,none,none,none,none,none,none,none,none,none,(vertigo) Paroymsal  Positional Vertigo
2119,muscle wasting,patches in throat,high fever,none,none,none,none,none,none,none,none,none,none,none,none,none,none,AIDS
4343,burning micturition,bladder discomfort,foul smell of urine,continuous feel of urine,none,none,none,none,none,none,none,none,none,none,none,none,none,Urinary tract infection
265,continuous sneezing,chills,fatigue,high fever,headache,swelled lymph nodes,malaise,phlegm,throat irritation,redness of eyes,sinus pressure,runny nose,congestion,chest pain,loss of smell,muscle pain,none,Common Cold
4153,back pain,weakness in limbs,neck pain,dizziness,loss of balance,none,none,none,none,none,none,none,none,none,none,none,none,Cervical spondylosis
4296,fatigue,mood swings,weight loss,restlessness,sweating,diarrhoea,fast heart rate,excessive hunger,muscle weakness,irritability,abnormal menstruation,none,none,none,none,none,none,Hyperthyroidism
2699,joint pain,neck pain,knee pain,hip joint pain,swelling joints,painful walking,none,none,none,none,none,none,none,none,none,none,none,Osteoarthristis
1624,skin rash,joint pain,silver like dusting,small dents in nails,inflammatory nails,none,none,none,none,none,none,none,none,none,none,none,none,Psoriasis
308,fatigue,cramps,bruising,obesity,swollen legs,swollen blood vessels,none,none,none,none,none,none,none,none,none,none,none,Varicose veins
3664,chills,vomiting,high fever,sweating,headache,nausea,diarrhoea,muscle pain,none,none,none,none,none,none,none,none,none,Malaria
4477,vomiting,sunken eyes,dehydration,diarrhoea,none,none,none,none,none,none,none,none,none,none,none,none,none,Gastroenteritis
3502,skin rash,chills,joint pain,vomiting,fatigue,high fever,headache,nausea,loss of appetite,pain behind the eyes,back pain,malaise,muscle pain,red spots over body,none,none,none,Dengue
2746,skin rash,high fever,blister,red sore around nose,yellow crust ooze,none,none,none,none,none,none,none,none,none,none,none,none,Impetigo
3382,itching,fatigue,lethargy,yellowish skin,dark urine,loss of appetite,abdominal pain,yellow urine,yellowing of eyes,malaise,receiving blood transfusion,receiving unsterile injections,none,none,none,none,none,Hepatitis B
2496,vomiting,headache,nausea,spinning movements,loss of balance,unsteadiness,none,none,none,none,none,none,none,none,none,none,none,(vertigo) Paroymsal  Positional Vertigo
1565,vomiting,fatigue,sweating,headache,nausea,blurred and distorted vision,excessive hunger,drying and tingling lips,slurred speech,irritability,palpitations,none,none,none,none,none,none,Hypoglycemia
544,vomiting,headache,altered sensorium,none,none,none,none,none,none,none,none,none,none,none,none,none,none,Paralysis (brain hemorrhage)
2675,headache,chest pain,dizziness,loss of balance,lack of concentration,none,none,none,none,none,none,none,none,none,none,none,none,Hypertension
2784,skin rash,pus filled pimples,blackheads,scurring,none,none,none,none,none,none,none,none,none,none,none,none,none,Acne
2335,constipation,pain during bowel movements,bloody stool,irritation in anus,none,none,none,none,none,none,none,none,none,none,none,none,none,Dimorphic hemmorhoids(piles)
195,joint pain,vomiting,yellowish skin,nausea,loss of appetite,abdominal pain,diarrhoea,mild fever,yellowing of eyes,muscle pain,none,none,none,none,none,none,none,hepatitis A
3730,skin rash,high fever,blister,red sore around nose,yellow crust ooze,none,none,none,none,none,none,none,none,none,none,none,none,Impetigo
1780,itching,vomiting,fatigue,weight loss,high fever,yellowish skin,dark urine,abdominal pain,none,none,none,none,none,none,none,none,none,Jaundice
4418,fatigue,weight gain,cold hands and feets,mood swings,lethargy,dizziness,puffy face and eyes,enlarged thyroid,brittle nails,swollen extremeties,depression,irritability,abnormal menstruation,none,none,none,none,Hypothyroidism
3736,vomiting,indigestion,loss of appetite,abdominal pain,passage of gases,internal itching,none,none,none,none,none,none,none,none,none,none,none,Peptic ulcer diseae
4120,itching,fatigue,lethargy,yellowish skin,dark urine,loss of appetite,abdominal pain,yellow urine,yellowing of eyes,malaise,receiving blood transfusion,receiving unsterile injections,none,none,none,none,none,Hepatitis B
1920,constipation,pain during bowel movements,pain in anal region,bloody stool,irritation in anus,none,none,none,none,none,none,none,none,none,none,none,none,Dimorphic hemmorhoids(piles)
3634,continuous sneezing,chills,fatigue,cough,high fever,headache,swelled lymph nodes,malaise,phlegm,throat irritation,redness of eyes,sinus pressure,runny nose,congestion,chest pain,loss of smell,muscle pain,Common Cold
602,vomiting,yellowish skin,dark urine,nausea,loss of appetite,abdominal pain,diarrhoea,mild fever,yellowing of eyes,muscle pain,none,none,none,none,none,none,none,hepatitis A
3330,fatigue,cough,high fever,breathlessness,family history,mucoid sputum,none,none,none,none,none,none,none,none,none,none,none,Bronchial Asthma
3417,itching,vomiting,fatigue,weight loss,high fever,yellowish skin,dark urine,abdominal pain,none,none,none,none,none,none,none,none,none,Jaundice
3967,fatigue,weight gain,cold hands and feets,mood swings,lethargy,dizziness,puffy face and eyes,enlarged thyroid,brittle nails,swollen extremeties,depression,irritability,abnormal menstruation,none,none,none,none,Hypothyroidism
3041,fatigue,weight loss,restlessness,lethargy,irregular sugar level,blurred and distorted vision,obesity,excessive hunger,increased appetite,polyuria,none,none,none,none,none,none,none,Diabetes
136,vomiting,headache,weakness of one body side,altered sensorium,none,none,none,none,none,none,none,none,none,none,none,none,none,Paralysis (brain hemorrhage)
1779,vomiting,headache,altered sensorium,none,none,none,none,none,none,none,none,none,none,none,none,none,none,Paralysis (brain hemorrhage)
4400,vomiting,headache,weakness of one body side,altered sensorium,none,none,none,none,none,none,none,none,none,none,none,none,none,Paralysis (brain hemorrhage)
2043,skin rash,blister,red sore around nose,yellow crust ooze,none,none,none,none,none,none,none,none,none,none,none,none,none,Impetigo
2008,vomiting,headache,nausea,spinning movements,loss of balance,unsteadiness,none,none,none,none,none,none,none,none,none,none,none,(vertigo) Paroymsal  Positional Vertigo
594,chills,vomiting,fatigue,high fever,headache,nausea,constipation,abdominal pain,toxic look (typhos),belly pain,none,none,none,none,none,none,none,Typhoid
4613,fatigue,yellowish skin,nausea,loss of appetite,yellowing of eyes,family history,none,none,none,none,none,none,none,none,none,none,none,Hepatitis C
4272,vomiting,sunken eyes,dehydration,diarrhoea,none,none,none,none,none,none,none,none,none,none,none,none,none,Gastroenteritis
3735,itching,skin rash,stomach pain,burning micturition,spotting  urination,none,none,none,none,none,none,none,none,none,none,none,none,Drug Reaction
391,skin rash,joint pain,skin peeling,silver like dusting,small dents in nails,inflammatory nails,none,none,none,none,none,none,none,none,none,none,none,Psoriasis
4114,itching,vomiting,fatigue,weight loss,high fever,yellowish skin,dark urine,abdominal pain,none,none,none,none,none,none,none,none,none,Jaundice
4775,joint pain,vomiting,yellowish skin,dark urine,nausea,loss of appetite,abdominal pain,diarrhoea,mild fever,yellowing of eyes,muscle pain,none,none,none,none,none,none,hepatitis A
2289,joint pain,vomiting,fatigue,high fever,yellowish skin,dark urine,loss of appetite,abdominal pain,yellowing of eyes,acute liver failure,coma,stomach bleeding,none,none,none,none,none,Hepatitis E
978,chills,vomiting,high fever,sweating,headache,diarrhoea,muscle pain,none,none,none,none,none,none,none,none,none,none,Malaria
271,chills,fatigue,cough,high fever,breathlessness,sweating,malaise,phlegm,chest pain,fast heart rate,rusty sputum,none,none,none,none,none,none,Pneumonia
3222,vomiting,yellowish skin,abdominal pain,swelling of stomach,distention of abdomen,history of alcohol consumption,fluid overload,none,none,none,none,none,none,none,none,none,none,Alcoholic hepatitis
851,vomiting,yellowish skin,nausea,loss of appetite,abdominal pain,yellowing of eyes,none,none,none,none,none,none,none,none,none,none,none,Chronic cholestasis
3171,itching,vomiting,fatigue,weight loss,high fever,yellowish skin,dark urine,abdominal pain,none,none,none,none,none,none,none,none,none,Jaundice
2892,joint pain,vomiting,fatigue,yellowish skin,dark urine,nausea,loss of appetite,abdominal pain,yellowing of eyes,none,none,none,none,none,none,none,none,Hepatitis D
1408,skin rash,chills,joint pain,vomiting,high fever,headache,nausea,loss of appetite,pain behind the eyes,back pain,malaise,muscle pain,red spots over body,none,none,none,none,Dengue
2215,itching,skin rash,fatigue,lethargy,headache,loss of appetite,mild fever,swelled lymph nodes,malaise,red spots over body,none,none,none,none,none,none,none,Chicken pox
2579,skin rash,pus filled pimples,blackheads,scurring,none,none,none,none,none,none,none,none,none,none,none,none,none,Acne
2916,vomiting,indigestion,loss of appetite,abdominal pain,passage of gases,internal itching,none,none,none,none,none,none,none,none,none,none,none,Peptic ulcer diseae
4452,vomiting,yellowish skin,abdominal pain,swelling of stomach,distention of abdomen,history of alcohol consumption,fluid overload,none,none,none,none,none,none,none,none,none,none,Alcoholic hepatitis
3505,itching,fatigue,lethargy,yellowish skin,dark urine,loss of appetite,abdominal pain,yellow urine,yellowing of eyes,malaise,receiving blood transfusion,receiving unsterile injections,none,none,none,none,none,Hepatitis B
4560,fatigue,cough,high fever,breathlessness,family history,mucoid sputum,none,none,none,none,none,none,none,none,none,none,none,Bronchial Asthma
2263,fatigue,nausea,loss of appetite,yellowing of eyes,family history,none,none,none,none,none,none,none,none,none,none,none,none,Hepatitis C
787,skin rash,pus filled pimples,blackheads,none,none,none,none,none,none,none,none,none,none,none,none,none,none,Acne
2490,fatigue,cramps,bruising,obesity,swollen legs,swollen blood vessels,prominent veins on calf,none,none,none,none,none,none,none,none,none,none,Varicose veins
813,skin rash,blister,red sore around nose,yellow crust ooze,none,none,none,none,none,none,none,none,none,none,none,none,none,Impetigo
2767,itching,fatigue,lethargy,yellowish skin,dark urine,loss of appetite,abdominal pain,yellow urine,yellowing of eyes,malaise,receiving blood transfusion,receiving unsterile injections,none,none,none,none,none,Hepatitis B
341,joint pain,neck pain,knee pain,hip joint pain,swelling joints,painful walking,none,none,none,none,none,none,none,none,none,none,none,Osteoarthristis
1099,chills,fatigue,cough,high fever,breathlessness,sweating,phlegm,chest pain,fast heart rate,rusty sputum,none,none,none,none,none,none,none,Pneumonia
2362,weight gain,cold hands and feets,mood swings,lethargy,dizziness,puffy face and eyes,enlarged thyroid,brittle nails,swollen extremeties,depression,irritability,abnormal menstruation,none,none,none,none,none,Hypothyroidism
2057,itching,skin rash,dischromic  patches,none,none,none,none,none,none,none,none,none,none,none,none,none,none,Fungal infection
1867,joint pain,vomiting,fatigue,yellowish skin,dark urine,nausea,abdominal pain,yellowing of eyes,none,none,none,none,none,none,none,none,none,Hepatitis D
2112,muscle wasting,high fever,extra marital contacts,none,none,none,none,none,none,none,none,none,none,none,none,none,none,AIDS
2,itching,nodal skin eruptions,dischromic  patches,none,none,none,none,none,none,none,none,none,none,none,none,none,none,Fungal infection
4323,chills,vomiting,fatigue,high fever,headache,nausea,constipation,abdominal pain,diarrhoea,toxic look (typhos),belly pain,none,none,none,none,none,none,Typhoid
1608,skin rash,pus filled pimples,scurring,none,none,none,none,none,none,none,none,none,none,none,none,none,none,Acne
75,fatigue,weight loss,restlessness,irregular sugar level,blurred and distorted vision,obesity,excessive hunger,increased appetite,polyuria,none,none,none,none,none,none,none,none,Diabetes
4444,itching,skin rash,fatigue,lethargy,high fever,headache,loss of appetite,mild fever,swelled lymph nodes,malaise,red spots over body,none,none,none,none,none,none,Chicken pox
344,joint pain,neck pain,hip joint pain,swelling joints,painful walking,none,none,none,none,none,none,none,none,none,none,none,none,Osteoarthristis
747,vomiting,fatigue,anxiety,sweating,nausea,blurred and distorted vision,excessive hunger,drying and tingling lips,slurred speech,irritability,palpitations,none,none,none,none,none,none,Hypoglycemia
3210,back pain,weakness in limbs,neck pain,dizziness,loss of balance,none,none,none,none,none,none,none,none,none,none,none,none,Cervical spondylosis
2075,stomach pain,acidity,ulcers on tongue,vomiting,cough,none,none,none,none,none,none,none,none,none,none,none,none,GERD
812,high fever,blister,red sore around nose,yellow crust ooze,none,none,none,none,none,none,none,none,none,none,none,none,none,Impetigo
2618,muscle weakness,stiff neck,swelling joints,movement stiffness,painful walking,none,none,none,none,none,none,none,none,none,none,none,none,Arthritis
1058,joint pain,vomiting,fatigue,high fever,yellowish skin,nausea,loss of appetite,abdominal pain,yellowing of eyes,acute liver failure,coma,stomach bleeding,none,none,none,none,none,Hepatitis E
2527,continuous sneezing,chills,fatigue,cough,high fever,headache,swelled lymph nodes,malaise,phlegm,throat irritation,redness of eyes,sinus pressure,runny nose,congestion,chest pain,loss of smell,muscle pain,Common Cold
403,skin rash,blister,red sore around nose,yellow crust ooze,none,none,none,none,none,none,none,none,none,none,none,none,none,Impetigo
2392,neck pain,knee pain,hip joint pain,swelling joints,painful walking,none,none,none,none,none,none,none,none,none,none,none,none,Osteoarthristis
1366,vomiting,headache,weakness of one body side,altered sensorium,none,none,none,none,none,none,none,none,none,none,none,none,none,Paralysis (brain hemorrhage)
1202,bladder discomfort,foul smell of urine,continuous feel of urine,none,none,none,none,none,none,none,none,none,none,none,none,none,none,Urinary tract infection
466,vomiting,indigestion,loss of appetite,abdominal pain,internal itching,none,none,none,none,none,none,none,none,none,none,none,none,Peptic ulcer diseae
4876,burning micturition,bladder discomfort,foul smell of urine,continuous feel of urine,none,none,none,none,none,none,none,none,none,none,none,none,none,Urinary tract infection
905,vomiting,sunken eyes,dehydration,none,none,none,none,none,none,none,none,none,none,none,none,none,none,Gastroenteritis
4739,vomiting,yellowish skin,abdominal pain,swelling of stomach,distention of abdomen,history of alcohol consumption,fluid overload,none,none,none,none,none,none,none,none,none,none,Alcoholic hepatitis
1012,vomiting,yellowish skin,dark urine,nausea,loss of appetite,abdominal pain,diarrhoea,mild fever,yellowing of eyes,muscle pain,none,none,none,none,none,none,none,hepatitis A
4210,constipation,pain during bowel movements,pain in anal region,bloody stool,irritation in anus,none,none,none,none,none,none,none,none,none,none,none,none,Dimorphic hemmorhoids(piles)
4059,itching,skin rash,nodal skin eruptions,dischromic  patches,none,none,none,none,none,none,none,none,none,none,none,none,none,Fungal infection
3143,chills,fatigue,cough,high fever,breathlessness,sweating,malaise,phlegm,chest pain,fast heart rate,rusty sputum,none,none,none,none,none,none,Pneumonia
1021,itching,fatigue,lethargy,yellowish skin,dark urine,loss of appetite,abdominal pain,yellow urine,yellowing of eyes,malaise,receiving blood transfusion,receiving unsterile injections,none,none,none,none,none,Hepatitis B
554,itching,vomiting,weight loss,high fever,yellowish skin,dark urine,abdominal pain,none,none,none,none,none,none,none,none,none,none,Jaundice
2893,joint pain,vomiting,fatigue,high fever,yellowish skin,dark urine,nausea,loss of appetite,abdominal pain,yellowing of eyes,acute liver failure,coma,stomach bleeding,none,none,none,none,Hepatitis E
3414,acidity,indigestion,headache,blurred and distorted vision,excessive hunger,stiff neck,depression,irritability,visual disturbances,none,none,none,none,none,none,none,none,Migraine
1710,fatigue,weight loss,restlessness,lethargy,irregular sugar level,blurred and distorted vision,obesity,excessive hunger,increased appetite,polyuria,none,none,none,none,none,none,none,Diabetes
1796,chills,vomiting,high fever,headache,nausea,diarrhoea,muscle pain,none,none,none,none,none,none,none,none,none,none,Malaria
3619,acidity,indigestion,headache,blurred and distorted vision,excessive hunger,stiff neck,depression,irritability,visual disturbances,none,none,none,none,none,none,none,none,Migraine
4905,continuous sneezing,chills,fatigue,cough,high fever,headache,swelled lymph nodes,malaise,phlegm,throat irritation,redness of eyes,sinus pressure,runny nose,congestion,chest pain,loss of smell,muscle pain,Common Cold
917,fatigue,cough,high fever,breathlessness,family history,mucoid sputum,none,none,none,none,none,none,none,none,none,none,none,Bronchial Asthma
4026,vomiting,sunken eyes,dehydration,diarrhoea,none,none,none,none,none,none,none,none,none,none,none,none,none,Gastroenteritis
3383,fatigue,yellowish skin,nausea,loss of appetite,yellowing of eyes,family history,none,none,none,none,none,none,none,none,none,none,none,Hepatitis C
3018,chills,vomiting,fatigue,weight loss,cough,high fever,breathlessness,sweating,loss of appetite,mild fever,yellowing of eyes,swelled lymph nodes,malaise,phlegm,chest pain,blood in sputum,none,Tuberculosis
4310,vomiting,indigestion,loss of appetite,abdominal pain,passage of gases,internal itching,none,none,none,none,none,none,none,none,none,none,none,Peptic ulcer diseae
1825,chills,vomiting,fatigue,high fever,headache,nausea,constipation,abdominal pain,diarrhoea,belly pain,none,none,none,none,none,none,none,Typhoid
3079,itching,skin rash,stomach pain,burning micturition,spotting  urination,none,none,none,none,none,none,none,none,none,none,none,none,Drug Reaction
3902,fatigue,weight loss,restlessness,lethargy,irregular sugar level,blurred and distorted vision,obesity,excessive hunger,increased appetite,polyuria,none,none,none,none,none,none,none,Diabetes
2996,itching,vomiting,yellowish skin,nausea,loss of appetite,abdominal pain,yellowing of eyes,none,none,none,none,none,none,none,none,none,none,Chronic cholestasis
2556,itching,vomiting,fatigue,weight loss,high fever,yellowish skin,dark urine,abdominal pain,none,none,none,none,none,none,none,none,none,Jaundice
659,vomiting,yellowish skin,abdominal pain,swelling of stomach,distention of abdomen,history of alcohol consumption,fluid overload,none,none,none,none,none,none,none,none,none,none,Alcoholic hepatitis
4207,chills,vomiting,fatigue,weight loss,cough,high fever,breathlessness,sweating,loss of appetite,mild fever,yellowing of eyes,swelled lymph nodes,malaise,phlegm,chest pain,blood in sputum,none,Tuberculosis
4804,fatigue,weight loss,restlessness,lethargy,irregular sugar level,blurred and distorted vision,obesity,excessive hunger,increased appetite,polyuria,none,none,none,none,none,none,none,Diabetes
2748,continuous sneezing,shivering,chills,watering from eyes,none,none,none,none,none,none,none,none,none,none,none,none,none,Allergy
2283,vomiting,fatigue,high fever,yellowish skin,dark urine,nausea,loss of appetite,abdominal pain,yellowing of eyes,acute liver failure,coma,stomach bleeding,none,none,none,none,none,Hepatitis E
3545,joint pain,vomiting,yellowish skin,dark urine,nausea,loss of appetite,abdominal pain,diarrhoea,mild fever,yellowing of eyes,muscle pain,none,none,none,none,none,none,hepatitis A
3991,itching,vomiting,fatigue,weight loss,high fever,yellowish skin,dark urine,abdominal pain,none,none,none,none,none,none,none,none,none,Jaundice
2953,continuous sneezing,shivering,chills,watering from eyes,none,none,none,none,none,none,none,none,none,none,none,none,none,Allergy
3516,fatigue,weight gain,cold hands and feets,mood swings,lethargy,dizziness,puffy face and eyes,enlarged thyroid,brittle nails,swollen extremeties,depression,irritability,abnormal menstruation,none,none,none,none,Hypothyroidism
631,vomiting,fatigue,yellowish skin,dark urine,nausea,loss of appetite,abdominal pain,yellowing of eyes,none,none,none,none,none,none,none,none,none,Hepatitis D
1993,muscle weakness,swelling joints,movement stiffness,painful walking,none,none,none,none,none,none,none,none,none,none,none,none,none,Arthritis
1816,skin rash,chills,vomiting,fatigue,high fever,headache,nausea,loss of appetite,pain behind the eyes,back pain,malaise,muscle pain,red spots over body,none,none,none,none,Dengue
3672,joint pain,vomiting,fatigue,high fever,yellowish skin,dark urine,nausea,loss of appetite,abdominal pain,yellowing of eyes,acute liver failure,coma,stomach bleeding,none,none,none,none,Hepatitis E
4075,itching,skin rash,fatigue,lethargy,high fever,headache,loss of appetite,mild fever,swelled lymph nodes,malaise,red spots over body,none,none,none,none,none,none,Chicken pox
365,vomiting,headache,nausea,loss of balance,unsteadiness,none,none,none,none,none,none,none,none,none,none,none,none,(vertigo) Paroymsal  Positional Vertigo
4404,skin rash,chills,joint pain,vomiting,fatigue,high fever,headache,nausea,loss of appetite,pain behind the eyes,back pain,malaise,muscle pain,red spots over body,none,none,none,Dengue
2323,fatigue,cough,high fever,breathlessness,sweating,malaise,phlegm,chest pain,fast heart rate,rusty sputum,none,none,none,none,none,none,none,Pneumonia
4030,back pain,weakness in limbs,neck pain,dizziness,loss of balance,none,none,none,none,none,none,none,none,none,none,none,none,Cervical spondylosis
722,weight gain,cold hands and feets,mood swings,lethargy,dizziness,puffy face and eyes,enlarged thyroid,brittle nails,swollen extremeties,depression,irritability,abnormal menstruation,none,none,none,none,none,Hypothyroidism
3486,continuous sneezing,shivering,chills,watering from eyes,none,none,none,none,none,none,none,none,none,none,none,none,none,Allergy
3927,fatigue,mood swings,weight loss,restlessness,sweating,diarrhoea,fast heart rate,excessive hunger,muscle weakness,irritability,abnormal menstruation,none,none,none,none,none,none,Hyperthyroidism
2634,headache,chest pain,dizziness,loss of balance,lack of concentration,none,none,none,none,none,none,none,none,none,none,none,none,Hypertension
2299,vomiting,yellowish skin,abdominal pain,swelling of stomach,distention of abdomen,history of alcohol consumption,fluid overload,none,none,none,none,none,none,none,none,none,none,Alcoholic hepatitis
2511,headache,chest pain,dizziness,loss of balance,lack of concentration,none,none,none,none,none,none,none,none,none,none,none,none,Hypertension
1299,muscle wasting,patches in throat,high fever,none,none,none,none,none,none,none,none,none,none,none,none,none,none,AIDS
1718,fatigue,weight loss,restlessness,lethargy,irregular sugar level,blurred and distorted vision,excessive hunger,increased appetite,polyuria,none,none,none,none,none,none,none,none,Diabetes
3900,vomiting,indigestion,loss of appetite,abdominal pain,passage of gases,internal itching,none,none,none,none,none,none,none,none,none,none,none,Peptic ulcer diseae
4152,acidity,indigestion,headache,blurred and distorted vision,excessive hunger,stiff neck,depression,irritability,visual disturbances,none,none,none,none,none,none,none,none,Migraine
4540,fatigue,cramps,bruising,obesity,swollen legs,swollen blood vessels,prominent veins on calf,none,none,none,none,none,none,none,none,none,none,Varicose veins
1952,weight gain,cold hands and feets,mood swings,lethargy,dizziness,puffy face and eyes,enlarged thyroid,brittle nails,swollen extremeties,depression,irritability,abnormal menstruation,none,none,none,none,none,Hypothyroidism
1018,joint pain,vomiting,yellowish skin,dark urine,nausea,loss of appetite,diarrhoea,mild fever,yellowing of eyes,muscle pain,none,none,none,none,none,none,none,hepatitis A
2410,vomiting,headache,nausea,spinning movements,loss of balance,unsteadiness,none,none,none,none,none,none,none,none,none,none,none,(vertigo) Paroymsal  Positional Vertigo
275,chills,fatigue,high fever,breathlessness,sweating,malaise,phlegm,chest pain,fast heart rate,rusty sputum,none,none,none,none,none,none,none,Pneumonia
2627,itching,vomiting,yellowish skin,nausea,loss of appetite,abdominal pain,yellowing of eyes,none,none,none,none,none,none,none,none,none,none,Chronic cholestasis
2020,burning micturition,bladder discomfort,foul smell of urine,continuous feel of urine,none,none,none,none,none,none,none,none,none,none,none,none,none,Urinary tract infection
3778,muscle wasting,patches in throat,high fever,extra marital contacts,none,none,none,none,none,none,none,none,none,none,none,none,none,AIDS
1761,back pain,weakness in limbs,neck pain,dizziness,loss of balance,none,none,none,none,none,none,none,none,none,none,none,none,Cervical spondylosis
2647,joint pain,vomiting,fatigue,high fever,yellowish skin,dark urine,nausea,loss of appetite,abdominal pain,yellowing of eyes,acute liver failure,coma,stomach bleeding,none,none,none,none,Hepatitis E
3749,chills,vomiting,fatigue,high fever,headache,nausea,constipation,abdominal pain,diarrhoea,toxic look (typhos),belly pain,none,none,none,none,none,none,Typhoid
451,itching,stomach pain,burning micturition,spotting  urination,none,none,none,none,none,none,none,none,none,none,none,none,none,Drug Reaction
3257,chills,vomiting,fatigue,high fever,headache,nausea,constipation,abdominal pain,diarrhoea,toxic look (typhos),belly pain,none,none,none,none,none,none,Typhoid
1382,chills,vomiting,high fever,sweating,headache,nausea,diarrhoea,muscle pain,none,none,none,none,none,none,none,none,none,Malaria
2785,burning micturition,bladder discomfort,foul smell of urine,continuous feel of urine,none,none,none,none,none,none,none,none,none,none,none,none,none,Urinary tract infection
4428,itching,skin rash,nodal skin eruptions,dischromic  patches,none,none,none,none,none,none,none,none,none,none,none,none,none,Fungal infection
1178,muscle weakness,stiff neck,swelling joints,movement stiffness,painful walking,none,none,none,none,none,none,none,none,none,none,none,none,Arthritis
3358,skin rash,pus filled pimples,blackheads,scurring,none,none,none,none,none,none,none,none,none,none,none,none,none,Acne
2617,joint pain,neck pain,knee pain,hip joint pain,swelling joints,painful walking,none,none,none,none,none,none,none,none,none,none,none,Osteoarthristis
3052,chills,vomiting,fatigue,high fever,headache,nausea,constipation,abdominal pain,diarrhoea,toxic look (typhos),belly pain,none,none,none,none,none,none,Typhoid
2927,itching,skin rash,fatigue,lethargy,high fever,headache,loss of appetite,mild fever,swelled lymph nodes,malaise,red spots over body,none,none,none,none,none,none,Chicken pox
3114,skin rash,joint pain,skin peeling,silver like dusting,small dents in nails,inflammatory nails,none,none,none,none,none,none,none,none,none,none,none,Psoriasis
3142,continuous sneezing,chills,fatigue,cough,high fever,headache,swelled lymph nodes,malaise,phlegm,throat irritation,redness of eyes,sinus pressure,runny nose,congestion,chest pain,loss of smell,muscle pain,Common Cold
2605,joint pain,vomiting,fatigue,yellowish skin,dark urine,nausea,loss of appetite,abdominal pain,yellowing of eyes,none,none,none,none,none,none,none,none,Hepatitis D
724,fatigue,cold hands and feets,mood swings,lethargy,dizziness,puffy face and eyes,enlarged thyroid,brittle nails,swollen extremeties,depression,irritability,abnormal menstruation,none,none,none,none,none,Hypothyroidism
164,itching,skin rash,fatigue,high fever,headache,loss of appetite,mild fever,swelled lymph nodes,malaise,red spots over body,none,none,none,none,none,none,none,Chicken pox
4812,chills,vomiting,high fever,sweating,headache,nausea,diarrhoea,muscle pain,none,none,none,none,none,none,none,none,none,Malaria
1681,itching,stomach pain,burning micturition,spotting  urination,none,none,none,none,none,none,none,none,none,none,none,none,none,Drug Reaction
373,skin rash,blackheads,scurring,none,none,none,none,none,none,none,none,none,none,none,none,none,none,Acne
3385,joint pain,vomiting,fatigue,high fever,yellowish skin,dark urine,nausea,loss of appetite,abdominal pain,yellowing of eyes,acute liver failure,coma,stomach bleeding,none,none,none,none,Hepatitis E
1562,vomiting,fatigue,anxiety,sweating,headache,nausea,blurred and distorted vision,excessive hunger,drying and tingling lips,slurred speech,irritability,palpitations,none,none,none,none,none,Hypoglycemia
3164,fatigue,weight loss,restlessness,lethargy,irregular sugar level,blurred and distorted vision,obesity,excessive hunger,increased appetite,polyuria,none,none,none,none,none,none,none,Diabetes
1580,muscle weakness,stiff neck,swelling joints,movement stiffness,painful walking,none,none,none,none,none,none,none,none,none,none,none,none,Arthritis
509,fatigue,high fever,breathlessness,family history,mucoid sputum,none,none,none,none,none,none,none,none,none,none,none,none,Bronchial Asthma
315,fatigue,weight gain,mood swings,lethargy,dizziness,puffy face and eyes,enlarged thyroid,brittle nails,swollen extremeties,depression,irritability,abnormal menstruation,none,none,none,none,none,Hypothyroidism
1633,skin rash,blister,red sore around nose,yellow crust ooze,none,none,none,none,none,none,none,none,none,none,none,none,none,Impetigo
3182,chills,vomiting,fatigue,weight loss,cough,high fever,breathlessness,sweating,loss of appetite,mild fever,yellowing of eyes,swelled lymph nodes,malaise,phlegm,chest pain,blood in sputum,none,Tuberculosis
3154,burning micturition,bladder discomfort,foul smell of urine,continuous feel of urine,none,none,none,none,none,none,none,none,none,none,none,none,none,Urinary tract infection
3322,continuous sneezing,shivering,chills,watering from eyes,none,none,none,none,none,none,none,none,none,none,none,none,none,Allergy
4389,stomach pain,acidity,ulcers on tongue,vomiting,cough,chest pain,none,none,none,none,none,none,none,none,none,none,none,GERD
4066,fatigue,weight loss,restlessness,lethargy,irregular sugar level,blurred and distorted vision,obesity,excessive hunger,increased appetite,polyuria,none,none,none,none,none,none,none,Diabetes
4371,chills,vomiting,fatigue,weight loss,cough,high fever,breathlessness,sweating,loss of appetite,mild fever,yellowing of eyes,swelled lymph nodes,malaise,phlegm,chest pain,blood in sputum,none,Tuberculosis
4060,continuous sneezing,shivering,chills,watering from eyes,none,none,none,none,none,none,none,none,none,none,none,none,none,Allergy
2195,itching,vomiting,fatigue,high fever,yellowish skin,dark urine,abdominal pain,none,none,none,none,none,none,none,none,none,none,Jaundice
477,patches in throat,high fever,extra marital contacts,none,none,none,none,none,none,none,none,none,none,none,none,none,none,AIDS
755,joint pain,neck pain,knee pain,swelling joints,painful walking,none,none,none,none,none,none,none,none,none,none,none,none,Osteoarthristis
3407,itching,skin rash,stomach pain,burning micturition,spotting  urination,none,none,none,none,none,none,none,none,none,none,none,none,Drug Reaction
2196,itching,vomiting,fatigue,weight loss,yellowish skin,dark urine,abdominal pain,none,none,none,none,none,none,none,none,none,none,Jaundice
4068,fatigue,cough,high fever,breathlessness,family history,mucoid sputum,none,none,none,none,none,none,none,none,none,none,none,Bronchial Asthma
2943,fatigue,mood swings,weight loss,restlessness,sweating,diarrhoea,fast heart rate,excessive hunger,muscle weakness,irritability,abnormal menstruation,none,none,none,none,none,none,Hyperthyroidism
323,fatigue,weight loss,restlessness,sweating,diarrhoea,fast heart rate,excessive hunger,muscle weakness,irritability,abnormal menstruation,none,none,none,none,none,none,none,Hyperthyroidism
1743,headache,chest pain,loss of balance,lack of concentration,none,none,none,none,none,none,none,none,none,none,none,none,none,Hypertension
1465,joint pain,vomiting,high fever,yellowish skin,dark urine,nausea,loss of appetite,abdominal pain,yellowing of eyes,acute liver failure,coma,stomach bleeding,none,none,none,none,none,Hepatitis E
1121,fatigue,cramps,bruising,obesity,swollen legs,swollen blood vessels,prominent veins on calf,none,none,none,none,none,none,none,none,none,none,Varicose veins
2092,itching,skin rash,burning micturition,spotting  urination,none,none,none,none,none,none,none,none,none,none,none,none,none,Drug Reaction
1104,constipation,pain in anal region,bloody stool,irritation in anus,none,none,none,none,none,none,none,none,none,none,none,none,none,Dimorphic hemmorhoids(piles)
121,back pain,weakness in limbs,neck pain,dizziness,loss of balance,none,none,none,none,none,none,none,none,none,none,none,none,Cervical spondylosis
559,itching,vomiting,fatigue,weight loss,high fever,yellowish skin,dark urine,none,none,none,none,none,none,none,none,none,none,Jaundice
285,constipation,pain during bowel movements,bloody stool,irritation in anus,none,none,none,none,none,none,none,none,none,none,none,none,none,Dimorphic hemmorhoids(piles)
401,skin rash,high fever,blister,red sore around nose,yellow crust ooze,none,none,none,none,none,none,none,none,none,none,none,none,Impetigo
478,muscle wasting,high fever,extra marital contacts,none,none,none,none,none,none,none,none,none,none,none,none,none,none,AIDS
2239,chills,fatigue,high fever,headache,nausea,constipation,abdominal pain,diarrhoea,toxic look (typhos),belly pain,none,none,none,none,none,none,none,Typhoid
3167,headache,chest pain,dizziness,loss of balance,lack of concentration,none,none,none,none,none,none,none,none,none,none,none,none,Hypertension
1003,chills,vomiting,fatigue,high fever,headache,nausea,constipation,diarrhoea,toxic look (typhos),belly pain,none,none,none,none,none,none,none,Typhoid
2830,continuous sneezing,shivering,chills,watering from eyes,none,none,none,none,none,none,none,none,none,none,none,none,none,Allergy
1352,weakness in limbs,neck pain,dizziness,loss of balance,none,none,none,none,none,none,none,none,none,none,none,none,none,Cervical spondylosis
1897,chills,vomiting,fatigue,weight loss,cough,breathlessness,sweating,loss of appetite,mild fever,yellowing of eyes,swelled lymph nodes,malaise,phlegm,chest pain,blood in sputum,none,none,Tuberculosis
692,constipation,pain during bowel movements,pain in anal region,bloody stool,irritation in anus,none,none,none,none,none,none,none,none,none,none,none,none,Dimorphic hemmorhoids(piles)
2687,joint pain,vomiting,fatigue,yellowish skin,dark urine,nausea,loss of appetite,abdominal pain,yellowing of eyes,none,none,none,none,none,none,none,none,Hepatitis D
2600,skin rash,chills,joint pain,vomiting,fatigue,high fever,headache,nausea,loss of appetite,pain behind the eyes,back pain,malaise,muscle pain,red spots over body,none,none,none,Dengue
4822,chills,vomiting,fatigue,weight loss,cough,high fever,breathlessness,sweating,loss of appetite,mild fever,yellowing of eyes,swelled lymph nodes,malaise,phlegm,chest pain,blood in sputum,none,Tuberculosis
2128,fatigue,weight loss,restlessness,lethargy,irregular sugar level,blurred and distorted vision,excessive hunger,increased appetite,polyuria,none,none,none,none,none,none,none,none,Diabetes
4065,muscle wasting,patches in throat,high fever,extra marital contacts,none,none,none,none,none,none,none,none,none,none,none,none,none,AIDS
4128,constipation,pain during bowel movements,pain in anal region,bloody stool,irritation in anus,none,none,none,none,none,none,none,none,none,none,none,none,Dimorphic hemmorhoids(piles)
955,vomiting,headache,weakness of one body side,none,none,none,none,none,none,none,none,none,none,none,none,none,none,Paralysis (brain hemorrhage)
3095,itching,fatigue,lethargy,yellowish skin,dark urine,loss of appetite,abdominal pain,yellow urine,yellowing of eyes,malaise,receiving blood transfusion,receiving unsterile injections,none,none,none,none,none,Hepatitis B
4659,continuous sneezing,chills,fatigue,cough,high fever,headache,swelled lymph nodes,malaise,phlegm,throat irritation,redness of eyes,sinus pressure,runny nose,congestion,chest pain,loss of smell,muscle pain,Common Cold
4918,skin rash,joint pain,skin peeling,silver like dusting,small dents in nails,inflammatory nails,none,none,none,none,none,none,none,none,none,none,none,Psoriasis
3868,itching,vomiting,fatigue,weight loss,high fever,yellowish skin,dark urine,abdominal pain,none,none,none,none,none,none,none,none,none,Jaundice
2861,fatigue,mood swings,weight loss,restlessness,sweating,diarrhoea,fast heart rate,excessive hunger,muscle weakness,irritability,abnormal menstruation,none,none,none,none,none,none,Hyperthyroidism
915,fatigue,cough,high fever,breathlessness,mucoid sputum,none,none,none,none,none,none,none,none,none,none,none,none,Bronchial Asthma
4556,vomiting,indigestion,loss of appetite,abdominal pain,passage of gases,internal itching,none,none,none,none,none,none,none,none,none,none,none,Peptic ulcer diseae
1950,fatigue,weight gain,cold hands and feets,mood swings,lethargy,dizziness,puffy face and eyes,enlarged thyroid,brittle nails,swollen extremeties,depression,irritability,abnormal menstruation,none,none,none,none,Hypothyroidism
4723,vomiting,sunken eyes,dehydration,diarrhoea,none,none,none,none,none,none,none,none,none,none,none,none,none,Gastroenteritis
1959,fatigue,weight gain,cold hands and feets,mood swings,lethargy,dizziness,enlarged thyroid,brittle nails,swollen extremeties,depression,irritability,abnormal menstruation,none,none,none,none,none,Hypothyroidism
1843,itching,lethargy,yellowish skin,dark urine,loss of appetite,abdominal pain,yellow urine,yellowing of eyes,malaise,receiving blood transfusion,receiving unsterile injections,none,none,none,none,none,none,Hepatitis B
4415,constipation,pain during bowel movements,pain in anal region,bloody stool,irritation in anus,none,none,none,none,none,none,none,none,none,none,none,none,Dimorphic hemmorhoids(piles)
3096,fatigue,yellowish skin,nausea,loss of appetite,yellowing of eyes,family history,none,none,none,none,none,none,none,none,none,none,none,Hepatitis C
1552,mood swings,weight loss,restlessness,sweating,diarrhoea,fast heart rate,excessive hunger,muscle weakness,irritability,abnormal menstruation,none,none,none,none,none,none,none,Hyperthyroidism
3200,stomach pain,acidity,ulcers on tongue,vomiting,cough,chest pain,none,none,none,none,none,none,none,none,none,none,none,GERD
2782,muscle weakness,stiff neck,swelling joints,movement stiffness,painful walking,none,none,none,none,none,none,none,none,none,none,none,none,Arthritis
3283,itching,vomiting,yellowish skin,nausea,loss of appetite,abdominal pain,yellowing of eyes,none,none,none,none,none,none,none,none,none,none,Chronic cholestasis
3129,vomiting,headache,weakness of one body side,altered sensorium,none,none,none,none,none,none,none,none,none,none,none,none,none,Paralysis (brain hemorrhage)
294,vomiting,breathlessness,chest pain,none,none,none,none,none,none,none,none,none,none,none,none,none,none,Heart attack
2326,chills,fatigue,cough,breathlessness,sweating,malaise,phlegm,chest pain,fast heart rate,rusty sputum,none,none,none,none,none,none,none,Pneumonia
1584,muscle weakness,stiff neck,movement stiffness,painful walking,none,none,none,none,none,none,none,none,none,none,none,none,none,Arthritis
4652,joint pain,vomiting,yellowish skin,dark urine,nausea,loss of appetite,abdominal pain,diarrhoea,mild fever,yellowing of eyes,muscle pain,none,none,none,none,none,none,hepatitis A
1084,continuous sneezing,chills,cough,high fever,headache,swelled lymph nodes,malaise,phlegm,throat irritation,redness of eyes,sinus pressure,runny nose,congestion,chest pain,loss of smell,muscle pain,none,Common Cold
4416,vomiting,breathlessness,sweating,chest pain,none,none,none,none,none,none,none,none,none,none,none,none,none,Heart attack
1982,neck pain,knee pain,hip joint pain,swelling joints,painful walking,none,none,none,none,none,none,none,none,none,none,none,none,Osteoarthristis
3946,headache,chest pain,dizziness,loss of balance,lack of concentration,none,none,none,none,none,none,none,none,none,none,none,none,Hypertension
2137,sunken eyes,dehydration,diarrhoea,none,none,none,none,none,none,none,none,none,none,none,none,none,none,Gastroenteritis
583,skin rash,chills,joint pain,vomiting,fatigue,high fever,headache,nausea,loss of appetite,pain behind the eyes,back pain,malaise,muscle pain,red spots over body,none,none,none,Dengue
4361,chills,vomiting,high fever,sweating,headache,nausea,diarrhoea,muscle pain,none,none,none,none,none,none,none,none,none,Malaria
3500,chills,vomiting,high fever,sweating,headache,nausea,diarrhoea,muscle pain,none,none,none,none,none,none,none,none,none,Malaria
113,acidity,indigestion,blurred and distorted vision,excessive hunger,stiff neck,depression,irritability,visual disturbances,none,none,none,none,none,none,none,none,none,Migraine
2589,muscle wasting,patches in throat,high fever,extra marital contacts,none,none,none,none,none,none,none,none,none,none,none,none,none,AIDS
2880,headache,chest pain,dizziness,loss of balance,lack of concentration,none,none,none,none,none,none,none,none,none,none,none,none,Hypertension
1917,chills,fatigue,cough,high fever,sweating,malaise,phlegm,chest pain,fast heart rate,rusty sputum,none,none,none,none,none,none,none,Pneumonia
3159,stomach pain,acidity,ulcers on tongue,vomiting,cough,chest pain,none,none,none,none,none,none,none,none,none,none,none,GERD
2777,fatigue,cramps,bruising,obesity,swollen legs,swollen blood vessels,prominent veins on calf,none,none,none,none,none,none,none,none,none,none,Varicose veins
3329,vomiting,sunken eyes,dehydration,diarrhoea,none,none,none,none,none,none,none,none,none,none,none,none,none,Gastroenteritis
2991,skin rash,joint pain,skin peeling,silver like dusting,small dents in nails,inflammatory nails,none,none,none,none,none,none,none,none,none,none,none,Psoriasis
2012,pus filled pimples,blackheads,scurring,none,none,none,none,none,none,none,none,none,none,none,none,none,none,Acne
608,joint pain,vomiting,yellowish skin,dark urine,nausea,loss of appetite,diarrhoea,mild fever,yellowing of eyes,muscle pain,none,none,none,none,none,none,none,hepatitis A
2906,vomiting,headache,nausea,spinning movements,loss of balance,unsteadiness,none,none,none,none,none,none,none,none,none,none,none,(vertigo) Paroymsal  Positional Vertigo
2854,chills,vomiting,fatigue,weight loss,cough,high fever,breathlessness,sweating,loss of appetite,mild fever,yellowing of eyes,swelled lymph nodes,malaise,phlegm,chest pain,blood in sputum,none,Tuberculosis
1489,chills,vomiting,fatigue,weight loss,cough,high fever,breathlessness,loss of appetite,mild fever,yellowing of eyes,swelled lymph nodes,malaise,phlegm,chest pain,blood in sputum,none,none,Tuberculosis
2437,burning micturition,bladder discomfort,continuous feel of urine,none,none,none,none,none,none,none,none,none,none,none,none,none,none,Urinary tract infection
2700,muscle weakness,stiff neck,swelling joints,movement stiffness,painful walking,none,none,none,none,none,none,none,none,none,none,none,none,Arthritis
491,vomiting,sunken eyes,dehydration,diarrhoea,none,none,none,none,none,none,none,none,none,none,none,none,none,Gastroenteritis
3455,acidity,indigestion,headache,blurred and distorted vision,excessive hunger,stiff neck,depression,irritability,visual disturbances,none,none,none,none,none,none,none,none,Migraine
3328,fatigue,weight loss,restlessness,lethargy,irregular sugar level,blurred and distorted vision,obesity,excessive hunger,increased appetite,polyuria,none,none,none,none,none,none,none,Diabetes
899,fatigue,weight loss,restlessness,lethargy,irregular sugar level,blurred and distorted vision,obesity,increased appetite,polyuria,none,none,none,none,none,none,none,none,Diabetes
4374,constipation,pain during bowel movements,pain in anal region,bloody stool,irritation in anus,none,none,none,none,none,none,none,none,none,none,none,none,Dimorphic hemmorhoids(piles)
1792,chills,vomiting,high fever,sweating,headache,nausea,diarrhoea,muscle pain,none,none,none,none,none,none,none,none,none,Malaria
1875,joint pain,vomiting,high fever,yellowish skin,dark urine,nausea,loss of appetite,abdominal pain,yellowing of eyes,acute liver failure,coma,stomach bleeding,none,none,none,none,none,Hepatitis E
91,cough,high fever,breathlessness,family history,mucoid sputum,none,none,none,none,none,none,none,none,none,none,none,none,Bronchial Asthma
1433,itching,lethargy,yellowish skin,dark urine,loss of appetite,abdominal pain,yellow urine,yellowing of eyes,malaise,receiving blood transfusion,receiving unsterile injections,none,none,none,none,none,none,Hepatitis B
1960,fatigue,mood swings,weight loss,restlessness,sweating,diarrhoea,fast heart rate,excessive hunger,muscle weakness,irritability,abnormal menstruation,none,none,none,none,none,none,Hyperthyroidism
1327,fatigue,cough,high fever,breathlessness,family history,mucoid sputum,none,none,none,none,none,none,none,none,none,none,none,Bronchial Asthma
1483,chills,fatigue,weight loss,cough,high fever,breathlessness,sweating,loss of appetite,mild fever,yellowing of eyes,swelled lymph nodes,malaise,phlegm,chest pain,blood in sputum,none,none,Tuberculosis
2673,vomiting,sunken eyes,dehydration,diarrhoea,none,none,none,none,none,none,none,none,none,none,none,none,none,Gastroenteritis
769,muscle weakness,stiff neck,swelling joints,movement stiffness,painful walking,none,none,none,none,none,none,none,none,none,none,none,none,Arthritis
102,headache,dizziness,loss of balance,lack of concentration,none,none,none,none,none,none,none,none,none,none,none,none,none,Hypertension
2804,itching,skin rash,fatigue,lethargy,high fever,headache,loss of appetite,mild fever,swelled lymph nodes,malaise,red spots over body,none,none,none,none,none,none,Chicken pox
4572,fatigue,yellowish skin,nausea,loss of appetite,yellowing of eyes,family history,none,none,none,none,none,none,none,none,none,none,none,Hepatitis C
3464,itching,fatigue,lethargy,yellowish skin,dark urine,loss of appetite,abdominal pain,yellow urine,yellowing of eyes,malaise,receiving blood transfusion,receiving unsterile injections,none,none,none,none,none,Hepatitis B
672,chills,fatigue,cough,high fever,headache,swelled lymph nodes,malaise,phlegm,throat irritation,redness of eyes,sinus pressure,runny nose,congestion,chest pain,loss of smell,muscle pain,none,Common Cold
81,vomiting,sunken eyes,dehydration,diarrhoea,none,none,none,none,none,none,none,none,none,none,none,none,none,Gastroenteritis
632,joint pain,fatigue,yellowish skin,dark urine,nausea,loss of appetite,abdominal pain,yellowing of eyes,none,none,none,none,none,none,none,none,none,Hepatitis D
1054,joint pain,fatigue,high fever,yellowish skin,dark urine,nausea,loss of appetite,abdominal pain,yellowing of eyes,acute liver failure,coma,stomach bleeding,none,none,none,none,none,Hepatitis E
4330,chills,vomiting,fatigue,weight loss,cough,high fever,breathlessness,sweating,loss of appetite,mild fever,yellowing of eyes,swelled lymph nodes,malaise,phlegm,chest pain,blood in sputum,none,Tuberculosis
3288,vomiting,sunken eyes,dehydration,diarrhoea,none,none,none,none,none,none,none,none,none,none,none,none,none,Gastroenteritis
1927,constipation,pain during bowel movements,pain in anal region,bloody stool,none,none,none,none,none,none,none,none,none,none,none,none,none,Dimorphic hemmorhoids(piles)
924,headache,chest pain,dizziness,lack of concentration,none,none,none,none,none,none,none,none,none,none,none,none,none,Hypertension
3979,stomach pain,acidity,ulcers on tongue,vomiting,cough,chest pain,none,none,none,none,none,none,none,none,none,none,none,GERD
2207,chills,vomiting,high fever,sweating,nausea,diarrhoea,muscle pain,none,none,none,none,none,none,none,none,none,none,Malaria
4238,chills,vomiting,high fever,sweating,headache,nausea,diarrhoea,muscle pain,none,none,none,none,none,none,none,none,none,Malaria
4062,itching,vomiting,yellowish skin,nausea,loss of appetite,abdominal pain,yellowing of eyes,none,none,none,none,none,none,none,none,none,none,Chronic cholestasis
2042,high fever,blister,red sore around nose,yellow crust ooze,none,none,none,none,none,none,none,none,none,none,none,none,none,Impetigo
3572,vomiting,indigestion,loss of appetite,abdominal pain,passage of gases,internal itching,none,none,none,none,none,none,none,none,none,none,none,Peptic ulcer diseae
3947,acidity,indigestion,headache,blurred and distorted vision,excessive hunger,stiff neck,depression,irritability,visual disturbances,none,none,none,none,none,none,none,none,Migraine
534,back pain,weakness in limbs,dizziness,loss of balance,none,none,none,none,none,none,none,none,none,none,none,none,none,Cervical spondylosis
316,fatigue,weight gain,cold hands and feets,lethargy,dizziness,puffy face and eyes,enlarged thyroid,brittle nails,swollen extremeties,depression,irritability,abnormal menstruation,none,none,none,none,none,Hypothyroidism
2188,vomiting,weakness of one body side,altered sensorium,none,none,none,none,none,none,none,none,none,none,none,none,none,none,Paralysis (brain hemorrhage)
4028,headache,chest pain,dizziness,loss of balance,lack of concentration,none,none,none,none,none,none,none,none,none,none,none,none,Hypertension
3281,continuous sneezing,shivering,chills,watering from eyes,none,none,none,none,none,none,none,none,none,none,none,none,none,Allergy
1894,chills,vomiting,weight loss,cough,high fever,breathlessness,sweating,loss of appetite,mild fever,yellowing of eyes,swelled lymph nodes,malaise,phlegm,chest pain,blood in sputum,none,none,Tuberculosis
4069,headache,chest pain,dizziness,loss of balance,lack of concentration,none,none,none,none,none,none,none,none,none,none,none,none,Hypertension
3931,vomiting,headache,nausea,spinning movements,loss of balance,unsteadiness,none,none,none,none,none,none,none,none,none,none,none,(vertigo) Paroymsal  Positional Vertigo
2940,vomiting,breathlessness,sweating,chest pain,none,none,none,none,none,none,none,none,none,none,none,none,none,Heart attack
3186,vomiting,breathlessness,sweating,chest pain,none,none,none,none,none,none,none,none,none,none,none,none,none,Heart attack
2790,stomach pain,acidity,ulcers on tongue,vomiting,cough,chest pain,none,none,none,none,none,none,none,none,none,none,none,GERD
2151,chest pain,dizziness,loss of balance,lack of concentration,none,none,none,none,none,none,none,none,none,none,none,none,none,Hypertension
2001,vomiting,headache,nausea,spinning movements,loss of balance,unsteadiness,none,none,none,none,none,none,none,none,none,none,none,(vertigo) Paroymsal  Positional Vertigo
2864,muscle weakness,stiff neck,swelling joints,movement stiffness,painful walking,none,none,none,none,none,none,none,none,none,none,none,none,Arthritis
567,chills,vomiting,high fever,sweating,nausea,diarrhoea,muscle pain,none,none,none,none,none,none,none,none,none,none,Malaria
1873,vomiting,fatigue,high fever,yellowish skin,dark urine,nausea,loss of appetite,abdominal pain,yellowing of eyes,acute liver failure,coma,stomach bleeding,none,none,none,none,none,Hepatitis E
3683,joint pain,neck pain,knee pain,hip joint pain,swelling joints,painful walking,none,none,none,none,none,none,none,none,none,none,none,Osteoarthristis
2024,burning micturition,bladder discomfort,continuous feel of urine,none,none,none,none,none,none,none,none,none,none,none,none,none,none,Urinary tract infection
407,skin rash,high fever,blister,red sore around nose,none,none,none,none,none,none,none,none,none,none,none,none,none,Impetigo
4631,skin rash,joint pain,skin peeling,silver like dusting,small dents in nails,inflammatory nails,none,none,none,none,none,none,none,none,none,none,none,Psoriasis
4872,joint pain,neck pain,knee pain,hip joint pain,swelling joints,painful walking,none,none,none,none,none,none,none,none,none,none,none,Osteoarthristis
1890,chills,vomiting,fatigue,weight loss,cough,high fever,breathlessness,sweating,loss of appetite,mild fever,yellowing of eyes,swelled lymph nodes,malaise,phlegm,chest pain,blood in sputum,none,Tuberculosis
3113,burning micturition,bladder discomfort,foul smell of urine,continuous feel of urine,none,none,none,none,none,none,none,none,none,none,none,none,none,Urinary tract infection
3344,joint pain,vomiting,fatigue,high fever,yellowish skin,dark urine,nausea,loss of appetite,abdominal pain,yellowing of eyes,acute liver failure,coma,stomach bleeding,none,none,none,none,Hepatitis E
927,chest pain,dizziness,loss of balance,lack of concentration,none,none,none,none,none,none,none,none,none,none,none,none,none,Hypertension
1001,chills,vomiting,fatigue,high fever,headache,constipation,abdominal pain,diarrhoea,toxic look (typhos),belly pain,none,none,none,none,none,none,none,Typhoid
3878,vomiting,yellowish skin,abdominal pain,swelling of stomach,distention of abdomen,history of alcohol consumption,fluid overload,none,none,none,none,none,none,none,none,none,none,Alcoholic hepatitis
4420,vomiting,fatigue,anxiety,sweating,headache,nausea,blurred and distorted vision,excessive hunger,drying and tingling lips,slurred speech,irritability,palpitations,none,none,none,none,none,Hypoglycemia
1964,fatigue,mood swings,restlessness,sweating,diarrhoea,fast heart rate,excessive hunger,muscle weakness,irritability,abnormal menstruation,none,none,none,none,none,none,none,Hyperthyroidism
4181,skin rash,high fever,blister,red sore around nose,yellow crust ooze,none,none,none,none,none,none,none,none,none,none,none,none,Impetigo
599,chills,fatigue,high fever,headache,nausea,constipation,abdominal pain,diarrhoea,toxic look (typhos),belly pain,none,none,none,none,none,none,none,Typhoid
1417,chills,vomiting,fatigue,high fever,headache,nausea,constipation,abdominal pain,diarrhoea,toxic look (typhos),belly pain,none,none,none,none,none,none,Typhoid
753,joint pain,knee pain,hip joint pain,swelling joints,painful walking,none,none,none,none,none,none,none,none,none,none,none,none,Osteoarthristis
2214,itching,skin rash,fatigue,high fever,headache,loss of appetite,mild fever,swelled lymph nodes,malaise,red spots over body,none,none,none,none,none,none,none,Chicken pox
4593,continuous sneezing,shivering,chills,watering from eyes,none,none,none,none,none,none,none,none,none,none,none,none,none,Allergy
2930,joint pain,vomiting,yellowish skin,dark urine,nausea,loss of appetite,abdominal pain,diarrhoea,mild fever,yellowing of eyes,muscle pain,none,none,none,none,none,none,hepatitis A
1544,fatigue,cold hands and feets,mood swings,lethargy,dizziness,puffy face and eyes,enlarged thyroid,brittle nails,swollen extremeties,depression,irritability,abnormal menstruation,none,none,none,none,none,Hypothyroidism
4879,itching,skin rash,nodal skin eruptions,dischromic  patches,none,none,none,none,none,none,none,none,none,none,none,none,none,Fungal infection
2157,chest pain,dizziness,loss of balance,lack of concentration,none,none,none,none,none,none,none,none,none,none,none,none,none,Hypertension
4557,muscle wasting,patches in throat,high fever,extra marital contacts,none,none,none,none,none,none,none,none,none,none,none,none,none,AIDS
4579,constipation,pain during bowel movements,pain in anal region,bloody stool,irritation in anus,none,none,none,none,none,none,none,none,none,none,none,none,Dimorphic hemmorhoids(piles)
1115,vomiting,breathlessness,sweating,none,none,none,none,none,none,none,none,none,none,none,none,none,none,Heart attack
1480,chills,vomiting,fatigue,weight loss,cough,high fever,breathlessness,sweating,loss of appetite,mild fever,yellowing of eyes,swelled lymph nodes,malaise,phlegm,chest pain,blood in sputum,none,Tuberculosis
327,fatigue,mood swings,weight loss,restlessness,sweating,fast heart rate,excessive hunger,muscle weakness,irritability,abnormal menstruation,none,none,none,none,none,none,none,Hyperthyroidism
1452,joint pain,fatigue,yellowish skin,dark urine,nausea,loss of appetite,abdominal pain,yellowing of eyes,none,none,none,none,none,none,none,none,none,Hepatitis D
116,acidity,indigestion,headache,blurred and distorted vision,excessive hunger,depression,irritability,visual disturbances,none,none,none,none,none,none,none,none,none,Migraine
4159,chills,vomiting,fatigue,high fever,headache,nausea,constipation,abdominal pain,diarrhoea,toxic look (typhos),belly pain,none,none,none,none,none,none,Typhoid
3284,itching,skin rash,stomach pain,burning micturition,spotting  urination,none,none,none,none,none,none,none,none,none,none,none,none,Drug Reaction
1640,itching,skin rash,nodal skin eruptions,dischromic  patches,none,none,none,none,none,none,none,none,none,none,none,none,none,Fungal infection
2670,vomiting,indigestion,loss of appetite,abdominal pain,passage of gases,internal itching,none,none,none,none,none,none,none,none,none,none,none,Peptic ulcer diseae
2489,vomiting,breathlessness,sweating,chest pain,none,none,none,none,none,none,none,none,none,none,none,none,none,Heart attack
2246,joint pain,vomiting,yellowish skin,dark urine,loss of appetite,abdominal pain,diarrhoea,mild fever,yellowing of eyes,muscle pain,none,none,none,none,none,none,none,hepatitis A
1326,fatigue,cough,high fever,breathlessness,family history,none,none,none,none,none,none,none,none,none,none,none,none,Bronchial Asthma
4618,continuous sneezing,chills,fatigue,cough,high fever,headache,swelled lymph nodes,malaise,phlegm,throat irritation,redness of eyes,sinus pressure,runny nose,congestion,chest pain,loss of smell,muscle pain,Common Cold
2396,joint pain,neck pain,knee pain,hip joint pain,painful walking,none,none,none,none,none,none,none,none,none,none,none,none,Osteoarthristis
3254,chills,vomiting,high fever,sweating,headache,nausea,diarrhoea,muscle pain,none,none,none,none,none,none,none,none,none,Malaria
379,skin rash,blackheads,scurring,none,none,none,none,none,none,none,none,none,none,none,none,none,none,Acne
2111,patches in throat,high fever,extra marital contacts,none,none,none,none,none,none,none,none,none,none,none,none,none,none,AIDS
1992,stiff neck,swelling joints,movement stiffness,painful walking,none,none,none,none,none,none,none,none,none,none,none,none,none,Arthritis
2351,fatigue,cramps,bruising,obesity,swollen legs,swollen blood vessels,prominent veins on calf,none,none,none,none,none,none,none,none,none,none,Varicose veins
3179,joint pain,vomiting,fatigue,yellowish skin,dark urine,nausea,loss of appetite,abdominal pain,yellowing of eyes,none,none,none,none,none,none,none,none,Hepatitis D
4326,fatigue,yellowish skin,nausea,loss of appetite,yellowing of eyes,family history,none,none,none,none,none,none,none,none,none,none,none,Hepatitis C
2148,cough,high fever,breathlessness,family history,mucoid sputum,none,none,none,none,none,none,none,none,none,none,none,none,Bronchial Asthma
1650,continuous sneezing,shivering,chills,watering from eyes,none,none,none,none,none,none,none,none,none,none,none,none,none,Allergy
1836,joint pain,vomiting,yellowish skin,dark urine,loss of appetite,abdominal pain,diarrhoea,mild fever,yellowing of eyes,muscle pain,none,none,none,none,none,none,none,hepatitis A
4492,joint pain,vomiting,fatigue,high fever,yellowish skin,dark urine,nausea,loss of appetite,abdominal pain,yellowing of eyes,acute liver failure,coma,stomach bleeding,none,none,none,none,Hepatitis E
2974,joint pain,vomiting,fatigue,yellowish skin,dark urine,nausea,loss of appetite,abdominal pain,yellowing of eyes,none,none,none,none,none,none,none,none,Hepatitis D
1126,fatigue,cramps,bruising,obesity,swollen blood vessels,prominent veins on calf,none,none,none,none,none,none,none,none,none,none,none,Varicose veins
2853,vomiting,yellowish skin,abdominal pain,swelling of stomach,distention of abdomen,history of alcohol consumption,fluid overload,none,none,none,none,none,none,none,none,none,none,Alcoholic hepatitis
3165,vomiting,sunken eyes,dehydration,diarrhoea,none,none,none,none,none,none,none,none,none,none,none,none,none,Gastroenteritis
1998,muscle weakness,stiff neck,swelling joints,movement stiffness,painful walking,none,none,none,none,none,none,none,none,none,none,none,none,Arthritis
2570,constipation,pain during bowel movements,pain in anal region,bloody stool,irritation in anus,none,none,none,none,none,none,none,none,none,none,none,none,Dimorphic hemmorhoids(piles)
4504,muscle weakness,stiff neck,swelling joints,movement stiffness,painful walking,none,none,none,none,none,none,none,none,none,none,none,none,Arthritis
2372,mood swings,weight loss,restlessness,sweating,diarrhoea,fast heart rate,excessive hunger,muscle weakness,irritability,abnormal menstruation,none,none,none,none,none,none,none,Hyperthyroidism
4211,vomiting,breathlessness,sweating,chest pain,none,none,none,none,none,none,none,none,none,none,none,none,none,Heart attack
2729,joint pain,vomiting,fatigue,high fever,yellowish skin,dark urine,nausea,loss of appetite,abdominal pain,yellowing of eyes,acute liver failure,coma,stomach bleeding,none,none,none,none,Hepatitis E
2183,vomiting,weakness of one body side,altered sensorium,none,none,none,none,none,none,none,none,none,none,none,none,none,none,Paralysis (brain hemorrhage)
3046,back pain,weakness in limbs,neck pain,dizziness,loss of balance,none,none,none,none,none,none,none,none,none,none,none,none,Cervical spondylosis
1282,indigestion,loss of appetite,abdominal pain,passage of gases,internal itching,none,none,none,none,none,none,none,none,none,none,none,none,Peptic ulcer diseae
4708,joint pain,neck pain,knee pain,hip joint pain,swelling joints,painful walking,none,none,none,none,none,none,none,none,none,none,none,Osteoarthristis
3008,chills,vomiting,high fever,sweating,headache,nausea,diarrhoea,muscle pain,none,none,none,none,none,none,none,none,none,Malaria
4309,itching,skin rash,stomach pain,burning micturition,spotting  urination,none,none,none,none,none,none,none,none,none,none,none,none,Drug Reaction
2266,fatigue,yellowish skin,nausea,loss of appetite,family history,none,none,none,none,none,none,none,none,none,none,none,none,Hepatitis C
836,continuous sneezing,chills,watering from eyes,none,none,none,none,none,none,none,none,none,none,none,none,none,none,Allergy
1592,headache,nausea,spinning movements,loss of balance,unsteadiness,none,none,none,none,none,none,none,none,none,none,none,none,(vertigo) Paroymsal  Positional Vertigo
1135,fatigue,weight gain,mood swings,lethargy,dizziness,puffy face and eyes,enlarged thyroid,brittle nails,swollen extremeties,depression,irritability,abnormal menstruation,none,none,none,none,none,Hypothyroidism
2505,itching,skin rash,stomach pain,burning micturition,spotting  urination,none,none,none,none,none,none,none,none,none,none,none,none,Drug Reaction
562,chills,vomiting,high fever,sweating,headache,nausea,diarrhoea,muscle pain,none,none,none,none,none,none,none,none,none,Malaria
4742,chills,fatigue,cough,high fever,breathlessness,sweating,malaise,phlegm,chest pain,fast heart rate,rusty sputum,none,none,none,none,none,none,Pneumonia
197,joint pain,vomiting,yellowish skin,dark urine,nausea,abdominal pain,diarrhoea,mild fever,yellowing of eyes,muscle pain,none,none,none,none,none,none,none,hepatitis A
321,fatigue,mood swings,weight loss,restlessness,sweating,diarrhoea,fast heart rate,excessive hunger,muscle weakness,irritability,abnormal menstruation,none,none,none,none,none,none,Hyperthyroidism
4110,headache,chest pain,dizziness,loss of balance,lack of concentration,none,none,none,none,none,none,none,none,none,none,none,none,Hypertension
4463,muscle weakness,stiff neck,swelling joints,movement stiffness,painful walking,none,none,none,none,none,none,none,none,none,none,none,none,Arthritis
2332,constipation,pain during bowel movements,pain in anal region,bloody stool,irritation in anus,none,none,none,none,none,none,none,none,none,none,none,none,Dimorphic hemmorhoids(piles)
1585,muscle weakness,stiff neck,swelling joints,painful walking,none,none,none,none,none,none,none,none,none,none,none,none,none,Arthritis
4687,vomiting,headache,weakness of one body side,altered sensorium,none,none,none,none,none,none,none,none,none,none,none,none,none,Paralysis (brain hemorrhage)
776,vomiting,headache,nausea,spinning movements,unsteadiness,none,none,none,none,none,none,none,none,none,none,none,none,(vertigo) Paroymsal  Positional Vertigo
1134,fatigue,cold hands and feets,mood swings,lethargy,dizziness,puffy face and eyes,enlarged thyroid,brittle nails,swollen extremeties,depression,irritability,abnormal menstruation,none,none,none,none,none,Hypothyroidism
4378,fatigue,mood swings,weight loss,restlessness,sweating,diarrhoea,fast heart rate,excessive hunger,muscle weakness,irritability,abnormal menstruation,none,none,none,none,none,none,Hyperthyroidism
4443,chills,vomiting,high fever,sweating,headache,nausea,diarrhoea,muscle pain,none,none,none,none,none,none,none,none,none,Malaria
732,mood swings,weight loss,restlessness,sweating,diarrhoea,fast heart rate,excessive hunger,muscle weakness,irritability,abnormal menstruation,none,none,none,none,none,none,none,Hyperthyroidism
3250,acidity,indigestion,headache,blurred and distorted vision,excessive hunger,stiff neck,depression,irritability,visual disturbances,none,none,none,none,none,none,none,none,Migraine
1910,chills,fatigue,cough,high fever,breathlessness,sweating,malaise,chest pain,fast heart rate,rusty sputum,none,none,none,none,none,none,none,Pneumonia
2631,fatigue,weight loss,restlessness,lethargy,irregular sugar level,blurred and distorted vision,obesity,excessive hunger,increased appetite,polyuria,none,none,none,none,none,none,none,Diabetes
2690,chills,vomiting,fatigue,weight loss,cough,high fever,breathlessness,sweating,loss of appetite,mild fever,yellowing of eyes,swelled lymph nodes,malaise,phlegm,chest pain,blood in sputum,none,Tuberculosis
4747,fatigue,mood swings,weight loss,restlessness,sweating,diarrhoea,fast heart rate,excessive hunger,muscle weakness,irritability,abnormal menstruation,none,none,none,none,none,none,Hyperthyroidism
1776,vomiting,headache,weakness of one body side,altered sensorium,none,none,none,none,none,none,none,none,none,none,none,none,none,Paralysis (brain hemorrhage)
4381,muscle weakness,stiff neck,swelling joints,movement stiffness,painful walking,none,none,none,none,none,none,none,none,none,none,none,none,Arthritis
600,joint pain,vomiting,yellowish skin,dark urine,nausea,loss of appetite,abdominal pain,diarrhoea,mild fever,yellowing of eyes,muscle pain,none,none,none,none,none,none,hepatitis A
2663,skin rash,joint pain,skin peeling,silver like dusting,small dents in nails,inflammatory nails,none,none,none,none,none,none,none,none,none,none,none,Psoriasis
3879,chills,vomiting,fatigue,weight loss,cough,high fever,breathlessness,sweating,loss of appetite,mild fever,yellowing of eyes,swelled lymph nodes,malaise,phlegm,chest pain,blood in sputum,none,Tuberculosis
1963,fatigue,weight loss,restlessness,sweating,diarrhoea,fast heart rate,excessive hunger,muscle weakness,irritability,abnormal menstruation,none,none,none,none,none,none,none,Hyperthyroidism
4377,fatigue,weight gain,cold hands and feets,mood swings,lethargy,dizziness,puffy face and eyes,enlarged thyroid,brittle nails,swollen extremeties,depression,irritability,abnormal menstruation,none,none,none,none,Hypothyroidism
951,vomiting,headache,weakness of one body side,altered sensorium,none,none,none,none,none,none,none,none,none,none,none,none,none,Paralysis (brain hemorrhage)
474,muscle wasting,patches in throat,high fever,none,none,none,none,none,none,none,none,none,none,none,none,none,none,AIDS
70,fatigue,weight loss,restlessness,lethargy,irregular sugar level,blurred and distorted vision,obesity,excessive hunger,increased appetite,polyuria,none,none,none,none,none,none,none,Diabetes
1972,vomiting,fatigue,anxiety,sweating,headache,nausea,blurred and distorted vision,excessive hunger,drying and tingling lips,slurred speech,irritability,palpitations,none,none,none,none,none,Hypoglycemia
397,skin rash,joint pain,skin peeling,silver like dusting,small dents in nails,none,none,none,none,none,none,none,none,none,none,none,none,Psoriasis
3271,fatigue,mood swings,weight loss,restlessness,sweating,diarrhoea,fast heart rate,excessive hunger,muscle weakness,irritability,abnormal menstruation,none,none,none,none,none,none,Hyperthyroidism
1063,vomiting,abdominal pain,swelling of stomach,distention of abdomen,history of alcohol consumption,fluid overload,none,none,none,none,none,none,none,none,none,none,none,Alcoholic hepatitis
4229,muscle wasting,patches in throat,high fever,extra marital contacts,none,none,none,none,none,none,none,none,none,none,none,none,none,AIDS
3867,vomiting,headache,weakness of one body side,altered sensorium,none,none,none,none,none,none,none,none,none,none,none,none,none,Paralysis (brain hemorrhage)
4842,itching,skin rash,stomach pain,burning micturition,spotting  urination,none,none,none,none,none,none,none,none,none,none,none,none,Drug Reaction
1526,vomiting,breathlessness,sweating,chest pain,none,none,none,none,none,none,none,none,none,none,none,none,none,Heart attack
2002,headache,nausea,spinning movements,loss of balance,unsteadiness,none,none,none,none,none,none,none,none,none,none,none,none,(vertigo) Paroymsal  Positional Vertigo
1645,skin rash,nodal skin eruptions,dischromic  patches,none,none,none,none,none,none,none,none,none,none,none,none,none,none,Fungal infection
4487,chills,vomiting,fatigue,high fever,headache,nausea,constipation,abdominal pain,diarrhoea,toxic look (typhos),belly pain,none,none,none,none,none,none,Typhoid
788,skin rash,pus filled pimples,scurring,none,none,none,none,none,none,none,none,none,none,none,none,none,none,Acne
3400,burning micturition,bladder discomfort,foul smell of urine,continuous feel of urine,none,none,none,none,none,none,none,none,none,none,none,none,none,Urinary tract infection
3337,itching,skin rash,fatigue,lethargy,high fever,headache,loss of appetite,mild fever,swelled lymph nodes,malaise,red spots over body,none,none,none,none,none,none,Chicken pox
4602,headache,chest pain,dizziness,loss of balance,lack of concentration,none,none,none,none,none,none,none,none,none,none,none,none,Hypertension
389,burning micturition,bladder discomfort,continuous feel of urine,none,none,none,none,none,none,none,none,none,none,none,none,none,none,Urinary tract infection
3433,fatigue,cramps,bruising,obesity,swollen legs,swollen blood vessels,prominent veins on calf,none,none,none,none,none,none,none,none,none,none,Varicose veins
4887,vomiting,sunken eyes,dehydration,diarrhoea,none,none,none,none,none,none,none,none,none,none,none,none,none,Gastroenteritis
3214,itching,skin rash,fatigue,lethargy,high fever,headache,loss of appetite,mild fever,swelled lymph nodes,malaise,red spots over body,none,none,none,none,none,none,Chicken pox
3360,skin rash,joint pain,skin peeling,silver like dusting,small dents in nails,inflammatory nails,none,none,none,none,none,none,none,none,none,none,none,Psoriasis
3744,vomiting,headache,weakness of one body side,altered sensorium,none,none,none,none,none,none,none,none,none,none,none,none,none,Paralysis (brain hemorrhage)
209,itching,fatigue,lethargy,yellowish skin,dark urine,loss of appetite,abdominal pain,yellowing of eyes,malaise,receiving blood transfusion,receiving unsterile injections,none,none,none,none,none,none,Hepatitis B
2735,vomiting,breathlessness,sweating,chest pain,none,none,none,none,none,none,none,none,none,none,none,none,none,Heart attack
2315,continuous sneezing,chills,fatigue,high fever,headache,swelled lymph nodes,malaise,phlegm,throat irritation,redness of eyes,sinus pressure,runny nose,congestion,chest pain,loss of smell,muscle pain,none,Common Cold
2487,chills,fatigue,cough,high fever,breathlessness,sweating,malaise,phlegm,chest pain,fast heart rate,rusty sputum,none,none,none,none,none,none,Pneumonia
4553,stomach pain,acidity,ulcers on tongue,vomiting,cough,chest pain,none,none,none,none,none,none,none,none,none,none,none,GERD
2227,skin rash,chills,joint pain,fatigue,high fever,headache,nausea,loss of appetite,pain behind the eyes,back pain,malaise,muscle pain,red spots over body,none,none,none,none,Dengue
1803,itching,skin rash,lethargy,high fever,headache,loss of appetite,mild fever,swelled lymph nodes,malaise,red spots over body,none,none,none,none,none,none,none,Chicken pox
3088,vomiting,headache,weakness of one body side,altered sensorium,none,none,none,none,none,none,none,none,none,none,none,none,none,Paralysis (brain hemorrhage)
910,fatigue,cough,high fever,breathlessness,family history,mucoid sputum,none,none,none,none,none,none,none,none,none,none,none,Bronchial Asthma
1649,itching,skin rash,nodal skin eruptions,dischromic  patches,none,none,none,none,none,none,none,none,none,none,none,none,none,Fungal infection
1136,fatigue,weight gain,cold hands and feets,lethargy,dizziness,puffy face and eyes,enlarged thyroid,brittle nails,swollen extremeties,depression,irritability,abnormal menstruation,none,none,none,none,none,Hypothyroidism
4859,fatigue,yellowish skin,nausea,loss of appetite,yellowing of eyes,family history,none,none,none,none,none,none,none,none,none,none,none,Hepatitis C
2345,vomiting,breathlessness,sweating,none,none,none,none,none,none,none,none,none,none,none,none,none,none,Heart attack
1504,chills,cough,high fever,breathlessness,sweating,malaise,phlegm,chest pain,fast heart rate,rusty sputum,none,none,none,none,none,none,none,Pneumonia
2238,chills,vomiting,fatigue,high fever,headache,nausea,constipation,abdominal pain,diarrhoea,toxic look (typhos),belly pain,none,none,none,none,none,none,Typhoid
3810,burning micturition,bladder discomfort,foul smell of urine,continuous feel of urine,none,none,none,none,none,none,none,none,none,none,none,none,none,Urinary tract infection
3915,itching,fatigue,lethargy,yellowish skin,dark urine,loss of appetite,abdominal pain,yellow urine,yellowing of eyes,malaise,receiving blood transfusion,receiving unsterile injections,none,none,none,none,none,Hepatitis B
3653,itching,skin rash,stomach pain,burning micturition,spotting  urination,none,none,none,none,none,none,none,none,none,none,none,none,Drug Reaction
2434,burning micturition,bladder discomfort,continuous feel of urine,none,none,none,none,none,none,none,none,none,none,none,none,none,none,Urinary tract infection
2922,acidity,indigestion,headache,blurred and distorted vision,excessive hunger,stiff neck,depression,irritability,visual disturbances,none,none,none,none,none,none,none,none,Migraine
4018,itching,skin rash,nodal skin eruptions,dischromic  patches,none,none,none,none,none,none,none,none,none,none,none,none,none,Fungal infection
3860,muscle wasting,patches in throat,high fever,extra marital contacts,none,none,none,none,none,none,none,none,none,none,none,none,none,AIDS
2325,chills,fatigue,high fever,breathlessness,sweating,malaise,phlegm,chest pain,fast heart rate,rusty sputum,none,none,none,none,none,none,none,Pneumonia
1246,continuous sneezing,chills,watering from eyes,none,none,none,none,none,none,none,none,none,none,none,none,none,none,Allergy
3199,continuous sneezing,shivering,chills,watering from eyes,none,none,none,none,none,none,none,none,none,none,none,none,none,Allergy
2522,fatigue,yellowish skin,nausea,loss of appetite,yellowing of eyes,family history,none,none,none,none,none,none,none,none,none,none,none,Hepatitis C
2559,skin rash,chills,joint pain,vomiting,fatigue,high fever,headache,nausea,loss of appetite,pain behind the eyes,back pain,malaise,muscle pain,red spots over body,none,none,none,Dengue
255,chills,vomiting,fatigue,cough,high fever,breathlessness,sweating,loss of appetite,mild fever,yellowing of eyes,swelled lymph nodes,malaise,phlegm,chest pain,blood in sputum,none,none,Tuberculosis
4662,vomiting,breathlessness,sweating,chest pain,none,none,none,none,none,none,none,none,none,none,none,none,none,Heart attack
2587,itching,skin rash,stomach pain,burning micturition,spotting  urination,none,none,none,none,none,none,none,none,none,none,none,none,Drug Reaction
410,itching,skin rash,nodal skin eruptions,dischromic  patches,none,none,none,none,none,none,none,none,none,none,none,none,none,Fungal infection
4541,fatigue,weight gain,cold hands and feets,mood swings,lethargy,dizziness,puffy face and eyes,enlarged thyroid,brittle nails,swollen extremeties,depression,irritability,abnormal menstruation,none,none,none,none,Hypothyroidism
4053,muscle weakness,stiff neck,swelling joints,movement stiffness,painful walking,none,none,none,none,none,none,none,none,none,none,none,none,Arthritis
1441,fatigue,yellowish skin,nausea,loss of appetite,yellowing of eyes,family history,none,none,none,none,none,none,none,none,none,none,none,Hepatitis C
4731,itching,skin rash,fatigue,lethargy,high fever,headache,loss of appetite,mild fever,swelled lymph nodes,malaise,red spots over body,none,none,none,none,none,none,Chicken pox
1967,fatigue,mood swings,weight loss,restlessness,sweating,fast heart rate,excessive hunger,muscle weakness,irritability,abnormal menstruation,none,none,none,none,none,none,none,Hyperthyroidism
3606,skin rash,joint pain,skin peeling,silver like dusting,small dents in nails,inflammatory nails,none,none,none,none,none,none,none,none,none,none,none,Psoriasis
4829,fatigue,mood swings,weight loss,restlessness,sweating,diarrhoea,fast heart rate,excessive hunger,muscle weakness,irritability,abnormal menstruation,none,none,none,none,none,none,Hyperthyroidism
2270,joint pain,vomiting,fatigue,yellowish skin,dark urine,nausea,loss of appetite,abdominal pain,yellowing of eyes,none,none,none,none,none,none,none,none,Hepatitis D
4267,itching,vomiting,yellowish skin,nausea,loss of appetite,abdominal pain,yellowing of eyes,none,none,none,none,none,none,none,none,none,none,Chronic cholestasis
1371,itching,vomiting,fatigue,weight loss,high fever,yellowish skin,dark urine,abdominal pain,none,none,none,none,none,none,none,none,none,Jaundice
1450,joint pain,vomiting,fatigue,yellowish skin,dark urine,nausea,loss of appetite,abdominal pain,yellowing of eyes,none,none,none,none,none,none,none,none,Hepatitis D
2476,itching,skin rash,fatigue,lethargy,high fever,headache,loss of appetite,mild fever,swelled lymph nodes,malaise,red spots over body,none,none,none,none,none,none,Chicken pox
830,continuous sneezing,shivering,chills,watering from eyes,none,none,none,none,none,none,none,none,none,none,none,none,none,Allergy
338,vomiting,fatigue,anxiety,sweating,headache,blurred and distorted vision,excessive hunger,drying and tingling lips,slurred speech,irritability,palpitations,none,none,none,none,none,none,Hypoglycemia
3445,continuous sneezing,shivering,chills,watering from eyes,none,none,none,none,none,none,none,none,none,none,none,none,none,Allergy
1625,skin rash,joint pain,skin peeling,small dents in nails,inflammatory nails,none,none,none,none,none,none,none,none,none,none,none,none,Psoriasis
4438,headache,chest pain,dizziness,loss of balance,lack of concentration,none,none,none,none,none,none,none,none,none,none,none,none,Hypertension
4720,vomiting,indigestion,loss of appetite,abdominal pain,passage of gases,internal itching,none,none,none,none,none,none,none,none,none,none,none,Peptic ulcer diseae
3784,back pain,weakness in limbs,neck pain,dizziness,loss of balance,none,none,none,none,none,none,none,none,none,none,none,none,Cervical spondylosis
3921,continuous sneezing,chills,fatigue,cough,high fever,headache,swelled lymph nodes,malaise,phlegm,throat irritation,redness of eyes,sinus pressure,runny nose,congestion,chest pain,loss of smell,muscle pain,Common Cold
1053,vomiting,fatigue,high fever,yellowish skin,dark urine,nausea,loss of appetite,abdominal pain,yellowing of eyes,acute liver failure,coma,stomach bleeding,none,none,none,none,none,Hepatitis E
4832,muscle weakness,stiff neck,swelling joints,movement stiffness,painful walking,none,none,none,none,none,none,none,none,none,none,none,none,Arthritis
4275,acidity,indigestion,headache,blurred and distorted vision,excessive hunger,stiff neck,depression,irritability,visual disturbances,none,none,none,none,none,none,none,none,Migraine
3805,vomiting,fatigue,anxiety,sweating,headache,nausea,blurred and distorted vision,excessive hunger,drying and tingling lips,slurred speech,irritability,palpitations,none,none,none,none,none,Hypoglycemia
4313,vomiting,sunken eyes,dehydration,diarrhoea,none,none,none,none,none,none,none,none,none,none,none,none,none,Gastroenteritis
925,headache,chest pain,dizziness,loss of balance,none,none,none,none,none,none,none,none,none,none,none,none,none,Hypertension
2425,skin rash,pus filled pimples,blackheads,none,none,none,none,none,none,none,none,none,none,none,none,none,none,Acne
2583,itching,skin rash,nodal skin eruptions,dischromic  patches,none,none,none,none,none,none,none,none,none,none,none,none,none,Fungal infection
1204,burning micturition,bladder discomfort,continuous feel of urine,none,none,none,none,none,none,none,none,none,none,none,none,none,none,Urinary tract infection
636,joint pain,vomiting,fatigue,yellowish skin,dark urine,loss of appetite,abdominal pain,yellowing of eyes,none,none,none,none,none,none,none,none,none,Hepatitis D
3745,itching,vomiting,fatigue,weight loss,high fever,yellowish skin,dark urine,abdominal pain,none,none,none,none,none,none,none,none,none,Jaundice
3870,itching,skin rash,fatigue,lethargy,high fever,headache,loss of appetite,mild fever,swelled lymph nodes,malaise,red spots over body,none,none,none,none,none,none,Chicken pox
541,vomiting,headache,weakness of one body side,altered sensorium,none,none,none,none,none,none,none,none,none,none,none,none,none,Paralysis (brain hemorrhage)
3084,fatigue,cough,high fever,breathlessness,family history,mucoid sputum,none,none,none,none,none,none,none,none,none,none,none,Bronchial Asthma
804,skin rash,joint pain,silver like dusting,small dents in nails,inflammatory nails,none,none,none,none,none,none,none,none,none,none,none,none,Psoriasis
4578,chills,fatigue,cough,high fever,breathlessness,sweating,malaise,phlegm,chest pain,fast heart rate,rusty sputum,none,none,none,none,none,none,Pneumonia
3661,back pain,weakness in limbs,neck pain,dizziness,loss of balance,none,none,none,none,none,none,none,none,none,none,none,none,Cervical spondylosis
3679,fatigue,cramps,bruising,obesity,swollen legs,swollen blood vessels,prominent veins on calf,none,none,none,none,none,none,none,none,none,none,Varicose veins
3580,vomiting,headache,weakness of one body side,altered sensorium,none,none,none,none,none,none,none,none,none,none,none,none,none,Paralysis (brain hemorrhage)
780,skin rash,pus filled pimples,blackheads,scurring,none,none,none,none,none,none,none,none,none,none,none,none,none,Acne
437,stomach pain,ulcers on tongue,vomiting,cough,chest pain,none,none,none,none,none,none,none,none,none,none,none,none,GERD
4788,fatigue,mood swings,weight loss,restlessness,sweating,diarrhoea,fast heart rate,excessive hunger,muscle weakness,irritability,abnormal menstruation,none,none,none,none,none,none,Hyperthyroidism
4401,itching,vomiting,fatigue,weight loss,high fever,yellowish skin,dark urine,abdominal pain,none,none,none,none,none,none,none,none,none,Jaundice
2677,back pain,weakness in limbs,neck pain,dizziness,loss of balance,none,none,none,none,none,none,none,none,none,none,none,none,Cervical spondylosis
651,vomiting,yellowish skin,abdominal pain,swelling of stomach,distention of abdomen,history of alcohol consumption,fluid overload,none,none,none,none,none,none,none,none,none,none,Alcoholic hepatitis
2896,continuous sneezing,chills,fatigue,cough,high fever,headache,swelled lymph nodes,malaise,phlegm,throat irritation,redness of eyes,sinus pressure,runny nose,congestion,chest pain,loss of smell,muscle pain,Common Cold
1119,vomiting,breathlessness,chest pain,none,none,none,none,none,none,none,none,none,none,none,none,none,none,Heart attack
296,vomiting,breathlessness,sweating,chest pain,none,none,none,none,none,none,none,none,none,none,none,none,none,Heart attack
2921,headache,chest pain,dizziness,loss of balance,lack of concentration,none,none,none,none,none,none,none,none,none,none,none,none,Hypertension
4834,skin rash,pus filled pimples,blackheads,scurring,none,none,none,none,none,none,none,none,none,none,none,none,none,Acne
3812,skin rash,high fever,blister,red sore around nose,yellow crust ooze,none,none,none,none,none,none,none,none,none,none,none,none,Impetigo
673,continuous sneezing,fatigue,cough,high fever,headache,swelled lymph nodes,malaise,phlegm,throat irritation,redness of eyes,sinus pressure,runny nose,congestion,chest pain,loss of smell,muscle pain,none,Common Cold
2839,headache,chest pain,dizziness,loss of balance,lack of concentration,none,none,none,none,none,none,none,none,none,none,none,none,Hypertension
3040,muscle wasting,patches in throat,high fever,extra marital contacts,none,none,none,none,none,none,none,none,none,none,none,none,none,AIDS
1403,skin rash,chills,joint pain,vomiting,fatigue,high fever,headache,nausea,loss of appetite,pain behind the eyes,back pain,malaise,muscle pain,red spots over body,none,none,none,Dengue
330,vomiting,fatigue,anxiety,sweating,headache,nausea,blurred and distorted vision,excessive hunger,slurred speech,irritability,palpitations,none,none,none,none,none,none,Hypoglycemia
2756,fatigue,cough,high fever,breathlessness,family history,mucoid sputum,none,none,none,none,none,none,none,none,none,none,none,Bronchial Asthma
683,fatigue,cough,high fever,breathlessness,sweating,malaise,phlegm,chest pain,fast heart rate,rusty sputum,none,none,none,none,none,none,none,Pneumonia
12,continuous sneezing,chills,watering from eyes,none,none,none,none,none,none,none,none,none,none,none,none,none,none,Allergy
709,vomiting,breathlessness,chest pain,none,none,none,none,none,none,none,none,none,none,none,none,none,none,Heart attack
2775,constipation,pain during bowel movements,pain in anal region,bloody stool,irritation in anus,none,none,none,none,none,none,none,none,none,none,none,none,Dimorphic hemmorhoids(piles)
2877,fatigue,weight loss,restlessness,lethargy,irregular sugar level,blurred and distorted vision,obesity,excessive hunger,increased appetite,polyuria,none,none,none,none,none,none,none,Diabetes
2360,fatigue,weight gain,cold hands and feets,mood swings,lethargy,dizziness,puffy face and eyes,enlarged thyroid,brittle nails,swollen extremeties,depression,irritability,abnormal menstruation,none,none,none,none,Hypothyroidism
2932,fatigue,yellowish skin,nausea,loss of appetite,yellowing of eyes,family history,none,none,none,none,none,none,none,none,none,none,none,Hepatitis C
1052,joint pain,vomiting,fatigue,high fever,yellowish skin,dark urine,nausea,loss of appetite,abdominal pain,yellowing of eyes,acute liver failure,coma,stomach bleeding,none,none,none,none,Hepatitis E
2009,vomiting,headache,nausea,loss of balance,unsteadiness,none,none,none,none,none,none,none,none,none,none,none,none,(vertigo) Paroymsal  Positional Vertigo
3287,fatigue,weight loss,restlessness,lethargy,irregular sugar level,blurred and distorted vision,obesity,excessive hunger,increased appetite,polyuria,none,none,none,none,none,none,none,Diabetes
428,continuous sneezing,shivering,chills,none,none,none,none,none,none,none,none,none,none,none,none,none,none,Allergy
3822,fatigue,cough,high fever,breathlessness,family history,mucoid sputum,none,none,none,none,none,none,none,none,none,none,none,Bronchial Asthma
4117,skin rash,chills,joint pain,vomiting,fatigue,high fever,headache,nausea,loss of appetite,pain behind the eyes,back pain,malaise,muscle pain,red spots over body,none,none,none,Dengue
202,fatigue,lethargy,yellowish skin,dark urine,loss of appetite,abdominal pain,yellow urine,yellowing of eyes,malaise,receiving blood transfusion,receiving unsterile injections,none,none,none,none,none,none,Hepatitis B
2944,vomiting,fatigue,anxiety,sweating,headache,nausea,blurred and distorted vision,excessive hunger,drying and tingling lips,slurred speech,irritability,palpitations,none,none,none,none,none,Hypoglycemia
3635,chills,fatigue,cough,high fever,breathlessness,sweating,malaise,phlegm,chest pain,fast heart rate,rusty sputum,none,none,none,none,none,none,Pneumonia
4341,vomiting,headache,nausea,spinning movements,loss of balance,unsteadiness,none,none,none,none,none,none,none,none,none,none,none,(vertigo) Paroymsal  Positional Vertigo
3567,itching,skin rash,nodal skin eruptions,dischromic  patches,none,none,none,none,none,none,none,none,none,none,none,none,none,Fungal infection
577,itching,skin rash,fatigue,lethargy,high fever,headache,mild fever,swelled lymph nodes,malaise,red spots over body,none,none,none,none,none,none,none,Chicken pox
1226,skin rash,high fever,blister,yellow crust ooze,none,none,none,none,none,none,none,none,none,none,none,none,none,Impetigo
2813,chills,vomiting,fatigue,weight loss,cough,high fever,breathlessness,sweating,loss of appetite,mild fever,yellowing of eyes,swelled lymph nodes,malaise,phlegm,chest pain,blood in sputum,none,Tuberculosis
3346,chills,vomiting,fatigue,weight loss,cough,high fever,breathlessness,sweating,loss of appetite,mild fever,yellowing of eyes,swelled lymph nodes,malaise,phlegm,chest pain,blood in sputum,none,Tuberculosis
4787,fatigue,weight gain,cold hands and feets,mood swings,lethargy,dizziness,puffy face and eyes,enlarged thyroid,brittle nails,swollen extremeties,depression,irritability,abnormal menstruation,none,none,none,none,Hypothyroidism
1677,itching,vomiting,yellowish skin,nausea,loss of appetite,abdominal pain,none,none,none,none,none,none,none,none,none,none,none,Chronic cholestasis
163,itching,skin rash,lethargy,high fever,headache,loss of appetite,mild fever,swelled lymph nodes,malaise,red spots over body,none,none,none,none,none,none,none,Chicken pox
1189,vomiting,headache,nausea,loss of balance,unsteadiness,none,none,none,none,none,none,none,none,none,none,none,none,(vertigo) Paroymsal  Positional Vertigo
1617,burning micturition,bladder discomfort,continuous feel of urine,none,none,none,none,none,none,none,none,none,none,none,none,none,none,Urinary tract infection
3627,joint pain,vomiting,yellowish skin,dark urine,nausea,loss of appetite,abdominal pain,diarrhoea,mild fever,yellowing of eyes,muscle pain,none,none,none,none,none,none,hepatitis A
2466,muscle wasting,patches in throat,high fever,extra marital contacts,none,none,none,none,none,none,none,none,none,none,none,none,none,AIDS
2078,stomach pain,acidity,vomiting,cough,chest pain,none,none,none,none,none,none,none,none,none,none,none,none,GERD
2763,itching,skin rash,fatigue,lethargy,high fever,headache,loss of appetite,mild fever,swelled lymph nodes,malaise,red spots over body,none,none,none,none,none,none,Chicken pox
4083,vomiting,yellowish skin,abdominal pain,swelling of stomach,distention of abdomen,history of alcohol consumption,fluid overload,none,none,none,none,none,none,none,none,none,none,Alcoholic hepatitis
1402,skin rash,chills,joint pain,vomiting,fatigue,high fever,headache,nausea,loss of appetite,pain behind the eyes,back pain,malaise,muscle pain,none,none,none,none,Dengue
782,pus filled pimples,blackheads,scurring,none,none,none,none,none,none,none,none,none,none,none,none,none,none,Acne
1009,chills,fatigue,high fever,headache,nausea,constipation,abdominal pain,diarrhoea,toxic look (typhos),belly pain,none,none,none,none,none,none,none,Typhoid
3376,itching,vomiting,fatigue,weight loss,high fever,yellowish skin,dark urine,abdominal pain,none,none,none,none,none,none,none,none,none,Jaundice
4136,vomiting,headache,nausea,spinning movements,loss of balance,unsteadiness,none,none,none,none,none,none,none,none,none,none,none,(vertigo) Paroymsal  Positional Vertigo
734,fatigue,mood swings,restlessness,sweating,diarrhoea,fast heart rate,excessive hunger,muscle weakness,irritability,abnormal menstruation,none,none,none,none,none,none,none,Hyperthyroidism
2711,vomiting,indigestion,loss of appetite,abdominal pain,passage of gases,internal itching,none,none,none,none,none,none,none,none,none,none,none,Peptic ulcer diseae
4545,muscle weakness,stiff neck,swelling joints,movement stiffness,painful walking,none,none,none,none,none,none,none,none,none,none,none,none,Arthritis
222,joint pain,fatigue,yellowish skin,dark urine,nausea,loss of appetite,abdominal pain,yellowing of eyes,none,none,none,none,none,none,none,none,none,Hepatitis D
4654,fatigue,yellowish skin,nausea,loss of appetite,yellowing of eyes,family history,none,none,none,none,none,none,none,none,none,none,none,Hepatitis C
1459,joint pain,vomiting,fatigue,yellowish skin,dark urine,nausea,loss of appetite,abdominal pain,none,none,none,none,none,none,none,none,none,Hepatitis D
118,acidity,indigestion,headache,blurred and distorted vision,excessive hunger,stiff neck,depression,visual disturbances,none,none,none,none,none,none,none,none,none,Migraine
2554,back pain,weakness in limbs,neck pain,dizziness,loss of balance,none,none,none,none,none,none,none,none,none,none,none,none,Cervical spondylosis
1760,back pain,weakness in limbs,neck pain,dizziness,loss of balance,none,none,none,none,none,none,none,none,none,none,none,none,Cervical spondylosis
3098,joint pain,vomiting,fatigue,high fever,yellowish skin,dark urine,nausea,loss of appetite,abdominal pain,yellowing of eyes,acute liver failure,coma,stomach bleeding,none,none,none,none,Hepatitis E
199,joint pain,vomiting,yellowish skin,dark urine,nausea,loss of appetite,abdominal pain,mild fever,yellowing of eyes,muscle pain,none,none,none,none,none,none,none,hepatitis A
79,fatigue,weight loss,restlessness,lethargy,irregular sugar level,blurred and distorted vision,obesity,increased appetite,polyuria,none,none,none,none,none,none,none,none,Diabetes
2105,vomiting,indigestion,loss of appetite,passage of gases,internal itching,none,none,none,none,none,none,none,none,none,none,none,none,Peptic ulcer diseae
15,shivering,chills,watering from eyes,none,none,none,none,none,none,none,none,none,none,none,none,none,none,Allergy
4087,constipation,pain during bowel movements,pain in anal region,bloody stool,irritation in anus,none,none,none,none,none,none,none,none,none,none,none,none,Dimorphic hemmorhoids(piles)
4233,headache,chest pain,dizziness,loss of balance,lack of concentration,none,none,none,none,none,none,none,none,none,none,none,none,Hypertension
490,vomiting,sunken eyes,dehydration,diarrhoea,none,none,none,none,none,none,none,none,none,none,none,none,none,Gastroenteritis
855,itching,vomiting,yellowish skin,nausea,abdominal pain,yellowing of eyes,none,none,none,none,none,none,none,none,none,none,none,Chronic cholestasis
4139,skin rash,joint pain,skin peeling,silver like dusting,small dents in nails,inflammatory nails,none,none,none,none,none,none,none,none,none,none,none,Psoriasis
148,itching,vomiting,fatigue,weight loss,high fever,yellowish skin,abdominal pain,none,none,none,none,none,none,none,none,none,none,Jaundice
3863,fatigue,cough,high fever,breathlessness,family history,mucoid sputum,none,none,none,none,none,none,none,none,none,none,none,Bronchial Asthma
3574,fatigue,weight loss,restlessness,lethargy,irregular sugar level,blurred and distorted vision,obesity,excessive hunger,increased appetite,polyuria,none,none,none,none,none,none,none,Diabetes
2061,shivering,chills,watering from eyes,none,none,none,none,none,none,none,none,none,none,none,none,none,none,Allergy
1980,joint pain,neck pain,knee pain,hip joint pain,swelling joints,painful walking,none,none,none,none,none,none,none,none,none,none,none,Osteoarthristis
95,fatigue,cough,high fever,breathlessness,mucoid sputum,none,none,none,none,none,none,none,none,none,none,none,none,Bronchial Asthma
3818,vomiting,indigestion,loss of appetite,abdominal pain,passage of gases,internal itching,none,none,none,none,none,none,none,none,none,none,none,Peptic ulcer diseae
3391,vomiting,breathlessness,sweating,chest pain,none,none,none,none,none,none,none,none,none,none,none,none,none,Heart attack
3631,joint pain,vomiting,fatigue,high fever,yellowish skin,dark urine,nausea,loss of appetite,abdominal pain,yellowing of eyes,acute liver failure,coma,stomach bleeding,none,none,none,none,Hepatitis E
760,muscle weakness,stiff neck,swelling joints,movement stiffness,painful walking,none,none,none,none,none,none,none,none,none,none,none,none,Arthritis
4725,headache,chest pain,dizziness,loss of balance,lack of concentration,none,none,none,none,none,none,none,none,none,none,none,none,Hypertension
2793,vomiting,indigestion,loss of appetite,abdominal pain,passage of gases,internal itching,none,none,none,none,none,none,none,none,none,none,none,Peptic ulcer diseae
128,weakness in limbs,neck pain,dizziness,loss of balance,none,none,none,none,none,none,none,none,none,none,none,none,none,Cervical spondylosis
1317,sunken eyes,dehydration,diarrhoea,none,none,none,none,none,none,none,none,none,none,none,none,none,none,Gastroenteritis
4387,itching,skin rash,nodal skin eruptions,dischromic  patches,none,none,none,none,none,none,none,none,none,none,none,none,none,Fungal infection
4737,joint pain,vomiting,fatigue,yellowish skin,dark urine,nausea,loss of appetite,abdominal pain,yellowing of eyes,none,none,none,none,none,none,none,none,Hepatitis D
1199,skin rash,blackheads,scurring,none,none,none,none,none,none,none,none,none,none,none,none,none,none,Acne
2265,fatigue,yellowish skin,nausea,yellowing of eyes,family history,none,none,none,none,none,none,none,none,none,none,none,none,Hepatitis C
3161,itching,skin rash,stomach pain,burning micturition,spotting  urination,none,none,none,none,none,none,none,none,none,none,none,none,Drug Reaction
1822,chills,vomiting,fatigue,high fever,headache,nausea,abdominal pain,diarrhoea,toxic look (typhos),belly pain,none,none,none,none,none,none,none,Typhoid
54,vomiting,indigestion,abdominal pain,passage of gases,internal itching,none,none,none,none,none,none,none,none,none,none,none,none,Peptic ulcer diseae
3908,vomiting,headache,weakness of one body side,altered sensorium,none,none,none,none,none,none,none,none,none,none,none,none,none,Paralysis (brain hemorrhage)
2166,acidity,indigestion,headache,blurred and distorted vision,excessive hunger,depression,irritability,visual disturbances,none,none,none,none,none,none,none,none,none,Migraine
4524,itching,vomiting,fatigue,weight loss,high fever,yellowish skin,dark urine,abdominal pain,none,none,none,none,none,none,none,none,none,Jaundice
4439,acidity,indigestion,headache,blurred and distorted vision,excessive hunger,stiff neck,depression,irritability,visual disturbances,none,none,none,none,none,none,none,none,Migraine
3660,acidity,indigestion,headache,blurred and distorted vision,excessive hunger,stiff neck,depression,irritability,visual disturbances,none,none,none,none,none,none,none,none,Migraine
3922,chills,fatigue,cough,high fever,breathlessness,sweating,malaise,phlegm,chest pain,fast heart rate,rusty sputum,none,none,none,none,none,none,Pneumonia
4243,itching,fatigue,lethargy,yellowish skin,dark urine,loss of appetite,abdominal pain,yellow urine,yellowing of eyes,malaise,receiving blood transfusion,receiving unsterile injections,none,none,none,none,none,Hepatitis B
3707,skin rash,chills,joint pain,vomiting,fatigue,high fever,headache,nausea,loss of appetite,pain behind the eyes,back pain,malaise,muscle pain,red spots over body,none,none,none,Dengue
816,skin rash,high fever,blister,yellow crust ooze,none,none,none,none,none,none,none,none,none,none,none,none,none,Impetigo
1522,breathlessness,sweating,chest pain,none,none,none,none,none,none,none,none,none,none,none,none,none,none,Heart attack
3848,muscle weakness,stiff neck,swelling joints,movement stiffness,painful walking,none,none,none,none,none,none,none,none,none,none,none,none,Arthritis
3487,stomach pain,acidity,ulcers on tongue,vomiting,cough,chest pain,none,none,none,none,none,none,none,none,none,none,none,GERD
4810,vomiting,headache,weakness of one body side,altered sensorium,none,none,none,none,none,none,none,none,none,none,none,none,none,Paralysis (brain hemorrhage)
4124,vomiting,yellowish skin,abdominal pain,swelling of stomach,distention of abdomen,history of alcohol consumption,fluid overload,none,none,none,none,none,none,none,none,none,none,Alcoholic hepatitis
3746,chills,vomiting,high fever,sweating,headache,nausea,diarrhoea,muscle pain,none,none,none,none,none,none,none,none,none,Malaria
3484,skin rash,high fever,blister,red sore around nose,yellow crust ooze,none,none,none,none,none,none,none,none,none,none,none,none,Impetigo
2507,muscle wasting,patches in throat,high fever,extra marital contacts,none,none,none,none,none,none,none,none,none,none,none,none,none,AIDS
2488,constipation,pain during bowel movements,pain in anal region,bloody stool,irritation in anus,none,none,none,none,none,none,none,none,none,none,none,none,Dimorphic hemmorhoids(piles)
1437,itching,fatigue,lethargy,yellowish skin,dark urine,abdominal pain,yellow urine,yellowing of eyes,malaise,receiving blood transfusion,receiving unsterile injections,none,none,none,none,none,none,Hepatitis B
3424,fatigue,yellowish skin,nausea,loss of appetite,yellowing of eyes,family history,none,none,none,none,none,none,none,none,none,none,none,Hepatitis C
3419,itching,skin rash,fatigue,lethargy,high fever,headache,loss of appetite,mild fever,swelled lymph nodes,malaise,red spots over body,none,none,none,none,none,none,Chicken pox
4480,acidity,indigestion,headache,blurred and distorted vision,excessive hunger,stiff neck,depression,irritability,visual disturbances,none,none,none,none,none,none,none,none,Migraine
2365,fatigue,weight gain,mood swings,lethargy,dizziness,puffy face and eyes,enlarged thyroid,brittle nails,swollen extremeties,depression,irritability,abnormal menstruation,none,none,none,none,none,Hypothyroidism
2855,continuous sneezing,chills,fatigue,cough,high fever,headache,swelled lymph nodes,malaise,phlegm,throat irritation,redness of eyes,sinus pressure,runny nose,congestion,chest pain,loss of smell,muscle pain,Common Cold
4154,vomiting,headache,weakness of one body side,altered sensorium,none,none,none,none,none,none,none,none,none,none,none,none,none,Paralysis (brain hemorrhage)
4910,fatigue,weight gain,cold hands and feets,mood swings,lethargy,dizziness,puffy face and eyes,enlarged thyroid,brittle nails,swollen extremeties,depression,irritability,abnormal menstruation,none,none,none,none,Hypothyroidism
2432,bladder discomfort,foul smell of urine,continuous feel of urine,none,none,none,none,none,none,none,none,none,none,none,none,none,none,Urinary tract infection
4362,itching,skin rash,fatigue,lethargy,high fever,headache,loss of appetite,mild fever,swelled lymph nodes,malaise,red spots over body,none,none,none,none,none,none,Chicken pox
865,skin rash,stomach pain,burning micturition,spotting  urination,none,none,none,none,none,none,none,none,none,none,none,none,none,Drug Reaction
1258,stomach pain,acidity,vomiting,cough,chest pain,none,none,none,none,none,none,none,none,none,none,none,none,GERD
4503,joint pain,neck pain,knee pain,hip joint pain,swelling joints,painful walking,none,none,none,none,none,none,none,none,none,none,none,Osteoarthristis
127,back pain,weakness in limbs,neck pain,dizziness,loss of balance,none,none,none,none,none,none,none,none,none,none,none,none,Cervical spondylosis
2651,chills,fatigue,cough,high fever,breathlessness,sweating,malaise,phlegm,chest pain,fast heart rate,rusty sputum,none,none,none,none,none,none,Pneumonia
849,stomach pain,acidity,ulcers on tongue,cough,chest pain,none,none,none,none,none,none,none,none,none,none,none,none,GERD
707,breathlessness,sweating,chest pain,none,none,none,none,none,none,none,none,none,none,none,none,none,none,Heart attack
3709,joint pain,vomiting,yellowish skin,dark urine,nausea,loss of appetite,abdominal pain,diarrhoea,mild fever,yellowing of eyes,muscle pain,none,none,none,none,none,none,hepatitis A
2082,itching,yellowish skin,nausea,loss of appetite,abdominal pain,yellowing of eyes,none,none,none,none,none,none,none,none,none,none,none,Chronic cholestasis
1577,joint pain,neck pain,knee pain,hip joint pain,swelling joints,none,none,none,none,none,none,none,none,none,none,none,none,Osteoarthristis
3774,stomach pain,acidity,ulcers on tongue,vomiting,cough,chest pain,none,none,none,none,none,none,none,none,none,none,none,GERD
650,vomiting,yellowish skin,abdominal pain,swelling of stomach,distention of abdomen,history of alcohol consumption,fluid overload,none,none,none,none,none,none,none,none,none,none,Alcoholic hepatitis
431,stomach pain,ulcers on tongue,vomiting,cough,chest pain,none,none,none,none,none,none,none,none,none,none,none,none,GERD
201,itching,fatigue,lethargy,yellowish skin,dark urine,loss of appetite,abdominal pain,yellow urine,yellowing of eyes,malaise,receiving blood transfusion,receiving unsterile injections,none,none,none,none,none,Hepatitis B
3146,fatigue,cramps,bruising,obesity,swollen legs,swollen blood vessels,prominent veins on calf,none,none,none,none,none,none,none,none,none,none,Varicose veins
821,skin rash,nodal skin eruptions,dischromic  patches,none,none,none,none,none,none,none,none,none,none,none,none,none,none,Fungal infection
4709,muscle weakness,stiff neck,swelling joints,movement stiffness,painful walking,none,none,none,none,none,none,none,none,none,none,none,none,Arthritis
1679,itching,vomiting,yellowish skin,nausea,loss of appetite,abdominal pain,yellowing of eyes,none,none,none,none,none,none,none,none,none,none,Chronic cholestasis
617,itching,fatigue,lethargy,yellowish skin,dark urine,abdominal pain,yellow urine,yellowing of eyes,malaise,receiving blood transfusion,receiving unsterile injections,none,none,none,none,none,none,Hepatitis B
2958,muscle wasting,patches in throat,high fever,extra marital contacts,none,none,none,none,none,none,none,none,none,none,none,none,none,AIDS
4357,acidity,indigestion,headache,blurred and distorted vision,excessive hunger,stiff neck,depression,irritability,visual disturbances,none,none,none,none,none,none,none,none,Migraine
4052,joint pain,neck pain,knee pain,hip joint pain,swelling joints,painful walking,none,none,none,none,none,none,none,none,none,none,none,Osteoarthristis
3944,vomiting,sunken eyes,dehydration,diarrhoea,none,none,none,none,none,none,none,none,none,none,none,none,none,Gastroenteritis
3909,itching,vomiting,fatigue,weight loss,high fever,yellowish skin,dark urine,abdominal pain,none,none,none,none,none,none,none,none,none,Jaundice
3430,chills,fatigue,cough,high fever,breathlessness,sweating,malaise,phlegm,chest pain,fast heart rate,rusty sputum,none,none,none,none,none,none,Pneumonia
4847,fatigue,cough,high fever,breathlessness,family history,mucoid sputum,none,none,none,none,none,none,none,none,none,none,none,Bronchial Asthma
3788,itching,skin rash,fatigue,lethargy,high fever,headache,loss of appetite,mild fever,swelled lymph nodes,malaise,red spots over body,none,none,none,none,none,none,Chicken pox
1248,continuous sneezing,shivering,chills,none,none,none,none,none,none,none,none,none,none,none,none,none,none,Allergy
4199,skin rash,chills,joint pain,vomiting,fatigue,high fever,headache,nausea,loss of appetite,pain behind the eyes,back pain,malaise,muscle pain,red spots over body,none,none,none,Dengue
101,chest pain,dizziness,loss of balance,lack of concentration,none,none,none,none,none,none,none,none,none,none,none,none,none,Hypertension
4711,skin rash,pus filled pimples,blackheads,scurring,none,none,none,none,none,none,none,none,none,none,none,none,none,Acne
3354,vomiting,fatigue,anxiety,sweating,headache,nausea,blurred and distorted vision,excessive hunger,drying and tingling lips,slurred speech,irritability,palpitations,none,none,none,none,none,Hypoglycemia
4155,itching,vomiting,fatigue,weight loss,high fever,yellowish skin,dark urine,abdominal pain,none,none,none,none,none,none,none,none,none,Jaundice
2341,vomiting,breathlessness,sweating,chest pain,none,none,none,none,none,none,none,none,none,none,none,none,none,Heart attack
878,vomiting,indigestion,loss of appetite,abdominal pain,passage of gases,internal itching,none,none,none,none,none,none,none,none,none,none,none,Peptic ulcer diseae
1186,vomiting,headache,nausea,spinning movements,unsteadiness,none,none,none,none,none,none,none,none,none,none,none,none,(vertigo) Paroymsal  Positional Vertigo
2071,stomach pain,ulcers on tongue,vomiting,cough,chest pain,none,none,none,none,none,none,none,none,none,none,none,none,GERD
540,vomiting,headache,weakness of one body side,altered sensorium,none,none,none,none,none,none,none,none,none,none,none,none,none,Paralysis (brain hemorrhage)
4398,acidity,indigestion,headache,blurred and distorted vision,excessive hunger,stiff neck,depression,irritability,visual disturbances,none,none,none,none,none,none,none,none,Migraine
2130,vomiting,sunken eyes,dehydration,diarrhoea,none,none,none,none,none,none,none,none,none,none,none,none,none,Gastroenteritis
3194,skin rash,pus filled pimples,blackheads,scurring,none,none,none,none,none,none,none,none,none,none,none,none,none,Acne
214,fatigue,yellowish skin,loss of appetite,yellowing of eyes,family history,none,none,none,none,none,none,none,none,none,none,none,none,Hepatitis C
1261,vomiting,yellowish skin,nausea,loss of appetite,abdominal pain,yellowing of eyes,none,none,none,none,none,none,none,none,none,none,none,Chronic cholestasis
1933,vomiting,sweating,chest pain,none,none,none,none,none,none,none,none,none,none,none,none,none,none,Heart attack
4841,itching,vomiting,yellowish skin,nausea,loss of appetite,abdominal pain,yellowing of eyes,none,none,none,none,none,none,none,none,none,none,Chronic cholestasis
1834,joint pain,vomiting,dark urine,nausea,loss of appetite,abdominal pain,diarrhoea,mild fever,yellowing of eyes,muscle pain,none,none,none,none,none,none,none,hepatitis A
549,vomiting,headache,altered sensorium,none,none,none,none,none,none,none,none,none,none,none,none,none,none,Paralysis (brain hemorrhage)
3518,vomiting,fatigue,anxiety,sweating,headache,nausea,blurred and distorted vision,excessive hunger,drying and tingling lips,slurred speech,irritability,palpitations,none,none,none,none,none,Hypoglycemia
4046,constipation,pain during bowel movements,pain in anal region,bloody stool,irritation in anus,none,none,none,none,none,none,none,none,none,none,none,none,Dimorphic hemmorhoids(piles)
817,skin rash,high fever,blister,red sore around nose,none,none,none,none,none,none,none,none,none,none,none,none,none,Impetigo
2491,fatigue,weight gain,cold hands and feets,mood swings,lethargy,dizziness,puffy face and eyes,enlarged thyroid,brittle nails,swollen extremeties,depression,irritability,abnormal menstruation,none,none,none,none,Hypothyroidism
4324,joint pain,vomiting,yellowish skin,dark urine,nausea,loss of appetite,abdominal pain,diarrhoea,mild fever,yellowing of eyes,muscle pain,none,none,none,none,none,none,hepatitis A
862,itching,skin rash,burning micturition,spotting  urination,none,none,none,none,none,none,none,none,none,none,none,none,none,Drug Reaction
761,muscle weakness,stiff neck,swelling joints,movement stiffness,painful walking,none,none,none,none,none,none,none,none,none,none,none,none,Arthritis
3753,joint pain,vomiting,fatigue,yellowish skin,dark urine,nausea,loss of appetite,abdominal pain,yellowing of eyes,none,none,none,none,none,none,none,none,Hepatitis D
2163,acidity,indigestion,blurred and distorted vision,excessive hunger,stiff neck,depression,irritability,visual disturbances,none,none,none,none,none,none,none,none,none,Migraine
885,muscle wasting,patches in throat,high fever,extra marital contacts,none,none,none,none,none,none,none,none,none,none,none,none,none,AIDS
4581,fatigue,cramps,bruising,obesity,swollen legs,swollen blood vessels,prominent veins on calf,none,none,none,none,none,none,none,none,none,none,Varicose veins
3080,vomiting,indigestion,loss of appetite,abdominal pain,passage of gases,internal itching,none,none,none,none,none,none,none,none,none,none,none,Peptic ulcer diseae
2400,muscle weakness,stiff neck,swelling joints,movement stiffness,painful walking,none,none,none,none,none,none,none,none,none,none,none,none,Arthritis
1247,continuous sneezing,shivering,watering from eyes,none,none,none,none,none,none,none,none,none,none,none,none,none,none,Allergy
22,stomach pain,acidity,vomiting,cough,chest pain,none,none,none,none,none,none,none,none,none,none,none,none,GERD
2820,fatigue,mood swings,weight loss,restlessness,sweating,diarrhoea,fast heart rate,excessive hunger,muscle weakness,irritability,abnormal menstruation,none,none,none,none,none,none,Hyperthyroidism
2281,joint pain,vomiting,fatigue,high fever,yellowish skin,dark urine,nausea,loss of appetite,abdominal pain,yellowing of eyes,acute liver failure,coma,stomach bleeding,none,none,none,none,Hepatitis E
660,chills,vomiting,fatigue,weight loss,cough,high fever,breathlessness,sweating,loss of appetite,mild fever,yellowing of eyes,swelled lymph nodes,malaise,phlegm,chest pain,blood in sputum,none,Tuberculosis
2412,headache,nausea,spinning movements,loss of balance,unsteadiness,none,none,none,none,none,none,none,none,none,none,none,none,(vertigo) Paroymsal  Positional Vertigo
4286,joint pain,vomiting,fatigue,yellowish skin,dark urine,nausea,loss of appetite,abdominal pain,yellowing of eyes,none,none,none,none,none,none,none,none,Hepatitis D
2655,fatigue,weight gain,cold hands and feets,mood swings,lethargy,dizziness,puffy face and eyes,enlarged thyroid,brittle nails,swollen extremeties,depression,irritability,abnormal menstruation,none,none,none,none,Hypothyroidism
4228,vomiting,indigestion,loss of appetite,abdominal pain,passage of gases,internal itching,none,none,none,none,none,none,none,none,none,none,none,Peptic ulcer diseae
2970,chills,vomiting,fatigue,high fever,headache,nausea,constipation,abdominal pain,diarrhoea,toxic look (typhos),belly pain,none,none,none,none,none,none,Typhoid
2866,skin rash,pus filled pimples,blackheads,scurring,none,none,none,none,none,none,none,none,none,none,none,none,none,Acne
2688,joint pain,vomiting,fatigue,high fever,yellowish skin,dark urine,nausea,loss of appetite,abdominal pain,yellowing of eyes,acute liver failure,coma,stomach bleeding,none,none,none,none,Hepatitis E
4518,vomiting,sunken eyes,dehydration,diarrhoea,none,none,none,none,none,none,none,none,none,none,none,none,none,Gastroenteritis
3491,muscle wasting,patches in throat,high fever,extra marital contacts,none,none,none,none,none,none,none,none,none,none,none,none,none,AIDS
3451,fatigue,weight loss,restlessness,lethargy,irregular sugar level,blurred and distorted vision,obesity,excessive hunger,increased appetite,polyuria,none,none,none,none,none,none,none,Diabetes
1030,fatigue,yellowish skin,nausea,loss of appetite,family history,none,none,none,none,none,none,none,none,none,none,none,none,Hepatitis C
2336,constipation,pain during bowel movements,pain in anal region,irritation in anus,none,none,none,none,none,none,none,none,none,none,none,none,none,Dimorphic hemmorhoids(piles)
3388,continuous sneezing,chills,fatigue,cough,high fever,headache,swelled lymph nodes,malaise,phlegm,throat irritation,redness of eyes,sinus pressure,runny nose,congestion,chest pain,loss of smell,muscle pain,Common Cold
4451,joint pain,vomiting,fatigue,high fever,yellowish skin,dark urine,nausea,loss of appetite,abdominal pain,yellowing of eyes,acute liver failure,coma,stomach bleeding,none,none,none,none,Hepatitis E
714,fatigue,cramps,obesity,swollen legs,swollen blood vessels,prominent veins on calf,none,none,none,none,none,none,none,none,none,none,none,Varicose veins
2366,fatigue,weight gain,cold hands and feets,lethargy,dizziness,puffy face and eyes,enlarged thyroid,brittle nails,swollen extremeties,depression,irritability,abnormal menstruation,none,none,none,none,none,Hypothyroidism
2397,joint pain,neck pain,knee pain,hip joint pain,swelling joints,none,none,none,none,none,none,none,none,none,none,none,none,Osteoarthristis
1738,cough,high fever,breathlessness,family history,mucoid sputum,none,none,none,none,none,none,none,none,none,none,none,none,Bronchial Asthma
2291,vomiting,yellowish skin,abdominal pain,swelling of stomach,distention of abdomen,history of alcohol consumption,fluid overload,none,none,none,none,none,none,none,none,none,none,Alcoholic hepatitis
4226,itching,vomiting,yellowish skin,nausea,loss of appetite,abdominal pain,yellowing of eyes,none,none,none,none,none,none,none,none,none,none,Chronic cholestasis
3203,vomiting,indigestion,loss of appetite,abdominal pain,passage of gases,internal itching,none,none,none,none,none,none,none,none,none,none,none,Peptic ulcer diseae
4421,joint pain,neck pain,knee pain,hip joint pain,swelling joints,painful walking,none,none,none,none,none,none,none,none,none,none,none,Osteoarthristis
2054,itching,skin rash,nodal skin eruptions,none,none,none,none,none,none,none,none,none,none,none,none,none,none,Fungal infection
2497,skin rash,pus filled pimples,blackheads,scurring,none,none,none,none,none,none,none,none,none,none,none,none,none,Acne
1190,skin rash,pus filled pimples,blackheads,scurring,none,none,none,none,none,none,none,none,none,none,none,none,none,Acne
1954,fatigue,cold hands and feets,mood swings,lethargy,dizziness,puffy face and eyes,enlarged thyroid,brittle nails,swollen extremeties,depression,irritability,abnormal menstruation,none,none,none,none,none,Hypothyroidism
3752,fatigue,yellowish skin,nausea,loss of appetite,yellowing of eyes,family history,none,none,none,none,none,none,none,none,none,none,none,Hepatitis C
2973,fatigue,yellowish skin,nausea,loss of appetite,yellowing of eyes,family history,none,none,none,none,none,none,none,none,none,none,none,Hepatitis C
1370,itching,vomiting,fatigue,weight loss,high fever,yellowish skin,dark urine,abdominal pain,none,none,none,none,none,none,none,none,none,Jaundice
1474,vomiting,yellowish skin,swelling of stomach,distention of abdomen,history of alcohol consumption,fluid overload,none,none,none,none,none,none,none,none,none,none,none,Alcoholic hepatitis
1380,chills,vomiting,high fever,sweating,headache,nausea,muscle pain,none,none,none,none,none,none,none,none,none,none,Malaria
3443,skin rash,high fever,blister,red sore around nose,yellow crust ooze,none,none,none,none,none,none,none,none,none,none,none,none,Impetigo
1518,constipation,pain during bowel movements,pain in anal region,bloody stool,irritation in anus,none,none,none,none,none,none,none,none,none,none,none,none,Dimorphic hemmorhoids(piles)
4819,joint pain,vomiting,fatigue,yellowish skin,dark urine,nausea,loss of appetite,abdominal pain,yellowing of eyes,none,none,none,none,none,none,none,none,Hepatitis D
1862,joint pain,fatigue,yellowish skin,dark urine,nausea,loss of appetite,abdominal pain,yellowing of eyes,none,none,none,none,none,none,none,none,none,Hepatitis D
4491,joint pain,vomiting,fatigue,yellowish skin,dark urine,nausea,loss of appetite,abdominal pain,yellowing of eyes,none,none,none,none,none,none,none,none,Hepatitis D
1240,continuous sneezing,shivering,chills,watering from eyes,none,none,none,none,none,none,none,none,none,none,none,none,none,Allergy
4807,headache,chest pain,dizziness,loss of balance,lack of concentration,none,none,none,none,none,none,none,none,none,none,none,none,Hypertension
3533,fatigue,weight loss,restlessness,lethargy,irregular sugar level,blurred and distorted vision,obesity,excessive hunger,increased appetite,polyuria,none,none,none,none,none,none,none,Diabetes
3509,vomiting,yellowish skin,abdominal pain,swelling of stomach,distention of abdomen,history of alcohol consumption,fluid overload,none,none,none,none,none,none,none,none,none,none,Alcoholic hepatitis
3582,chills,vomiting,high fever,sweating,headache,nausea,diarrhoea,muscle pain,none,none,none,none,none,none,none,none,none,Malaria
1800,itching,skin rash,fatigue,lethargy,high fever,headache,loss of appetite,mild fever,swelled lymph nodes,malaise,red spots over body,none,none,none,none,none,none,Chicken pox
3855,continuous sneezing,shivering,chills,watering from eyes,none,none,none,none,none,none,none,none,none,none,none,none,none,Allergy
2596,vomiting,headache,weakness of one body side,altered sensorium,none,none,none,none,none,none,none,none,none,none,none,none,none,Paralysis (brain hemorrhage)
1509,chills,fatigue,cough,high fever,breathlessness,sweating,phlegm,chest pain,fast heart rate,rusty sputum,none,none,none,none,none,none,none,Pneumonia
1323,fatigue,cough,breathlessness,family history,mucoid sputum,none,none,none,none,none,none,none,none,none,none,none,none,Bronchial Asthma
1692,indigestion,loss of appetite,abdominal pain,passage of gases,internal itching,none,none,none,none,none,none,none,none,none,none,none,none,Peptic ulcer diseae
1946,fatigue,cramps,bruising,obesity,swollen blood vessels,prominent veins on calf,none,none,none,none,none,none,none,none,none,none,none,Varicose veins
2259,itching,fatigue,lethargy,yellowish skin,dark urine,loss of appetite,abdominal pain,yellowing of eyes,malaise,receiving blood transfusion,receiving unsterile injections,none,none,none,none,none,none,Hepatitis B
434,stomach pain,acidity,ulcers on tongue,vomiting,chest pain,none,none,none,none,none,none,none,none,none,none,none,none,GERD
1097,chills,fatigue,cough,high fever,sweating,malaise,phlegm,chest pain,fast heart rate,rusty sputum,none,none,none,none,none,none,none,Pneumonia
1727,sunken eyes,dehydration,diarrhoea,none,none,none,none,none,none,none,none,none,none,none,none,none,none,Gastroenteritis
2564,joint pain,vomiting,fatigue,yellowish skin,dark urine,nausea,loss of appetite,abdominal pain,yellowing of eyes,none,none,none,none,none,none,none,none,Hepatitis D
1860,joint pain,vomiting,fatigue,yellowish skin,dark urine,nausea,loss of appetite,abdominal pain,yellowing of eyes,none,none,none,none,none,none,none,none,Hepatitis D
2641,skin rash,chills,joint pain,vomiting,fatigue,high fever,headache,nausea,loss of appetite,pain behind the eyes,back pain,malaise,muscle pain,red spots over body,none,none,none,Dengue
1905,continuous sneezing,chills,fatigue,high fever,headache,swelled lymph nodes,malaise,phlegm,throat irritation,redness of eyes,sinus pressure,runny nose,congestion,chest pain,loss of smell,muscle pain,none,Common Cold
2755,vomiting,sunken eyes,dehydration,diarrhoea,none,none,none,none,none,none,none,none,none,none,none,none,none,Gastroenteritis
3135,joint pain,vomiting,yellowish skin,dark urine,nausea,loss of appetite,abdominal pain,diarrhoea,mild fever,yellowing of eyes,muscle pain,none,none,none,none,none,none,hepatitis A
1802,itching,fatigue,lethargy,high fever,headache,loss of appetite,mild fever,swelled lymph nodes,malaise,red spots over body,none,none,none,none,none,none,none,Chicken pox
4007,fatigue,cramps,bruising,obesity,swollen legs,swollen blood vessels,prominent veins on calf,none,none,none,none,none,none,none,none,none,none,Varicose veins
4093,joint pain,neck pain,knee pain,hip joint pain,swelling joints,painful walking,none,none,none,none,none,none,none,none,none,none,none,Osteoarthristis
4045,chills,fatigue,cough,high fever,breathlessness,sweating,malaise,phlegm,chest pain,fast heart rate,rusty sputum,none,none,none,none,none,none,Pneumonia
2352,cramps,bruising,obesity,swollen legs,swollen blood vessels,prominent veins on calf,none,none,none,none,none,none,none,none,none,none,none,Varicose veins
3985,vomiting,sunken eyes,dehydration,diarrhoea,none,none,none,none,none,none,none,none,none,none,none,none,none,Gastroenteritis
2414,vomiting,headache,spinning movements,loss of balance,unsteadiness,none,none,none,none,none,none,none,none,none,none,none,none,(vertigo) Paroymsal  Positional Vertigo
3951,chills,vomiting,high fever,sweating,headache,nausea,diarrhoea,muscle pain,none,none,none,none,none,none,none,none,none,Malaria
3381,joint pain,vomiting,yellowish skin,dark urine,nausea,loss of appetite,abdominal pain,diarrhoea,mild fever,yellowing of eyes,muscle pain,none,none,none,none,none,none,hepatitis A
3949,vomiting,headache,weakness of one body side,altered sensorium,none,none,none,none,none,none,none,none,none,none,none,none,none,Paralysis (brain hemorrhage)
3166,fatigue,cough,high fever,breathlessness,family history,mucoid sputum,none,none,none,none,none,none,none,none,none,none,none,Bronchial Asthma
2202,chills,vomiting,high fever,sweating,headache,nausea,diarrhoea,muscle pain,none,none,none,none,none,none,none,none,none,Malaria
3157,itching,skin rash,nodal skin eruptions,dischromic  patches,none,none,none,none,none,none,none,none,none,none,none,none,none,Fungal infection
1367,headache,weakness of one body side,altered sensorium,none,none,none,none,none,none,none,none,none,none,none,none,none,none,Paralysis (brain hemorrhage)
1130,fatigue,weight gain,cold hands and feets,mood swings,lethargy,dizziness,puffy face and eyes,enlarged thyroid,brittle nails,swollen extremeties,depression,irritability,abnormal menstruation,none,none,none,none,Hypothyroidism
1539,fatigue,cramps,bruising,obesity,swollen legs,prominent veins on calf,none,none,none,none,none,none,none,none,none,none,none,Varicose veins
2878,vomiting,sunken eyes,dehydration,diarrhoea,none,none,none,none,none,none,none,none,none,none,none,none,none,Gastroenteritis
2815,chills,fatigue,cough,high fever,breathlessness,sweating,malaise,phlegm,chest pain,fast heart rate,rusty sputum,none,none,none,none,none,none,Pneumonia
1379,itching,vomiting,fatigue,weight loss,high fever,yellowish skin,dark urine,none,none,none,none,none,none,none,none,none,none,Jaundice
1698,vomiting,indigestion,loss of appetite,abdominal pain,passage of gases,internal itching,none,none,none,none,none,none,none,none,none,none,none,Peptic ulcer diseae
3126,headache,chest pain,dizziness,loss of balance,lack of concentration,none,none,none,none,none,none,none,none,none,none,none,none,Hypertension
343,joint pain,knee pain,hip joint pain,swelling joints,painful walking,none,none,none,none,none,none,none,none,none,none,none,none,Osteoarthristis
4877,skin rash,joint pain,skin peeling,silver like dusting,small dents in nails,inflammatory nails,none,none,none,none,none,none,none,none,none,none,none,Psoriasis
3767,vomiting,headache,nausea,spinning movements,loss of balance,unsteadiness,none,none,none,none,none,none,none,none,none,none,none,(vertigo) Paroymsal  Positional Vertigo
4079,itching,fatigue,lethargy,yellowish skin,dark urine,loss of appetite,abdominal pain,yellow urine,yellowing of eyes,malaise,receiving blood transfusion,receiving unsterile injections,none,none,none,none,none,Hepatitis B
668,chills,vomiting,fatigue,weight loss,cough,high fever,sweating,loss of appetite,mild fever,yellowing of eyes,swelled lymph nodes,malaise,phlegm,chest pain,blood in sputum,none,none,Tuberculosis
4044,continuous sneezing,chills,fatigue,cough,high fever,headache,swelled lymph nodes,malaise,phlegm,throat irritation,redness of eyes,sinus pressure,runny nose,congestion,chest pain,loss of smell,muscle pain,Common Cold
4678,itching,skin rash,stomach pain,burning micturition,spotting  urination,none,none,none,none,none,none,none,none,none,none,none,none,Drug Reaction
970,chills,vomiting,high fever,sweating,headache,nausea,muscle pain,none,none,none,none,none,none,none,none,none,none,Malaria
2552,headache,chest pain,dizziness,loss of balance,lack of concentration,none,none,none,none,none,none,none,none,none,none,none,none,Hypertension
3072,burning micturition,bladder discomfort,foul smell of urine,continuous feel of urine,none,none,none,none,none,none,none,none,none,none,none,none,none,Urinary tract infection
4848,headache,chest pain,dizziness,loss of balance,lack of concentration,none,none,none,none,none,none,none,none,none,none,none,none,Hypertension
3990,vomiting,headache,weakness of one body side,altered sensorium,none,none,none,none,none,none,none,none,none,none,none,none,none,Paralysis (brain hemorrhage)
2771,vomiting,yellowish skin,abdominal pain,swelling of stomach,distention of abdomen,history of alcohol consumption,fluid overload,none,none,none,none,none,none,none,none,none,none,Alcoholic hepatitis
3266,chills,fatigue,cough,high fever,breathlessness,sweating,malaise,phlegm,chest pain,fast heart rate,rusty sputum,none,none,none,none,none,none,Pneumonia
3017,vomiting,yellowish skin,abdominal pain,swelling of stomach,distention of abdomen,history of alcohol consumption,fluid overload,none,none,none,none,none,none,none,none,none,none,Alcoholic hepatitis
1464,joint pain,fatigue,high fever,yellowish skin,dark urine,nausea,loss of appetite,abdominal pain,yellowing of eyes,acute liver failure,coma,stomach bleeding,none,none,none,none,none,Hepatitis E
4432,itching,skin rash,stomach pain,burning micturition,spotting  urination,none,none,none,none,none,none,none,none,none,none,none,none,Drug Reaction
3340,joint pain,vomiting,yellowish skin,dark urine,nausea,loss of appetite,abdominal pain,diarrhoea,mild fever,yellowing of eyes,muscle pain,none,none,none,none,none,none,hepatitis A
2683,chills,vomiting,fatigue,high fever,headache,nausea,constipation,abdominal pain,diarrhoea,toxic look (typhos),belly pain,none,none,none,none,none,none,Typhoid
1961,fatigue,mood swings,weight loss,restlessness,sweating,diarrhoea,fast heart rate,excessive hunger,muscle weakness,irritability,abnormal menstruation,none,none,none,none,none,none,Hyperthyroidism
4406,joint pain,vomiting,yellowish skin,dark urine,nausea,loss of appetite,abdominal pain,diarrhoea,mild fever,yellowing of eyes,muscle pain,none,none,none,none,none,none,hepatitis A
3633,chills,vomiting,fatigue,weight loss,cough,high fever,breathlessness,sweating,loss of appetite,mild fever,yellowing of eyes,swelled lymph nodes,malaise,phlegm,chest pain,blood in sputum,none,Tuberculosis
3592,chills,vomiting,fatigue,weight loss,cough,high fever,breathlessness,sweating,loss of appetite,mild fever,yellowing of eyes,swelled lymph nodes,malaise,phlegm,chest pain,blood in sputum,none,Tuberculosis
200,itching,fatigue,lethargy,yellowish skin,dark urine,loss of appetite,abdominal pain,yellow urine,yellowing of eyes,malaise,receiving blood transfusion,receiving unsterile injections,none,none,none,none,none,Hepatitis B
4100,itching,skin rash,nodal skin eruptions,dischromic  patches,none,none,none,none,none,none,none,none,none,none,none,none,none,Fungal infection
1771,vomiting,headache,weakness of one body side,altered sensorium,none,none,none,none,none,none,none,none,none,none,none,none,none,Paralysis (brain hemorrhage)
99,fatigue,high fever,breathlessness,family history,mucoid sputum,none,none,none,none,none,none,none,none,none,none,none,none,Bronchial Asthma
2485,chills,vomiting,fatigue,weight loss,cough,high fever,breathlessness,sweating,loss of appetite,mild fever,yellowing of eyes,swelled lymph nodes,malaise,phlegm,chest pain,blood in sputum,none,Tuberculosis
3598,fatigue,weight gain,cold hands and feets,mood swings,lethargy,dizziness,puffy face and eyes,enlarged thyroid,brittle nails,swollen extremeties,depression,irritability,abnormal menstruation,none,none,none,none,Hypothyroidism
2122,weight loss,restlessness,lethargy,irregular sugar level,blurred and distorted vision,obesity,excessive hunger,increased appetite,polyuria,none,none,none,none,none,none,none,none,Diabetes
3073,skin rash,joint pain,skin peeling,silver like dusting,small dents in nails,inflammatory nails,none,none,none,none,none,none,none,none,none,none,none,Psoriasis
1726,vomiting,sunken eyes,dehydration,diarrhoea,none,none,none,none,none,none,none,none,none,none,none,none,none,Gastroenteritis
363,vomiting,nausea,spinning movements,loss of balance,unsteadiness,none,none,none,none,none,none,none,none,none,none,none,none,(vertigo) Paroymsal  Positional Vertigo
2542,itching,skin rash,nodal skin eruptions,dischromic  patches,none,none,none,none,none,none,none,none,none,none,none,none,none,Fungal infection
356,muscle weakness,stiff neck,swelling joints,movement stiffness,painful walking,none,none,none,none,none,none,none,none,none,none,none,none,Arthritis
953,vomiting,weakness of one body side,altered sensorium,none,none,none,none,none,none,none,none,none,none,none,none,none,none,Paralysis (brain hemorrhage)
2201,chills,vomiting,high fever,sweating,headache,nausea,diarrhoea,muscle pain,none,none,none,none,none,none,none,none,none,Malaria
4604,back pain,weakness in limbs,neck pain,dizziness,loss of balance,none,none,none,none,none,none,none,none,none,none,none,none,Cervical spondylosis
1732,fatigue,high fever,breathlessness,family history,mucoid sputum,none,none,none,none,none,none,none,none,none,none,none,none,Bronchial Asthma
1399,itching,skin rash,fatigue,lethargy,high fever,headache,loss of appetite,mild fever,malaise,red spots over body,none,none,none,none,none,none,none,Chicken pox
3280,itching,skin rash,nodal skin eruptions,dischromic  patches,none,none,none,none,none,none,none,none,none,none,none,none,none,Fungal infection
1442,yellowish skin,nausea,loss of appetite,yellowing of eyes,family history,none,none,none,none,none,none,none,none,none,none,none,none,Hepatitis C
448,itching,vomiting,yellowish skin,nausea,loss of appetite,abdominal pain,yellowing of eyes,none,none,none,none,none,none,none,none,none,none,Chronic cholestasis
3249,headache,chest pain,dizziness,loss of balance,lack of concentration,none,none,none,none,none,none,none,none,none,none,none,none,Hypertension
3777,vomiting,indigestion,loss of appetite,abdominal pain,passage of gases,internal itching,none,none,none,none,none,none,none,none,none,none,none,Peptic ulcer diseae
4468,skin rash,high fever,blister,red sore around nose,yellow crust ooze,none,none,none,none,none,none,none,none,none,none,none,none,Impetigo
4784,constipation,pain during bowel movements,pain in anal region,bloody stool,irritation in anus,none,none,none,none,none,none,none,none,none,none,none,none,Dimorphic hemmorhoids(piles)
1527,breathlessness,sweating,chest pain,none,none,none,none,none,none,none,none,none,none,none,none,none,none,Heart attack
3905,headache,chest pain,dizziness,loss of balance,lack of concentration,none,none,none,none,none,none,none,none,none,none,none,none,Hypertension
1506,chills,fatigue,cough,breathlessness,sweating,malaise,phlegm,chest pain,fast heart rate,rusty sputum,none,none,none,none,none,none,none,Pneumonia
35,itching,vomiting,yellowish skin,nausea,abdominal pain,yellowing of eyes,none,none,none,none,none,none,none,none,none,none,none,Chronic cholestasis
1355,back pain,weakness in limbs,neck pain,loss of balance,none,none,none,none,none,none,none,none,none,none,none,none,none,Cervical spondylosis
4256,vomiting,fatigue,anxiety,sweating,headache,nausea,blurred and distorted vision,excessive hunger,drying and tingling lips,slurred speech,irritability,palpitations,none,none,none,none,none,Hypoglycemia
1512,constipation,pain during bowel movements,pain in anal region,bloody stool,irritation in anus,none,none,none,none,none,none,none,none,none,none,none,none,Dimorphic hemmorhoids(piles)
1171,muscle weakness,stiff neck,swelling joints,movement stiffness,painful walking,none,none,none,none,none,none,none,none,none,none,none,none,Arthritis
523,acidity,indigestion,blurred and distorted vision,excessive hunger,stiff neck,depression,irritability,visual disturbances,none,none,none,none,none,none,none,none,none,Migraine
729,fatigue,weight gain,cold hands and feets,mood swings,lethargy,dizziness,enlarged thyroid,brittle nails,swollen extremeties,depression,irritability,abnormal menstruation,none,none,none,none,none,Hypothyroidism
355,muscle weakness,stiff neck,swelling joints,painful walking,none,none,none,none,none,none,none,none,none,none,none,none,none,Arthritis
1259,stomach pain,acidity,ulcers on tongue,cough,chest pain,none,none,none,none,none,none,none,none,none,none,none,none,GERD
2364,fatigue,cold hands and feets,mood swings,lethargy,dizziness,puffy face and eyes,enlarged thyroid,brittle nails,swollen extremeties,depression,irritability,abnormal menstruation,none,none,none,none,none,Hypothyroidism
517,chest pain,dizziness,loss of balance,lack of concentration,none,none,none,none,none,none,none,none,none,none,none,none,none,Hypertension
1342,acidity,headache,blurred and distorted vision,excessive hunger,stiff neck,depression,irritability,visual disturbances,none,none,none,none,none,none,none,none,none,Migraine
109,headache,chest pain,loss of balance,lack of concentration,none,none,none,none,none,none,none,none,none,none,none,none,none,Hypertension
1984,joint pain,neck pain,hip joint pain,swelling joints,painful walking,none,none,none,none,none,none,none,none,none,none,none,none,Osteoarthristis
1555,fatigue,mood swings,weight loss,sweating,diarrhoea,fast heart rate,excessive hunger,muscle weakness,irritability,abnormal menstruation,none,none,none,none,none,none,none,Hyperthyroidism
2904,joint pain,neck pain,knee pain,hip joint pain,swelling joints,painful walking,none,none,none,none,none,none,none,none,none,none,none,Osteoarthristis
1874,joint pain,fatigue,high fever,yellowish skin,dark urine,nausea,loss of appetite,abdominal pain,yellowing of eyes,acute liver failure,coma,stomach bleeding,none,none,none,none,none,Hepatitis E
4837,skin rash,high fever,blister,red sore around nose,yellow crust ooze,none,none,none,none,none,none,none,none,none,none,none,none,Impetigo
2680,chills,vomiting,high fever,sweating,headache,nausea,diarrhoea,muscle pain,none,none,none,none,none,none,none,none,none,Malaria
4172,fatigue,weight gain,cold hands and feets,mood swings,lethargy,dizziness,puffy face and eyes,enlarged thyroid,brittle nails,swollen extremeties,depression,irritability,abnormal menstruation,none,none,none,none,Hypothyroidism
2154,headache,chest pain,dizziness,lack of concentration,none,none,none,none,none,none,none,none,none,none,none,none,none,Hypertension
742,vomiting,fatigue,anxiety,sweating,headache,nausea,blurred and distorted vision,excessive hunger,drying and tingling lips,slurred speech,irritability,palpitations,none,none,none,none,none,Hypoglycemia
192,vomiting,yellowish skin,dark urine,nausea,loss of appetite,abdominal pain,diarrhoea,mild fever,yellowing of eyes,muscle pain,none,none,none,none,none,none,none,hepatitis A
4672,skin rash,joint pain,skin peeling,silver like dusting,small dents in nails,inflammatory nails,none,none,none,none,none,none,none,none,none,none,none,Psoriasis
588,skin rash,chills,joint pain,vomiting,high fever,headache,nausea,loss of appetite,pain behind the eyes,back pain,malaise,muscle pain,red spots over body,none,none,none,none,Dengue
1719,fatigue,weight loss,restlessness,lethargy,irregular sugar level,blurred and distorted vision,obesity,increased appetite,polyuria,none,none,none,none,none,none,none,none,Diabetes
3086,acidity,indigestion,headache,blurred and distorted vision,excessive hunger,stiff neck,depression,irritability,visual disturbances,none,none,none,none,none,none,none,none,Migraine
4129,vomiting,breathlessness,sweating,chest pain,none,none,none,none,none,none,none,none,none,none,none,none,none,Heart attack
638,joint pain,vomiting,fatigue,yellowish skin,dark urine,nausea,loss of appetite,yellowing of eyes,none,none,none,none,none,none,none,none,none,Hepatitis D
2182,headache,weakness of one body side,altered sensorium,none,none,none,none,none,none,none,none,none,none,none,none,none,none,Paralysis (brain hemorrhage)
58,vomiting,indigestion,loss of appetite,abdominal pain,passage of gases,internal itching,none,none,none,none,none,none,none,none,none,none,none,Peptic ulcer diseae
4113,vomiting,headache,weakness of one body side,altered sensorium,none,none,none,none,none,none,none,none,none,none,none,none,none,Paralysis (brain hemorrhage)
774,vomiting,headache,spinning movements,loss of balance,unsteadiness,none,none,none,none,none,none,none,none,none,none,none,none,(vertigo) Paroymsal  Positional Vertigo
3367,vomiting,indigestion,loss of appetite,abdominal pain,passage of gases,internal itching,none,none,none,none,none,none,none,none,none,none,none,Peptic ulcer diseae
2064,continuous sneezing,shivering,chills,none,none,none,none,none,none,none,none,none,none,none,none,none,none,Allergy
4690,itching,skin rash,fatigue,lethargy,high fever,headache,loss of appetite,mild fever,swelled lymph nodes,malaise,red spots over body,none,none,none,none,none,none,Chicken pox
2764,skin rash,chills,joint pain,vomiting,fatigue,high fever,headache,nausea,loss of appetite,pain behind the eyes,back pain,malaise,muscle pain,red spots over body,none,none,none,Dengue
4650,skin rash,chills,joint pain,vomiting,fatigue,high fever,headache,nausea,loss of appetite,pain behind the eyes,back pain,malaise,muscle pain,red spots over body,none,none,none,Dengue
440,itching,vomiting,yellowish skin,nausea,loss of appetite,abdominal pain,yellowing of eyes,none,none,none,none,none,none,none,none,none,none,Chronic cholestasis
3401,skin rash,joint pain,skin peeling,silver like dusting,small dents in nails,inflammatory nails,none,none,none,none,none,none,none,none,none,none,none,Psoriasis
2028,bladder discomfort,foul smell of urine,continuous feel of urine,none,none,none,none,none,none,none,none,none,none,none,none,none,none,Urinary tract infection
1749,headache,chest pain,loss of balance,lack of concentration,none,none,none,none,none,none,none,none,none,none,none,none,none,Hypertension
1546,fatigue,weight gain,cold hands and feets,lethargy,dizziness,puffy face and eyes,enlarged thyroid,brittle nails,swollen extremeties,depression,irritability,abnormal menstruation,none,none,none,none,none,Hypothyroidism
4835,burning micturition,bladder discomfort,foul smell of urine,continuous feel of urine,none,none,none,none,none,none,none,none,none,none,none,none,none,Urinary tract infection
2150,headache,chest pain,dizziness,loss of balance,lack of concentration,none,none,none,none,none,none,none,none,none,none,none,none,Hypertension
4410,joint pain,vomiting,fatigue,high fever,yellowish skin,dark urine,nausea,loss of appetite,abdominal pain,yellowing of eyes,acute liver failure,coma,stomach bleeding,none,none,none,none,Hepatitis E
287,constipation,pain during bowel movements,pain in anal region,bloody stool,none,none,none,none,none,none,none,none,none,none,none,none,none,Dimorphic hemmorhoids(piles)
4550,skin rash,high fever,blister,red sore around nose,yellow crust ooze,none,none,none,none,none,none,none,none,none,none,none,none,Impetigo
1430,itching,fatigue,lethargy,yellowish skin,dark urine,loss of appetite,abdominal pain,yellow urine,yellowing of eyes,malaise,receiving blood transfusion,receiving unsterile injections,none,none,none,none,none,Hepatitis B
2590,fatigue,weight loss,restlessness,lethargy,irregular sugar level,blurred and distorted vision,obesity,excessive hunger,increased appetite,polyuria,none,none,none,none,none,none,none,Diabetes
2363,weight gain,cold hands and feets,mood swings,lethargy,dizziness,puffy face and eyes,enlarged thyroid,brittle nails,swollen extremeties,depression,irritability,abnormal menstruation,none,none,none,none,none,Hypothyroidism
3657,vomiting,sunken eyes,dehydration,diarrhoea,none,none,none,none,none,none,none,none,none,none,none,none,none,Gastroenteritis
2967,chills,vomiting,high fever,sweating,headache,nausea,diarrhoea,muscle pain,none,none,none,none,none,none,none,none,none,Malaria
119,acidity,indigestion,headache,blurred and distorted vision,excessive hunger,stiff neck,depression,irritability,none,none,none,none,none,none,none,none,none,Migraine
4036,chills,vomiting,fatigue,high fever,headache,nausea,constipation,abdominal pain,diarrhoea,toxic look (typhos),belly pain,none,none,none,none,none,none,Typhoid
1913,fatigue,cough,high fever,breathlessness,sweating,malaise,phlegm,chest pain,fast heart rate,rusty sputum,none,none,none,none,none,none,none,Pneumonia
2077,stomach pain,ulcers on tongue,vomiting,cough,chest pain,none,none,none,none,none,none,none,none,none,none,none,none,GERD
2338,constipation,pain during bowel movements,pain in anal region,bloody stool,irritation in anus,none,none,none,none,none,none,none,none,none,none,none,none,Dimorphic hemmorhoids(piles)
4625,vomiting,fatigue,anxiety,sweating,headache,nausea,blurred and distorted vision,excessive hunger,drying and tingling lips,slurred speech,irritability,palpitations,none,none,none,none,none,Hypoglycemia
4724,fatigue,cough,high fever,breathlessness,family history,mucoid sputum,none,none,none,none,none,none,none,none,none,none,none,Bronchial Asthma
1196,skin rash,pus filled pimples,blackheads,scurring,none,none,none,none,none,none,none,none,none,none,none,none,none,Acne
823,itching,skin rash,dischromic  patches,none,none,none,none,none,none,none,none,none,none,none,none,none,none,Fungal infection
1158,vomiting,fatigue,anxiety,sweating,headache,blurred and distorted vision,excessive hunger,drying and tingling lips,slurred speech,irritability,palpitations,none,none,none,none,none,none,Hypoglycemia
4537,chills,fatigue,cough,high fever,breathlessness,sweating,malaise,phlegm,chest pain,fast heart rate,rusty sputum,none,none,none,none,none,none,Pneumonia
4655,joint pain,vomiting,fatigue,yellowish skin,dark urine,nausea,loss of appetite,abdominal pain,yellowing of eyes,none,none,none,none,none,none,none,none,Hepatitis D
3029,vomiting,headache,nausea,spinning movements,loss of balance,unsteadiness,none,none,none,none,none,none,none,none,none,none,none,(vertigo) Paroymsal  Positional Vertigo
2199,itching,vomiting,fatigue,weight loss,high fever,yellowish skin,dark urine,none,none,none,none,none,none,none,none,none,none,Jaundice
2942,fatigue,weight gain,cold hands and feets,mood swings,lethargy,dizziness,puffy face and eyes,enlarged thyroid,brittle nails,swollen extremeties,depression,irritability,abnormal menstruation,none,none,none,none,Hypothyroidism
4551,itching,skin rash,nodal skin eruptions,dischromic  patches,none,none,none,none,none,none,none,none,none,none,none,none,none,Fungal infection
974,chills,high fever,sweating,headache,nausea,diarrhoea,muscle pain,none,none,none,none,none,none,none,none,none,none,Malaria
4185,itching,vomiting,yellowish skin,nausea,loss of appetite,abdominal pain,yellowing of eyes,none,none,none,none,none,none,none,none,none,none,Chronic cholestasis
2304,chills,vomiting,weight loss,cough,high fever,breathlessness,sweating,loss of appetite,mild fever,yellowing of eyes,swelled lymph nodes,malaise,phlegm,chest pain,blood in sputum,none,none,Tuberculosis
3599,fatigue,mood swings,weight loss,restlessness,sweating,diarrhoea,fast heart rate,excessive hunger,muscle weakness,irritability,abnormal menstruation,none,none,none,none,none,none,Hyperthyroidism
2662,burning micturition,bladder discomfort,foul smell of urine,continuous feel of urine,none,none,none,none,none,none,none,none,none,none,none,none,none,Urinary tract infection
3642,joint pain,neck pain,knee pain,hip joint pain,swelling joints,painful walking,none,none,none,none,none,none,none,none,none,none,none,Osteoarthristis
240,vomiting,yellowish skin,abdominal pain,swelling of stomach,distention of abdomen,history of alcohol consumption,fluid overload,none,none,none,none,none,none,none,none,none,none,Alcoholic hepatitis
2452,high fever,blister,red sore around nose,yellow crust ooze,none,none,none,none,none,none,none,none,none,none,none,none,none,Impetigo
2252,fatigue,lethargy,yellowish skin,dark urine,loss of appetite,abdominal pain,yellow urine,yellowing of eyes,malaise,receiving blood transfusion,receiving unsterile injections,none,none,none,none,none,none,Hepatitis B
1916,chills,fatigue,cough,breathlessness,sweating,malaise,phlegm,chest pain,fast heart rate,rusty sputum,none,none,none,none,none,none,none,Pneumonia
2858,vomiting,breathlessness,sweating,chest pain,none,none,none,none,none,none,none,none,none,none,none,none,none,Heart attack
2842,vomiting,headache,weakness of one body side,altered sensorium,none,none,none,none,none,none,none,none,none,none,none,none,none,Paralysis (brain hemorrhage)
3313,vomiting,fatigue,anxiety,sweating,headache,nausea,blurred and distorted vision,excessive hunger,drying and tingling lips,slurred speech,irritability,palpitations,none,none,none,none,none,Hypoglycemia
1222,high fever,blister,red sore around nose,yellow crust ooze,none,none,none,none,none,none,none,none,none,none,none,none,none,Impetigo
3829,itching,skin rash,fatigue,lethargy,high fever,headache,loss of appetite,mild fever,swelled lymph nodes,malaise,red spots over body,none,none,none,none,none,none,Chicken pox
2701,vomiting,headache,nausea,spinning movements,loss of balance,unsteadiness,none,none,none,none,none,none,none,none,none,none,none,(vertigo) Paroymsal  Positional Vertigo
1094,chills,cough,high fever,breathlessness,sweating,malaise,phlegm,chest pain,fast heart rate,rusty sputum,none,none,none,none,none,none,none,Pneumonia
515,headache,chest pain,dizziness,loss of balance,none,none,none,none,none,none,none,none,none,none,none,none,none,Hypertension
1971,vomiting,fatigue,anxiety,sweating,headache,nausea,blurred and distorted vision,excessive hunger,drying and tingling lips,slurred speech,irritability,palpitations,none,none,none,none,none,Hypoglycemia
3859,vomiting,indigestion,loss of appetite,abdominal pain,passage of gases,internal itching,none,none,none,none,none,none,none,none,none,none,none,Peptic ulcer diseae
4501,fatigue,mood swings,weight loss,restlessness,sweating,diarrhoea,fast heart rate,excessive hunger,muscle weakness,irritability,abnormal menstruation,none,none,none,none,none,none,Hyperthyroidism
1695,vomiting,indigestion,loss of appetite,passage of gases,internal itching,none,none,none,none,none,none,none,none,none,none,none,none,Peptic ulcer diseae
3873,joint pain,vomiting,yellowish skin,dark urine,nausea,loss of appetite,abdominal pain,diarrhoea,mild fever,yellowing of eyes,muscle pain,none,none,none,none,none,none,hepatitis A
4150,fatigue,cough,high fever,breathlessness,family history,mucoid sputum,none,none,none,none,none,none,none,none,none,none,none,Bronchial Asthma
4230,fatigue,weight loss,restlessness,lethargy,irregular sugar level,blurred and distorted vision,obesity,excessive hunger,increased appetite,polyuria,none,none,none,none,none,none,none,Diabetes
2004,vomiting,headache,spinning movements,loss of balance,unsteadiness,none,none,none,none,none,none,none,none,none,none,none,none,(vertigo) Paroymsal  Positional Vertigo
1767,back pain,weakness in limbs,neck pain,dizziness,loss of balance,none,none,none,none,none,none,none,none,none,none,none,none,Cervical spondylosis
2710,itching,skin rash,stomach pain,burning micturition,spotting  urination,none,none,none,none,none,none,none,none,none,none,none,none,Drug Reaction
89,vomiting,sunken eyes,diarrhoea,none,none,none,none,none,none,none,none,none,none,none,none,none,none,Gastroenteritis
999,skin rash,chills,joint pain,vomiting,fatigue,headache,nausea,loss of appetite,pain behind the eyes,back pain,malaise,muscle pain,red spots over body,none,none,none,none,Dengue
3579,back pain,weakness in limbs,neck pain,dizziness,loss of balance,none,none,none,none,none,none,none,none,none,none,none,none,Cervical spondylosis
4736,fatigue,yellowish skin,nausea,loss of appetite,yellowing of eyes,family history,none,none,none,none,none,none,none,none,none,none,none,Hepatitis C
3952,itching,skin rash,fatigue,lethargy,high fever,headache,loss of appetite,mild fever,swelled lymph nodes,malaise,red spots over body,none,none,none,none,none,none,Chicken pox
934,acidity,indigestion,headache,excessive hunger,stiff neck,depression,irritability,visual disturbances,none,none,none,none,none,none,none,none,none,Migraine
1541,fatigue,weight gain,cold hands and feets,mood swings,lethargy,dizziness,puffy face and eyes,enlarged thyroid,brittle nails,swollen extremeties,depression,irritability,abnormal menstruation,none,none,none,none,Hypothyroidism
1716,fatigue,weight loss,restlessness,lethargy,blurred and distorted vision,obesity,excessive hunger,increased appetite,polyuria,none,none,none,none,none,none,none,none,Diabetes
146,itching,vomiting,fatigue,weight loss,yellowish skin,dark urine,abdominal pain,none,none,none,none,none,none,none,none,none,none,Jaundice
3100,chills,vomiting,fatigue,weight loss,cough,high fever,breathlessness,sweating,loss of appetite,mild fever,yellowing of eyes,swelled lymph nodes,malaise,phlegm,chest pain,blood in sputum,none,Tuberculosis
2258,itching,fatigue,lethargy,yellowish skin,dark urine,loss of appetite,yellow urine,yellowing of eyes,malaise,receiving blood transfusion,receiving unsterile injections,none,none,none,none,none,none,Hepatitis B
3654,vomiting,indigestion,loss of appetite,abdominal pain,passage of gases,internal itching,none,none,none,none,none,none,none,none,none,none,none,Peptic ulcer diseae
2104,vomiting,indigestion,abdominal pain,passage of gases,internal itching,none,none,none,none,none,none,none,none,none,none,none,none,Peptic ulcer diseae
3471,chills,fatigue,cough,high fever,breathlessness,sweating,malaise,phlegm,chest pain,fast heart rate,rusty sputum,none,none,none,none,none,none,Pneumonia
3831,chills,vomiting,fatigue,high fever,headache,nausea,constipation,abdominal pain,diarrhoea,toxic look (typhos),belly pain,none,none,none,none,none,none,Typhoid
3738,fatigue,weight loss,restlessness,lethargy,irregular sugar level,blurred and distorted vision,obesity,excessive hunger,increased appetite,polyuria,none,none,none,none,none,none,none,Diabetes
2015,skin rash,pus filled pimples,blackheads,none,none,none,none,none,none,none,none,none,none,none,none,none,none,Acne
2653,vomiting,breathlessness,sweating,chest pain,none,none,none,none,none,none,none,none,none,none,none,none,none,Heart attack
3801,vomiting,breathlessness,sweating,chest pain,none,none,none,none,none,none,none,none,none,none,none,none,none,Heart attack
4057,skin rash,joint pain,skin peeling,silver like dusting,small dents in nails,inflammatory nails,none,none,none,none,none,none,none,none,none,none,none,Psoriasis
4749,joint pain,neck pain,knee pain,hip joint pain,swelling joints,painful walking,none,none,none,none,none,none,none,none,none,none,none,Osteoarthristis
988,itching,skin rash,fatigue,lethargy,high fever,headache,loss of appetite,swelled lymph nodes,malaise,red spots over body,none,none,none,none,none,none,none,Chicken pox
2126,fatigue,weight loss,restlessness,lethargy,blurred and distorted vision,obesity,excessive hunger,increased appetite,polyuria,none,none,none,none,none,none,none,none,Diabetes
794,burning micturition,bladder discomfort,continuous feel of urine,none,none,none,none,none,none,none,none,none,none,none,none,none,none,Urinary tract infection
2725,joint pain,vomiting,yellowish skin,dark urine,nausea,loss of appetite,abdominal pain,diarrhoea,mild fever,yellowing of eyes,muscle pain,none,none,none,none,none,none,hepatitis A
3632,vomiting,yellowish skin,abdominal pain,swelling of stomach,distention of abdomen,history of alcohol consumption,fluid overload,none,none,none,none,none,none,none,none,none,none,Alcoholic hepatitis
3705,chills,vomiting,high fever,sweating,headache,nausea,diarrhoea,muscle pain,none,none,none,none,none,none,none,none,none,Malaria
4350,itching,skin rash,stomach pain,burning micturition,spotting  urination,none,none,none,none,none,none,none,none,none,none,none,none,Drug Reaction
218,fatigue,yellowish skin,nausea,loss of appetite,yellowing of eyes,family history,none,none,none,none,none,none,none,none,none,none,none,Hepatitis C
3570,itching,vomiting,yellowish skin,nausea,loss of appetite,abdominal pain,yellowing of eyes,none,none,none,none,none,none,none,none,none,none,Chronic cholestasis
1517,constipation,pain during bowel movements,pain in anal region,bloody stool,none,none,none,none,none,none,none,none,none,none,none,none,none,Dimorphic hemmorhoids(piles)
3959,joint pain,vomiting,fatigue,high fever,yellowish skin,dark urine,nausea,loss of appetite,abdominal pain,yellowing of eyes,acute liver failure,coma,stomach bleeding,none,none,none,none,Hepatitis E
3697,fatigue,weight loss,restlessness,lethargy,irregular sugar level,blurred and distorted vision,obesity,excessive hunger,increased appetite,polyuria,none,none,none,none,none,none,none,Diabetes
618,itching,fatigue,lethargy,yellowish skin,dark urine,loss of appetite,yellow urine,yellowing of eyes,malaise,receiving blood transfusion,receiving unsterile injections,none,none,none,none,none,none,Hepatitis B
2599,itching,skin rash,fatigue,lethargy,high fever,headache,loss of appetite,mild fever,swelled lymph nodes,malaise,red spots over body,none,none,none,none,none,none,Chicken pox
3503,chills,vomiting,fatigue,high fever,headache,nausea,constipation,abdominal pain,diarrhoea,toxic look (typhos),belly pain,none,none,none,none,none,none,Typhoid
698,constipation,pain during bowel movements,pain in anal region,bloody stool,irritation in anus,none,none,none,none,none,none,none,none,none,none,none,none,Dimorphic hemmorhoids(piles)
2085,itching,vomiting,yellowish skin,nausea,abdominal pain,yellowing of eyes,none,none,none,none,none,none,none,none,none,none,none,Chronic cholestasis
39,itching,vomiting,yellowish skin,nausea,loss of appetite,abdominal pain,yellowing of eyes,none,none,none,none,none,none,none,none,none,none,Chronic cholestasis
3335,itching,vomiting,fatigue,weight loss,high fever,yellowish skin,dark urine,abdominal pain,none,none,none,none,none,none,none,none,none,Jaundice
2516,chills,vomiting,high fever,sweating,headache,nausea,diarrhoea,muscle pain,none,none,none,none,none,none,none,none,none,Malaria
1651,shivering,chills,watering from eyes,none,none,none,none,none,none,none,none,none,none,none,none,none,none,Allergy
3689,skin rash,high fever,blister,red sore around nose,yellow crust ooze,none,none,none,none,none,none,none,none,none,none,none,none,Impetigo
796,burning micturition,bladder discomfort,foul smell of urine,continuous feel of urine,none,none,none,none,none,none,none,none,none,none,none,none,none,Urinary tract infection
674,continuous sneezing,chills,cough,high fever,headache,swelled lymph nodes,malaise,phlegm,throat irritation,redness of eyes,sinus pressure,runny nose,congestion,chest pain,loss of smell,muscle pain,none,Common Cold
4773,skin rash,chills,joint pain,vomiting,fatigue,high fever,headache,nausea,loss of appetite,pain behind the eyes,back pain,malaise,muscle pain,red spots over body,none,none,none,Dengue
3195,burning micturition,bladder discomfort,foul smell of urine,continuous feel of urine,none,none,none,none,none,none,none,none,none,none,none,none,none,Urinary tract infection
3628,itching,fatigue,lethargy,yellowish skin,dark urine,loss of appetite,abdominal pain,yellow urine,yellowing of eyes,malaise,receiving blood transfusion,receiving unsterile injections,none,none,none,none,none,Hepatitis B
2431,burning micturition,bladder discomfort,foul smell of urine,continuous feel of urine,none,none,none,none,none,none,none,none,none,none,none,none,none,Urinary tract infection
3183,continuous sneezing,chills,fatigue,cough,high fever,headache,swelled lymph nodes,malaise,phlegm,throat irritation,redness of eyes,sinus pressure,runny nose,congestion,chest pain,loss of smell,muscle pain,Common Cold
1907,continuous sneezing,chills,fatigue,cough,high fever,swelled lymph nodes,malaise,phlegm,throat irritation,redness of eyes,sinus pressure,runny nose,congestion,chest pain,loss of smell,muscle pain,none,Common Cold
730,fatigue,mood swings,weight loss,restlessness,sweating,diarrhoea,fast heart rate,excessive hunger,muscle weakness,irritability,abnormal menstruation,none,none,none,none,none,none,Hyperthyroidism
4740,chills,vomiting,fatigue,weight loss,cough,high fever,breathlessness,sweating,loss of appetite,mild fever,yellowing of eyes,swelled lymph nodes,malaise,phlegm,chest pain,blood in sputum,none,Tuberculosis
582,skin rash,chills,joint pain,vomiting,fatigue,high fever,headache,nausea,loss of appetite,pain behind the eyes,back pain,malaise,muscle pain,none,none,none,none,Dengue
2369,fatigue,weight gain,cold hands and feets,mood swings,lethargy,dizziness,enlarged thyroid,brittle nails,swollen extremeties,depression,irritability,abnormal menstruation,none,none,none,none,none,Hypothyroidism
4674,itching,skin rash,nodal skin eruptions,dischromic  patches,none,none,none,none,none,none,none,none,none,none,none,none,none,Fungal infection
845,stomach pain,acidity,ulcers on tongue,vomiting,cough,none,none,none,none,none,none,none,none,none,none,none,none,GERD
4820,joint pain,vomiting,fatigue,high fever,yellowish skin,dark urine,nausea,loss of appetite,abdominal pain,yellowing of eyes,acute liver failure,coma,stomach bleeding,none,none,none,none,Hepatitis E
1039,fatigue,yellowish skin,nausea,loss of appetite,yellowing of eyes,family history,none,none,none,none,none,none,none,none,none,none,none,Hepatitis C
1322,fatigue,high fever,breathlessness,family history,mucoid sputum,none,none,none,none,none,none,none,none,none,none,none,none,Bronchial Asthma
4539,vomiting,breathlessness,sweating,chest pain,none,none,none,none,none,none,none,none,none,none,none,none,none,Heart attack
3638,fatigue,cramps,bruising,obesity,swollen legs,swollen blood vessels,prominent veins on calf,none,none,none,none,none,none,none,none,none,none,Varicose veins
145,itching,vomiting,fatigue,high fever,yellowish skin,dark urine,abdominal pain,none,none,none,none,none,none,none,none,none,none,Jaundice
516,headache,chest pain,dizziness,loss of balance,lack of concentration,none,none,none,none,none,none,none,none,none,none,none,none,Hypertension
2359,fatigue,cramps,bruising,obesity,swollen legs,prominent veins on calf,none,none,none,none,none,none,none,none,none,none,none,Varicose veins
1168,joint pain,neck pain,knee pain,hip joint pain,swelling joints,painful walking,none,none,none,none,none,none,none,none,none,none,none,Osteoarthristis
2324,chills,cough,high fever,breathlessness,sweating,malaise,phlegm,chest pain,fast heart rate,rusty sputum,none,none,none,none,none,none,none,Pneumonia
1306,fatigue,weight loss,restlessness,lethargy,blurred and distorted vision,obesity,excessive hunger,increased appetite,polyuria,none,none,none,none,none,none,none,none,Diabetes
2394,joint pain,neck pain,hip joint pain,swelling joints,painful walking,none,none,none,none,none,none,none,none,none,none,none,none,Osteoarthristis
493,vomiting,dehydration,diarrhoea,none,none,none,none,none,none,none,none,none,none,none,none,none,none,Gastroenteritis
1970,vomiting,fatigue,anxiety,sweating,headache,nausea,blurred and distorted vision,excessive hunger,slurred speech,irritability,palpitations,none,none,none,none,none,none,Hypoglycemia
71,fatigue,weight loss,restlessness,lethargy,irregular sugar level,blurred and distorted vision,obesity,excessive hunger,increased appetite,polyuria,none,none,none,none,none,none,none,Diabetes
3097,joint pain,vomiting,fatigue,yellowish skin,dark urine,nausea,loss of appetite,abdominal pain,yellowing of eyes,none,none,none,none,none,none,none,none,Hepatitis D
793,burning micturition,foul smell of urine,continuous feel of urine,none,none,none,none,none,none,none,none,none,none,none,none,none,none,Urinary tract infection
4269,vomiting,indigestion,loss of appetite,abdominal pain,passage of gases,internal itching,none,none,none,none,none,none,none,none,none,none,none,Peptic ulcer diseae
4041,joint pain,vomiting,fatigue,high fever,yellowish skin,dark urine,nausea,loss of appetite,abdominal pain,yellowing of eyes,acute liver failure,coma,stomach bleeding,none,none,none,none,Hepatitis E
4811,itching,vomiting,fatigue,weight loss,high fever,yellowish skin,dark urine,abdominal pain,none,none,none,none,none,none,none,none,none,Jaundice
2636,back pain,weakness in limbs,neck pain,dizziness,loss of balance,none,none,none,none,none,none,none,none,none,none,none,none,Cervical spondylosis
1093,fatigue,cough,high fever,breathlessness,sweating,malaise,phlegm,chest pain,fast heart rate,rusty sputum,none,none,none,none,none,none,none,Pneumonia
2416,vomiting,headache,nausea,spinning movements,unsteadiness,none,none,none,none,none,none,none,none,none,none,none,none,(vertigo) Paroymsal  Positional Vertigo
1048,joint pain,vomiting,fatigue,yellowish skin,dark urine,nausea,loss of appetite,yellowing of eyes,none,none,none,none,none,none,none,none,none,Hepatitis D
2901,fatigue,weight gain,cold hands and feets,mood swings,lethargy,dizziness,puffy face and eyes,enlarged thyroid,brittle nails,swollen extremeties,depression,irritability,abnormal menstruation,none,none,none,none,Hypothyroidism
4643,headache,chest pain,dizziness,loss of balance,lack of concentration,none,none,none,none,none,none,none,none,none,none,none,none,Hypertension
1832,vomiting,yellowish skin,dark urine,nausea,loss of appetite,abdominal pain,diarrhoea,mild fever,yellowing of eyes,muscle pain,none,none,none,none,none,none,none,hepatitis A
3573,muscle wasting,patches in throat,high fever,extra marital contacts,none,none,none,none,none,none,none,none,none,none,none,none,none,AIDS
2547,vomiting,indigestion,loss of appetite,abdominal pain,passage of gases,internal itching,none,none,none,none,none,none,none,none,none,none,none,Peptic ulcer diseae
3174,skin rash,chills,joint pain,vomiting,fatigue,high fever,headache,nausea,loss of appetite,pain behind the eyes,back pain,malaise,muscle pain,red spots over body,none,none,none,Dengue
2760,vomiting,headache,weakness of one body side,altered sensorium,none,none,none,none,none,none,none,none,none,none,none,none,none,Paralysis (brain hemorrhage)
3577,headache,chest pain,dizziness,loss of balance,lack of concentration,none,none,none,none,none,none,none,none,none,none,none,none,Hypertension
2377,fatigue,mood swings,weight loss,restlessness,sweating,fast heart rate,excessive hunger,muscle weakness,irritability,abnormal menstruation,none,none,none,none,none,none,none,Hyperthyroidism
1116,vomiting,breathlessness,sweating,chest pain,none,none,none,none,none,none,none,none,none,none,none,none,none,Heart attack
4189,fatigue,weight loss,restlessness,lethargy,irregular sugar level,blurred and distorted vision,obesity,excessive hunger,increased appetite,polyuria,none,none,none,none,none,none,none,Diabetes
2515,itching,vomiting,fatigue,weight loss,high fever,yellowish skin,dark urine,abdominal pain,none,none,none,none,none,none,none,none,none,Jaundice
3289,fatigue,cough,high fever,breathlessness,family history,mucoid sputum,none,none,none,none,none,none,none,none,none,none,none,Bronchial Asthma
596,chills,vomiting,fatigue,high fever,headache,nausea,constipation,abdominal pain,diarrhoea,toxic look (typhos),none,none,none,none,none,none,none,Typhoid
4755,skin rash,high fever,blister,red sore around nose,yellow crust ooze,none,none,none,none,none,none,none,none,none,none,none,none,Impetigo
1412,chills,vomiting,fatigue,high fever,headache,nausea,abdominal pain,diarrhoea,toxic look (typhos),belly pain,none,none,none,none,none,none,none,Typhoid
3984,fatigue,weight loss,restlessness,lethargy,irregular sugar level,blurred and distorted vision,obesity,excessive hunger,increased appetite,polyuria,none,none,none,none,none,none,none,Diabetes
4521,acidity,indigestion,headache,blurred and distorted vision,excessive hunger,stiff neck,depression,irritability,visual disturbances,none,none,none,none,none,none,none,none,Migraine
843,stomach pain,acidity,ulcers on tongue,cough,chest pain,none,none,none,none,none,none,none,none,none,none,none,none,GERD
4900,fatigue,yellowish skin,nausea,loss of appetite,yellowing of eyes,family history,none,none,none,none,none,none,none,none,none,none,none,Hepatitis C
2297,vomiting,yellowish skin,abdominal pain,swelling of stomach,distention of abdomen,fluid overload,none,none,none,none,none,none,none,none,none,none,none,Alcoholic hepatitis
4157,itching,skin rash,fatigue,lethargy,high fever,headache,loss of appetite,mild fever,swelled lymph nodes,malaise,red spots over body,none,none,none,none,none,none,Chicken pox
1835,joint pain,vomiting,yellowish skin,nausea,loss of appetite,abdominal pain,diarrhoea,mild fever,yellowing of eyes,muscle pain,none,none,none,none,none,none,none,hepatitis A
1714,fatigue,weight loss,lethargy,irregular sugar level,blurred and distorted vision,obesity,excessive hunger,increased appetite,polyuria,none,none,none,none,none,none,none,none,Diabetes
4192,headache,chest pain,dizziness,loss of balance,lack of concentration,none,none,none,none,none,none,none,none,none,none,none,none,Hypertension
4011,joint pain,neck pain,knee pain,hip joint pain,swelling joints,painful walking,none,none,none,none,none,none,none,none,none,none,none,Osteoarthristis
2100,vomiting,loss of appetite,abdominal pain,passage of gases,internal itching,none,none,none,none,none,none,none,none,none,none,none,none,Peptic ulcer diseae
4146,vomiting,indigestion,loss of appetite,abdominal pain,passage of gases,internal itching,none,none,none,none,none,none,none,none,none,none,none,Peptic ulcer diseae
41,itching,stomach pain,burning micturition,spotting  urination,none,none,none,none,none,none,none,none,none,none,none,none,none,Drug Reaction
4840,stomach pain,acidity,ulcers on tongue,vomiting,cough,chest pain,none,none,none,none,none,none,none,none,none,none,none,GERD
3421,chills,vomiting,fatigue,high fever,headache,nausea,constipation,abdominal pain,diarrhoea,toxic look (typhos),belly pain,none,none,none,none,none,none,Typhoid
1164,joint pain,neck pain,hip joint pain,swelling joints,painful walking,none,none,none,none,none,none,none,none,none,none,none,none,Osteoarthristis
223,joint pain,vomiting,yellowish skin,dark urine,nausea,loss of appetite,abdominal pain,yellowing of eyes,none,none,none,none,none,none,none,none,none,Hepatitis D
2926,chills,vomiting,high fever,sweating,headache,nausea,diarrhoea,muscle pain,none,none,none,none,none,none,none,none,none,Malaria
968,itching,vomiting,fatigue,weight loss,high fever,yellowish skin,abdominal pain,none,none,none,none,none,none,none,none,none,none,Jaundice
329,fatigue,mood swings,weight loss,restlessness,sweating,diarrhoea,fast heart rate,muscle weakness,irritability,abnormal menstruation,none,none,none,none,none,none,none,Hyperthyroidism
442,itching,yellowish skin,nausea,loss of appetite,abdominal pain,yellowing of eyes,none,none,none,none,none,none,none,none,none,none,none,Chronic cholestasis
189,chills,fatigue,high fever,headache,nausea,constipation,abdominal pain,diarrhoea,toxic look (typhos),belly pain,none,none,none,none,none,none,none,Typhoid
4016,skin rash,joint pain,skin peeling,silver like dusting,small dents in nails,inflammatory nails,none,none,none,none,none,none,none,none,none,none,none,Psoriasis
519,headache,chest pain,loss of balance,lack of concentration,none,none,none,none,none,none,none,none,none,none,none,none,none,Hypertension
3441,burning micturition,bladder discomfort,foul smell of urine,continuous feel of urine,none,none,none,none,none,none,none,none,none,none,none,none,none,Urinary tract infection
3014,fatigue,yellowish skin,nausea,loss of appetite,yellowing of eyes,family history,none,none,none,none,none,none,none,none,none,none,none,Hepatitis C
792,bladder discomfort,foul smell of urine,continuous feel of urine,none,none,none,none,none,none,none,none,none,none,none,none,none,none,Urinary tract infection
662,vomiting,fatigue,weight loss,cough,high fever,breathlessness,sweating,loss of appetite,mild fever,yellowing of eyes,swelled lymph nodes,malaise,phlegm,chest pain,blood in sputum,none,none,Tuberculosis
2217,itching,skin rash,fatigue,lethargy,high fever,headache,mild fever,swelled lymph nodes,malaise,red spots over body,none,none,none,none,none,none,none,Chicken pox
501,cough,high fever,breathlessness,family history,mucoid sputum,none,none,none,none,none,none,none,none,none,none,none,none,Bronchial Asthma
3586,joint pain,vomiting,yellowish skin,dark urine,nausea,loss of appetite,abdominal pain,diarrhoea,mild fever,yellowing of eyes,muscle pain,none,none,none,none,none,none,hepatitis A
2769,joint pain,vomiting,fatigue,yellowish skin,dark urine,nausea,loss of appetite,abdominal pain,yellowing of eyes,none,none,none,none,none,none,none,none,Hepatitis D
606,joint pain,vomiting,yellowish skin,dark urine,loss of appetite,abdominal pain,diarrhoea,mild fever,yellowing of eyes,muscle pain,none,none,none,none,none,none,none,hepatitis A
2261,fatigue,yellowish skin,nausea,loss of appetite,yellowing of eyes,family history,none,none,none,none,none,none,none,none,none,none,none,Hepatitis C
2971,joint pain,vomiting,yellowish skin,dark urine,nausea,loss of appetite,abdominal pain,diarrhoea,mild fever,yellowing of eyes,muscle pain,none,none,none,none,none,none,hepatitis A
1610,burning micturition,bladder discomfort,foul smell of urine,continuous feel of urine,none,none,none,none,none,none,none,none,none,none,none,none,none,Urinary tract infection
4758,stomach pain,acidity,ulcers on tongue,vomiting,cough,chest pain,none,none,none,none,none,none,none,none,none,none,none,GERD
611,itching,fatigue,lethargy,yellowish skin,dark urine,loss of appetite,abdominal pain,yellow urine,yellowing of eyes,malaise,receiving blood transfusion,receiving unsterile injections,none,none,none,none,none,Hepatitis B
138,vomiting,weakness of one body side,altered sensorium,none,none,none,none,none,none,none,none,none,none,none,none,none,none,Paralysis (brain hemorrhage)
2886,itching,skin rash,fatigue,lethargy,high fever,headache,loss of appetite,mild fever,swelled lymph nodes,malaise,red spots over body,none,none,none,none,none,none,Chicken pox
2757,headache,chest pain,dizziness,loss of balance,lack of concentration,none,none,none,none,none,none,none,none,none,none,none,none,Hypertension
2737,fatigue,weight gain,cold hands and feets,mood swings,lethargy,dizziness,puffy face and eyes,enlarged thyroid,brittle nails,swollen extremeties,depression,irritability,abnormal menstruation,none,none,none,none,Hypothyroidism
3511,continuous sneezing,chills,fatigue,cough,high fever,headache,swelled lymph nodes,malaise,phlegm,throat irritation,redness of eyes,sinus pressure,runny nose,congestion,chest pain,loss of smell,muscle pain,Common Cold
3823,headache,chest pain,dizziness,loss of balance,lack of concentration,none,none,none,none,none,none,none,none,none,none,none,none,Hypertension
3380,chills,vomiting,fatigue,high fever,headache,nausea,constipation,abdominal pain,diarrhoea,toxic look (typhos),belly pain,none,none,none,none,none,none,Typhoid
2241,joint pain,vomiting,yellowish skin,dark urine,nausea,loss of appetite,abdominal pain,diarrhoea,mild fever,yellowing of eyes,muscle pain,none,none,none,none,none,none,hepatitis A
3641,vomiting,fatigue,anxiety,sweating,headache,nausea,blurred and distorted vision,excessive hunger,drying and tingling lips,slurred speech,irritability,palpitations,none,none,none,none,none,Hypoglycemia
3481,skin rash,pus filled pimples,blackheads,scurring,none,none,none,none,none,none,none,none,none,none,none,none,none,Acne
425,shivering,chills,watering from eyes,none,none,none,none,none,none,none,none,none,none,none,none,none,none,Allergy
1161,joint pain,neck pain,knee pain,hip joint pain,swelling joints,painful walking,none,none,none,none,none,none,none,none,none,none,none,Osteoarthristis
2453,skin rash,blister,red sore around nose,yellow crust ooze,none,none,none,none,none,none,none,none,none,none,none,none,none,Impetigo
2030,skin rash,joint pain,skin peeling,silver like dusting,small dents in nails,inflammatory nails,none,none,none,none,none,none,none,none,none,none,none,Psoriasis
2219,itching,skin rash,fatigue,lethargy,high fever,headache,loss of appetite,mild fever,malaise,red spots over body,none,none,none,none,none,none,none,Chicken pox
4383,skin rash,pus filled pimples,blackheads,scurring,none,none,none,none,none,none,none,none,none,none,none,none,none,Acne
3837,vomiting,yellowish skin,abdominal pain,swelling of stomach,distention of abdomen,history of alcohol consumption,fluid overload,none,none,none,none,none,none,none,none,none,none,Alcoholic hepatitis
4765,fatigue,cough,high fever,breathlessness,family history,mucoid sputum,none,none,none,none,none,none,none,none,none,none,none,Bronchial Asthma
3130,itching,vomiting,fatigue,weight loss,high fever,yellowish skin,dark urine,abdominal pain,none,none,none,none,none,none,none,none,none,Jaundice
680,chills,fatigue,cough,high fever,breathlessness,sweating,malaise,chest pain,fast heart rate,rusty sputum,none,none,none,none,none,none,none,Pneumonia
2968,itching,skin rash,fatigue,lethargy,high fever,headache,loss of appetite,mild fever,swelled lymph nodes,malaise,red spots over body,none,none,none,none,none,none,Chicken pox
3743,back pain,weakness in limbs,neck pain,dizziness,loss of balance,none,none,none,none,none,none,none,none,none,none,none,none,Cervical spondylosis
278,chills,fatigue,cough,high fever,breathlessness,malaise,phlegm,chest pain,fast heart rate,rusty sputum,none,none,none,none,none,none,none,Pneumonia
1177,muscle weakness,stiff neck,swelling joints,movement stiffness,none,none,none,none,none,none,none,none,none,none,none,none,none,Arthritis
4317,back pain,weakness in limbs,neck pain,dizziness,loss of balance,none,none,none,none,none,none,none,none,none,none,none,none,Cervical spondylosis
3620,back pain,weakness in limbs,neck pain,dizziness,loss of balance,none,none,none,none,none,none,none,none,none,none,none,none,Cervical spondylosis
4340,muscle weakness,stiff neck,swelling joints,movement stiffness,painful walking,none,none,none,none,none,none,none,none,none,none,none,none,Arthritis
2230,chills,vomiting,fatigue,high fever,nausea,constipation,abdominal pain,diarrhoea,toxic look (typhos),belly pain,none,none,none,none,none,none,none,Typhoid
2047,skin rash,high fever,blister,red sore around nose,none,none,none,none,none,none,none,none,none,none,none,none,none,Impetigo
2053,itching,skin rash,dischromic  patches,none,none,none,none,none,none,none,none,none,none,none,none,none,none,Fungal infection
3719,vomiting,breathlessness,sweating,chest pain,none,none,none,none,none,none,none,none,none,none,none,none,none,Heart attack
4830,vomiting,fatigue,anxiety,sweating,headache,nausea,blurred and distorted vision,excessive hunger,drying and tingling lips,slurred speech,irritability,palpitations,none,none,none,none,none,Hypoglycemia
2271,vomiting,fatigue,yellowish skin,dark urine,nausea,loss of appetite,abdominal pain,yellowing of eyes,none,none,none,none,none,none,none,none,none,Hepatitis D
1638,skin rash,high fever,blister,red sore around nose,yellow crust ooze,none,none,none,none,none,none,none,none,none,none,none,none,Impetigo
1882,yellowish skin,abdominal pain,swelling of stomach,distention of abdomen,history of alcohol consumption,fluid overload,none,none,none,none,none,none,none,none,none,none,none,Alcoholic hepatitis
47,itching,skin rash,burning micturition,spotting  urination,none,none,none,none,none,none,none,none,none,none,none,none,none,Drug Reaction
538,weakness in limbs,neck pain,dizziness,loss of balance,none,none,none,none,none,none,none,none,none,none,none,none,none,Cervical spondylosis
2870,itching,skin rash,nodal skin eruptions,dischromic  patches,none,none,none,none,none,none,none,none,none,none,none,none,none,Fungal infection
4772,itching,skin rash,fatigue,lethargy,high fever,headache,loss of appetite,mild fever,swelled lymph nodes,malaise,red spots over body,none,none,none,none,none,none,Chicken pox
4878,skin rash,high fever,blister,red sore around nose,yellow crust ooze,none,none,none,none,none,none,none,none,none,none,none,none,Impetigo
1274,itching,skin rash,stomach pain,burning micturition,none,none,none,none,none,none,none,none,none,none,none,none,none,Drug Reaction
1915,chills,fatigue,high fever,breathlessness,sweating,malaise,phlegm,chest pain,fast heart rate,rusty sputum,none,none,none,none,none,none,none,Pneumonia
1986,joint pain,neck pain,knee pain,hip joint pain,painful walking,none,none,none,none,none,none,none,none,none,none,none,none,Osteoarthristis
939,acidity,indigestion,headache,blurred and distorted vision,excessive hunger,stiff neck,depression,irritability,none,none,none,none,none,none,none,none,none,Migraine
977,chills,vomiting,high fever,sweating,nausea,diarrhoea,muscle pain,none,none,none,none,none,none,none,none,none,none,Malaria
3751,itching,fatigue,lethargy,yellowish skin,dark urine,loss of appetite,abdominal pain,yellow urine,yellowing of eyes,malaise,receiving blood transfusion,receiving unsterile injections,none,none,none,none,none,Hepatitis B
1087,continuous sneezing,chills,fatigue,cough,high fever,swelled lymph nodes,malaise,phlegm,throat irritation,redness of eyes,sinus pressure,runny nose,congestion,chest pain,loss of smell,muscle pain,none,Common Cold
3351,fatigue,cramps,bruising,obesity,swollen legs,swollen blood vessels,prominent veins on calf,none,none,none,none,none,none,none,none,none,none,Varicose veins
2720,itching,vomiting,fatigue,weight loss,high fever,yellowish skin,dark urine,abdominal pain,none,none,none,none,none,none,none,none,none,Jaundice
2417,vomiting,headache,nausea,spinning movements,loss of balance,none,none,none,none,none,none,none,none,none,none,none,none,(vertigo) Paroymsal  Positional Vertigo
1461,joint pain,vomiting,fatigue,high fever,yellowish skin,dark urine,nausea,loss of appetite,abdominal pain,yellowing of eyes,acute liver failure,coma,stomach bleeding,none,none,none,none,Hepatitis E
1493,continuous sneezing,fatigue,cough,high fever,headache,swelled lymph nodes,malaise,phlegm,throat irritation,redness of eyes,sinus pressure,runny nose,congestion,chest pain,loss of smell,muscle pain,none,Common Cold
1900,continuous sneezing,chills,fatigue,cough,high fever,headache,swelled lymph nodes,malaise,phlegm,throat irritation,redness of eyes,sinus pressure,runny nose,congestion,chest pain,loss of smell,muscle pain,Common Cold
4364,chills,vomiting,fatigue,high fever,headache,nausea,constipation,abdominal pain,diarrhoea,toxic look (typhos),belly pain,none,none,none,none,none,none,Typhoid
4484,chills,vomiting,high fever,sweating,headache,nausea,diarrhoea,muscle pain,none,none,none,none,none,none,none,none,none,Malaria
1067,vomiting,yellowish skin,abdominal pain,swelling of stomach,distention of abdomen,fluid overload,none,none,none,none,none,none,none,none,none,none,none,Alcoholic hepatitis
446,itching,vomiting,yellowish skin,nausea,loss of appetite,yellowing of eyes,none,none,none,none,none,none,none,none,none,none,none,Chronic cholestasis
2817,vomiting,breathlessness,sweating,chest pain,none,none,none,none,none,none,none,none,none,none,none,none,none,Heart attack
1325,fatigue,cough,high fever,breathlessness,mucoid sputum,none,none,none,none,none,none,none,none,none,none,none,none,Bronchial Asthma
2424,skin rash,pus filled pimples,scurring,none,none,none,none,none,none,none,none,none,none,none,none,none,none,Acne
2164,acidity,indigestion,headache,excessive hunger,stiff neck,depression,irritability,visual disturbances,none,none,none,none,none,none,none,none,none,Migraine
4043,chills,vomiting,fatigue,weight loss,cough,high fever,breathlessness,sweating,loss of appetite,mild fever,yellowing of eyes,swelled lymph nodes,malaise,phlegm,chest pain,blood in sputum,none,Tuberculosis
2022,bladder discomfort,foul smell of urine,continuous feel of urine,none,none,none,none,none,none,none,none,none,none,none,none,none,none,Urinary tract infection
4595,itching,vomiting,yellowish skin,nausea,loss of appetite,abdominal pain,yellowing of eyes,none,none,none,none,none,none,none,none,none,none,Chronic cholestasis
2059,itching,skin rash,nodal skin eruptions,dischromic  patches,none,none,none,none,none,none,none,none,none,none,none,none,none,Fungal infection
1396,itching,skin rash,fatigue,lethargy,high fever,loss of appetite,mild fever,swelled lymph nodes,malaise,red spots over body,none,none,none,none,none,none,none,Chicken pox
2357,fatigue,cramps,bruising,obesity,swollen legs,prominent veins on calf,none,none,none,none,none,none,none,none,none,none,none,Varicose veins
380,burning micturition,bladder discomfort,foul smell of urine,continuous feel of urine,none,none,none,none,none,none,none,none,none,none,none,none,none,Urinary tract infection
486,fatigue,weight loss,restlessness,lethargy,blurred and distorted vision,obesity,excessive hunger,increased appetite,polyuria,none,none,none,none,none,none,none,none,Diabetes
529,acidity,indigestion,headache,blurred and distorted vision,excessive hunger,stiff neck,depression,irritability,none,none,none,none,none,none,none,none,none,Migraine
3458,itching,vomiting,fatigue,weight loss,high fever,yellowish skin,dark urine,abdominal pain,none,none,none,none,none,none,none,none,none,Jaundice
291,vomiting,breathlessness,sweating,chest pain,none,none,none,none,none,none,none,none,none,none,none,none,none,Heart attack
889,muscle wasting,patches in throat,high fever,none,none,none,none,none,none,none,none,none,none,none,none,none,none,AIDS
646,joint pain,vomiting,fatigue,yellowish skin,dark urine,nausea,loss of appetite,abdominal pain,yellowing of eyes,acute liver failure,coma,stomach bleeding,none,none,none,none,none,Hepatitis E
103,headache,chest pain,loss of balance,lack of concentration,none,none,none,none,none,none,none,none,none,none,none,none,none,Hypertension
3450,muscle wasting,patches in throat,high fever,extra marital contacts,none,none,none,none,none,none,none,none,none,none,none,none,none,AIDS
2623,skin rash,high fever,blister,red sore around nose,yellow crust ooze,none,none,none,none,none,none,none,none,none,none,none,none,Impetigo
860,itching,skin rash,stomach pain,burning micturition,spotting  urination,none,none,none,none,none,none,none,none,none,none,none,none,Drug Reaction
2611,constipation,pain during bowel movements,pain in anal region,bloody stool,irritation in anus,none,none,none,none,none,none,none,none,none,none,none,none,Dimorphic hemmorhoids(piles)
4481,back pain,weakness in limbs,neck pain,dizziness,loss of balance,none,none,none,none,none,none,none,none,none,none,none,none,Cervical spondylosis
887,patches in throat,high fever,extra marital contacts,none,none,none,none,none,none,none,none,none,none,none,none,none,none,AIDS
4251,constipation,pain during bowel movements,pain in anal region,bloody stool,irritation in anus,none,none,none,none,none,none,none,none,none,none,none,none,Dimorphic hemmorhoids(piles)
272,chills,fatigue,cough,high fever,breathlessness,sweating,malaise,phlegm,chest pain,fast heart rate,rusty sputum,none,none,none,none,none,none,Pneumonia
2088,itching,vomiting,yellowish skin,nausea,loss of appetite,abdominal pain,yellowing of eyes,none,none,none,none,none,none,none,none,none,none,Chronic cholestasis
473,muscle wasting,patches in throat,extra marital contacts,none,none,none,none,none,none,none,none,none,none,none,none,none,none,AIDS
2732,continuous sneezing,chills,fatigue,cough,high fever,headache,swelled lymph nodes,malaise,phlegm,throat irritation,redness of eyes,sinus pressure,runny nose,congestion,chest pain,loss of smell,muscle pain,Common Cold
3519,joint pain,neck pain,knee pain,hip joint pain,swelling joints,painful walking,none,none,none,none,none,none,none,none,none,none,none,Osteoarthristis
1696,vomiting,indigestion,loss of appetite,abdominal pain,internal itching,none,none,none,none,none,none,none,none,none,none,none,none,Peptic ulcer diseae
1159,vomiting,fatigue,anxiety,sweating,headache,nausea,excessive hunger,drying and tingling lips,slurred speech,irritability,palpitations,none,none,none,none,none,none,Hypoglycemia
4040,joint pain,vomiting,fatigue,yellowish skin,dark urine,nausea,loss of appetite,abdominal pain,yellowing of eyes,none,none,none,none,none,none,none,none,Hepatitis D
1200,burning micturition,bladder discomfort,foul smell of urine,continuous feel of urine,none,none,none,none,none,none,none,none,none,none,none,none,none,Urinary tract infection
234,joint pain,fatigue,high fever,yellowish skin,dark urine,nausea,loss of appetite,abdominal pain,yellowing of eyes,acute liver failure,coma,stomach bleeding,none,none,none,none,none,Hepatitis E
3977,itching,skin rash,nodal skin eruptions,dischromic  patches,none,none,none,none,none,none,none,none,none,none,none,none,none,Fungal infection
107,chest pain,dizziness,loss of balance,lack of concentration,none,none,none,none,none,none,none,none,none,none,none,none,none,Hypertension
2331,constipation,pain during bowel movements,pain in anal region,bloody stool,irritation in anus,none,none,none,none,none,none,none,none,none,none,none,none,Dimorphic hemmorhoids(piles)
3475,fatigue,weight gain,cold hands and feets,mood swings,lethargy,dizziness,puffy face and eyes,enlarged thyroid,brittle nails,swollen extremeties,depression,irritability,abnormal menstruation,none,none,none,none,Hypothyroidism
4319,itching,vomiting,fatigue,weight loss,high fever,yellowish skin,dark urine,abdominal pain,none,none,none,none,none,none,none,none,none,Jaundice
3851,burning micturition,bladder discomfort,foul smell of urine,continuous feel of urine,none,none,none,none,none,none,none,none,none,none,none,none,none,Urinary tract infection
2084,itching,vomiting,yellowish skin,loss of appetite,abdominal pain,yellowing of eyes,none,none,none,none,none,none,none,none,none,none,none,Chronic cholestasis
211,fatigue,yellowish skin,nausea,loss of appetite,yellowing of eyes,family history,none,none,none,none,none,none,none,none,none,none,none,Hepatitis C
216,fatigue,yellowish skin,nausea,loss of appetite,family history,none,none,none,none,none,none,none,none,none,none,none,none,Hepatitis C
1237,itching,skin rash,dischromic  patches,none,none,none,none,none,none,none,none,none,none,none,none,none,none,Fungal infection
690,constipation,pain during bowel movements,pain in anal region,bloody stool,irritation in anus,none,none,none,none,none,none,none,none,none,none,none,none,Dimorphic hemmorhoids(piles)
2482,joint pain,vomiting,fatigue,yellowish skin,dark urine,nausea,loss of appetite,abdominal pain,yellowing of eyes,none,none,none,none,none,none,none,none,Hepatitis D
1746,headache,chest pain,dizziness,loss of balance,lack of concentration,none,none,none,none,none,none,none,none,none,none,none,none,Hypertension
4917,burning micturition,bladder discomfort,foul smell of urine,continuous feel of urine,none,none,none,none,none,none,none,none,none,none,none,none,none,Urinary tract infection
3392,fatigue,cramps,bruising,obesity,swollen legs,swollen blood vessels,prominent veins on calf,none,none,none,none,none,none,none,none,none,none,Varicose veins
3110,muscle weakness,stiff neck,swelling joints,movement stiffness,painful walking,none,none,none,none,none,none,none,none,none,none,none,none,Arthritis
4806,fatigue,cough,high fever,breathlessness,family history,mucoid sputum,none,none,none,none,none,none,none,none,none,none,none,Bronchial Asthma
3670,fatigue,yellowish skin,nausea,loss of appetite,yellowing of eyes,family history,none,none,none,none,none,none,none,none,none,none,none,Hepatitis C
274,chills,cough,high fever,breathlessness,sweating,malaise,phlegm,chest pain,fast heart rate,rusty sputum,none,none,none,none,none,none,none,Pneumonia
4094,muscle weakness,stiff neck,swelling joints,movement stiffness,painful walking,none,none,none,none,none,none,none,none,none,none,none,none,Arthritis
1989,joint pain,neck pain,knee pain,hip joint pain,swelling joints,painful walking,none,none,none,none,none,none,none,none,none,none,none,Osteoarthristis
246,vomiting,yellowish skin,abdominal pain,swelling of stomach,history of alcohol consumption,fluid overload,none,none,none,none,none,none,none,none,none,none,none,Alcoholic hepatitis
772,headache,nausea,spinning movements,loss of balance,unsteadiness,none,none,none,none,none,none,none,none,none,none,none,none,(vertigo) Paroymsal  Positional Vertigo
2248,joint pain,vomiting,yellowish skin,dark urine,nausea,loss of appetite,diarrhoea,mild fever,yellowing of eyes,muscle pain,none,none,none,none,none,none,none,hepatitis A
2058,itching,skin rash,nodal skin eruptions,none,none,none,none,none,none,none,none,none,none,none,none,none,none,Fungal infection
2946,muscle weakness,stiff neck,swelling joints,movement stiffness,painful walking,none,none,none,none,none,none,none,none,none,none,none,none,Arthritis
572,itching,fatigue,lethargy,high fever,headache,loss of appetite,mild fever,swelled lymph nodes,malaise,red spots over body,none,none,none,none,none,none,none,Chicken pox
3688,skin rash,joint pain,skin peeling,silver like dusting,small dents in nails,inflammatory nails,none,none,none,none,none,none,none,none,none,none,none,Psoriasis
3116,itching,skin rash,nodal skin eruptions,dischromic  patches,none,none,none,none,none,none,none,none,none,none,none,none,none,Fungal infection
2370,fatigue,mood swings,weight loss,restlessness,sweating,diarrhoea,fast heart rate,excessive hunger,muscle weakness,irritability,abnormal menstruation,none,none,none,none,none,none,Hyperthyroidism
783,skin rash,blackheads,scurring,none,none,none,none,none,none,none,none,none,none,none,none,none,none,Acne
1737,fatigue,cough,high fever,breathlessness,family history,mucoid sputum,none,none,none,none,none,none,none,none,none,none,none,Bronchial Asthma
1628,skin rash,joint pain,skin peeling,silver like dusting,small dents in nails,inflammatory nails,none,none,none,none,none,none,none,none,none,none,none,Psoriasis
1507,chills,fatigue,cough,high fever,sweating,malaise,phlegm,chest pain,fast heart rate,rusty sputum,none,none,none,none,none,none,none,Pneumonia
4886,fatigue,weight loss,restlessness,lethargy,irregular sugar level,blurred and distorted vision,obesity,excessive hunger,increased appetite,polyuria,none,none,none,none,none,none,none,Diabetes
1439,itching,fatigue,lethargy,yellowish skin,dark urine,loss of appetite,abdominal pain,yellowing of eyes,malaise,receiving blood transfusion,receiving unsterile injections,none,none,none,none,none,none,Hepatitis B
2159,headache,chest pain,loss of balance,lack of concentration,none,none,none,none,none,none,none,none,none,none,none,none,none,Hypertension
1297,patches in throat,high fever,extra marital contacts,none,none,none,none,none,none,none,none,none,none,none,none,none,none,AIDS
996,skin rash,chills,vomiting,fatigue,high fever,headache,nausea,loss of appetite,pain behind the eyes,back pain,malaise,muscle pain,red spots over body,none,none,none,none,Dengue
4206,vomiting,yellowish skin,abdominal pain,swelling of stomach,distention of abdomen,history of alcohol consumption,fluid overload,none,none,none,none,none,none,none,none,none,none,Alcoholic hepatitis
2799,acidity,indigestion,headache,blurred and distorted vision,excessive hunger,stiff neck,depression,irritability,visual disturbances,none,none,none,none,none,none,none,none,Migraine
2155,headache,chest pain,dizziness,loss of balance,none,none,none,none,none,none,none,none,none,none,none,none,none,Hypertension
962,vomiting,fatigue,weight loss,high fever,yellowish skin,dark urine,abdominal pain,none,none,none,none,none,none,none,none,none,none,Jaundice
4112,back pain,weakness in limbs,neck pain,dizziness,loss of balance,none,none,none,none,none,none,none,none,none,none,none,none,Cervical spondylosis
1378,itching,vomiting,fatigue,weight loss,high fever,yellowish skin,abdominal pain,none,none,none,none,none,none,none,none,none,none,Jaundice
2426,skin rash,pus filled pimples,blackheads,scurring,none,none,none,none,none,none,none,none,none,none,none,none,none,Acne
4121,fatigue,yellowish skin,nausea,loss of appetite,yellowing of eyes,family history,none,none,none,none,none,none,none,none,none,none,none,Hepatitis C
2056,itching,nodal skin eruptions,dischromic  patches,none,none,none,none,none,none,none,none,none,none,none,none,none,none,Fungal infection
3987,headache,chest pain,dizziness,loss of balance,lack of concentration,none,none,none,none,none,none,none,none,none,none,none,none,Hypertension
16,continuous sneezing,chills,watering from eyes,none,none,none,none,none,none,none,none,none,none,none,none,none,none,Allergy
3876,joint pain,vomiting,fatigue,yellowish skin,dark urine,nausea,loss of appetite,abdominal pain,yellowing of eyes,none,none,none,none,none,none,none,none,Hepatitis D
3010,skin rash,chills,joint pain,vomiting,fatigue,high fever,headache,nausea,loss of appetite,pain behind the eyes,back pain,malaise,muscle pain,red spots over body,none,none,none,Dengue
4325,itching,fatigue,lethargy,yellowish skin,dark urine,loss of appetite,abdominal pain,yellow urine,yellowing of eyes,malaise,receiving blood transfusion,receiving unsterile injections,none,none,none,none,none,Hepatitis B
342,neck pain,knee pain,hip joint pain,swelling joints,painful walking,none,none,none,none,none,none,none,none,none,none,none,none,Osteoarthristis
458,itching,skin rash,stomach pain,spotting  urination,none,none,none,none,none,none,none,none,none,none,none,none,none,Drug Reaction
3372,headache,chest pain,dizziness,loss of balance,lack of concentration,none,none,none,none,none,none,none,none,none,none,none,none,Hypertension
1891,chills,vomiting,fatigue,weight loss,cough,high fever,breathlessness,sweating,loss of appetite,mild fever,yellowing of eyes,swelled lymph nodes,malaise,phlegm,chest pain,blood in sputum,none,Tuberculosis
2582,skin rash,high fever,blister,red sore around nose,yellow crust ooze,none,none,none,none,none,none,none,none,none,none,none,none,Impetigo
2543,continuous sneezing,shivering,chills,watering from eyes,none,none,none,none,none,none,none,none,none,none,none,none,none,Allergy
1127,fatigue,cramps,bruising,obesity,swollen legs,prominent veins on calf,none,none,none,none,none,none,none,none,none,none,none,Varicose veins
2475,chills,vomiting,high fever,sweating,headache,nausea,diarrhoea,muscle pain,none,none,none,none,none,none,none,none,none,Malaria
2171,back pain,weakness in limbs,neck pain,dizziness,loss of balance,none,none,none,none,none,none,none,none,none,none,none,none,Cervical spondylosis
3762,fatigue,weight gain,cold hands and feets,mood swings,lethargy,dizziness,puffy face and eyes,enlarged thyroid,brittle nails,swollen extremeties,depression,irritability,abnormal menstruation,none,none,none,none,Hypothyroidism
2169,acidity,indigestion,headache,blurred and distorted vision,excessive hunger,stiff neck,depression,irritability,none,none,none,none,none,none,none,none,none,Migraine
2062,continuous sneezing,chills,watering from eyes,none,none,none,none,none,none,none,none,none,none,none,none,none,none,Allergy
467,vomiting,indigestion,loss of appetite,abdominal pain,passage of gases,none,none,none,none,none,none,none,none,none,none,none,none,Peptic ulcer diseae
3571,itching,skin rash,stomach pain,burning micturition,spotting  urination,none,none,none,none,none,none,none,none,none,none,none,none,Drug Reaction
838,continuous sneezing,shivering,chills,none,none,none,none,none,none,none,none,none,none,none,none,none,none,Allergy
1309,fatigue,weight loss,restlessness,lethargy,irregular sugar level,blurred and distorted vision,obesity,increased appetite,polyuria,none,none,none,none,none,none,none,none,Diabetes
685,chills,fatigue,high fever,breathlessness,sweating,malaise,phlegm,chest pain,fast heart rate,rusty sputum,none,none,none,none,none,none,none,Pneumonia
3181,vomiting,yellowish skin,abdominal pain,swelling of stomach,distention of abdomen,history of alcohol consumption,fluid overload,none,none,none,none,none,none,none,none,none,none,Alcoholic hepatitis
